date,location_lat,location_lon,daily_rainfall_mm,3_day_cumulative_rain,river_level_m,rate_of_rise,elevation_m,slope_degrees,distance_to_river_km,flood_occurred,flood_depth_m
10/9/2016,6.9738,80.90566,34,63.3,2.87,0.397,2.2,0.2,0.74,0,0
10/21/2016,6.9738,80.90566,7.6,18.9,2.68,0.207,2.2,0.2,0.74,0,0
11/16/2016,6.9738,80.90566,141.2,408.5,7.35,2.3,2.2,0.2,0.74,1,3.8
11/19/2016,6.9738,80.90566,0.3,1.2,1.91,-0.182,2.2,0.2,0.74,0,0
5/21/2017,6.9738,80.90566,2.1,14.3,2.39,-0.126,2.2,0.2,0.74,0,0
5/30/2017,6.9738,80.90566,4.5,13.2,2.3,0.05,2.2,0.2,0.74,0,0
11/4/2017,6.9738,80.90566,76.7,182.5,4.7,0.983,2.2,0.2,0.74,1,2.68
11/7/2017,6.9738,80.90566,20.5,49.8,1.94,0.173,2.2,0.2,0.74,0,0
11/12/2017,6.9738,80.90566,43,95.2,3.26,0.487,2.2,0.2,0.74,1,0.99
11/25/2017,6.9738,80.90566,3,8.8,1.43,-0.007,2.2,0.2,0.74,0,0
12/1/2017,6.9738,80.90566,4.8,21.2,2.36,0.14,2.2,0.2,0.74,0,0
5/11/2018,6.9738,80.90566,37.7,111,4.15,0.527,2.2,0.2,0.74,1,1.43
10/5/2018,6.9738,80.90566,10.1,26.8,2.11,-0.051,2.2,0.2,0.74,0,0
12/12/2018,6.9738,80.90566,107.2,258.9,4.71,1.447,2.2,0.2,0.74,1,2.69
12/16/2018,6.9738,80.90566,2,6.2,2.44,-0.198,2.2,0.2,0.74,0,0
12/24/2018,6.9738,80.90566,57.7,180.6,4.82,1.03,2.2,0.2,0.74,1,2.35
10/6/2019,6.9738,80.90566,45,118.7,3.16,0.541,2.2,0.2,0.74,0,0
10/26/2019,6.9738,80.90566,6.9,18.8,2.18,0.252,2.2,0.2,0.74,0,0
10/29/2019,6.9738,80.90566,0,4,2.81,-0.3,2.2,0.2,0.74,0,0
11/29/2019,6.9738,80.90566,0.2,6.4,1.52,-0.245,2.2,0.2,0.74,0,0
11/30/2019,6.9738,80.90566,39.2,87.1,2.2,0.383,2.2,0.2,0.74,0,0
10/4/2020,6.9738,80.90566,34,77.2,3,0.438,2.2,0.2,0.74,0,0
11/2/2020,6.9738,80.90566,59.6,134.6,3.34,0.704,2.2,0.2,0.74,1,1.56
12/12/2020,6.9738,80.90566,0.7,4.7,2.18,0.096,2.2,0.2,0.74,0,0
5/9/2021,6.9738,80.90566,121.2,353.3,6.55,1.93,2.2,0.2,0.74,1,3.54
10/2/2021,6.9738,80.90566,56.5,119.5,3.46,0.557,2.2,0.2,0.74,0,0
10/26/2021,6.9738,80.90566,9.6,22.9,2.91,-0.089,2.2,0.2,0.74,0,0
12/24/2021,6.9738,80.90566,24.6,50.1,2.55,0.089,2.2,0.2,0.74,0,0
5/28/2022,6.9738,80.90566,0,19.9,2.54,-0.021,2.2,0.2,0.74,0,0
10/3/2022,6.9738,80.90566,2.7,14,2.16,-0.031,2.2,0.2,0.74,0,0
10/19/2022,6.9738,80.90566,0.9,3.6,2.03,0.002,2.2,0.2,0.74,0,0
10/31/2022,6.9738,80.90566,0.1,4.1,2.2,-0.102,2.2,0.2,0.74,0,0
11/1/2022,6.9738,80.90566,5.5,17.6,1.87,-0.176,2.2,0.2,0.74,0,0
11/11/2022,6.9738,80.90566,0.2,3.9,1.44,-0.018,2.2,0.2,0.74,0,0
11/13/2022,6.9738,80.90566,55.9,128.9,3.94,0.458,2.2,0.2,0.74,1,2.24
11/26/2022,6.9738,80.90566,7.1,27.2,2.64,-0.172,2.2,0.2,0.74,0,0
5/15/2023,6.9738,80.90566,2.1,12.1,2.5,0.117,2.2,0.2,0.74,0,0
5/26/2023,6.9738,80.90566,49.2,138.4,3.52,0.713,2.2,0.2,0.74,1,1.68
11/6/2023,6.9738,80.90566,125.3,246.1,5,1.644,2.2,0.2,0.74,1,2.62
11/21/2023,6.9738,80.90566,0.9,16.6,2.16,-0.154,2.2,0.2,0.74,0,0
11/26/2023,6.9738,80.90566,40.1,78.2,2.82,0.208,2.2,0.2,0.74,0,0
5/11/2024,6.9738,80.90566,4.5,12.8,1.46,-0.098,2.2,0.2,0.74,0,0
5/12/2024,6.9738,80.90566,1.4,7.8,2.85,-0.103,2.2,0.2,0.74,0,0
11/8/2024,6.9738,80.90566,7.3,22.9,2.42,0.158,2.2,0.2,0.74,0,0
12/15/2024,6.9738,80.90566,3.4,15.7,2.48,-0.14,2.2,0.2,0.74,0,0
10/9/2016,8.47186,79.90145,110.2,293.7,4.96,1.757,49.5,16.18,0.07,1,2.31
10/21/2016,8.47186,79.90145,0.2,0.9,1.27,-0.287,49.5,16.18,0.07,0,0
11/16/2016,8.47186,79.90145,0.5,7.4,1.53,0.041,49.5,16.18,0.07,0,0
11/19/2016,8.47186,79.90145,10.6,26.4,1.89,0.115,49.5,16.18,0.07,0,0
5/21/2017,8.47186,79.90145,6,19.3,1.92,0.003,49.5,16.18,0.07,0,0
5/30/2017,8.47186,79.90145,7.1,17,1.65,-0.099,49.5,16.18,0.07,0,0
11/4/2017,8.47186,79.90145,1.1,2.5,1.3,-0.283,49.5,16.18,0.07,0,0
11/7/2017,8.47186,79.90145,7.4,21,1.63,0.021,49.5,16.18,0.07,0,0
11/12/2017,8.47186,79.90145,1.1,3.5,1.75,-0.226,49.5,16.18,0.07,0,0
11/25/2017,8.47186,79.90145,2.6,8.6,1.23,0.054,49.5,16.18,0.07,0,0
12/1/2017,8.47186,79.90145,85,261.6,4.97,1.326,49.5,16.18,0.07,1,2.06
5/11/2018,8.47186,79.90145,50.7,132.3,3.56,0.537,49.5,16.18,0.07,0,0
10/5/2018,8.47186,79.90145,0.3,6.6,1.18,-0.254,49.5,16.18,0.07,0,0
12/12/2018,8.47186,79.90145,20.4,53.8,2.3,0.087,49.5,16.18,0.07,0,0
12/16/2018,8.47186,79.90145,6,14.3,1.43,0.134,49.5,16.18,0.07,0,0
12/24/2018,8.47186,79.90145,56.7,127.3,2.34,0.941,49.5,16.18,0.07,0,0
10/6/2019,8.47186,79.90145,1.4,4.4,1.64,0.116,49.5,16.18,0.07,0,0
10/26/2019,8.47186,79.90145,1.2,3.4,1.66,-0.04,49.5,16.18,0.07,0,0
10/29/2019,8.47186,79.90145,0.4,20.3,1.75,-0.19,49.5,16.18,0.07,0,0
11/29/2019,8.47186,79.90145,1.2,6.2,1.89,0.165,49.5,16.18,0.07,0,0
11/30/2019,8.47186,79.90145,0.7,4.9,1.5,-0.328,49.5,16.18,0.07,0,0
10/4/2020,8.47186,79.90145,3.8,16.6,1.56,-0.048,49.5,16.18,0.07,0,0
11/2/2020,8.47186,79.90145,13.3,34.3,2.04,0.076,49.5,16.18,0.07,0,0
12/12/2020,8.47186,79.90145,1.7,10.4,1.72,-0.037,49.5,16.18,0.07,0,0
5/9/2021,8.47186,79.90145,0.3,10.8,1.76,-0.168,49.5,16.18,0.07,0,0
10/2/2021,8.47186,79.90145,1.2,6.8,1.27,-0.097,49.5,16.18,0.07,0,0
10/26/2021,8.47186,79.90145,0.3,3.4,1.49,-0.007,49.5,16.18,0.07,0,0
12/24/2021,8.47186,79.90145,25.1,63.9,2.17,0.185,49.5,16.18,0.07,0,0
5/28/2022,8.47186,79.90145,8.4,18.1,1.81,-0.023,49.5,16.18,0.07,0,0
10/3/2022,8.47186,79.90145,72,164.4,3.57,0.825,49.5,16.18,0.07,0,0
10/19/2022,8.47186,79.90145,10.3,20.6,1.54,0.101,49.5,16.18,0.07,0,0
10/31/2022,8.47186,79.90145,5.7,13.7,1.2,-0.004,49.5,16.18,0.07,0,0
11/1/2022,8.47186,79.90145,49,131,2.83,0.63,49.5,16.18,0.07,0,0
11/11/2022,8.47186,79.90145,148.4,392.3,5.93,2.281,49.5,16.18,0.07,1,3.19
11/13/2022,8.47186,79.90145,0.2,0.6,1.21,0.156,49.5,16.18,0.07,0,0
11/26/2022,8.47186,79.90145,42,96,2.69,0.356,49.5,16.18,0.07,0,0
5/15/2023,8.47186,79.90145,8.5,22.7,1.34,-0.108,49.5,16.18,0.07,0,0
5/26/2023,8.47186,79.90145,1.3,3.7,1.39,-0.084,49.5,16.18,0.07,0,0
11/6/2023,8.47186,79.90145,1,3.4,1.25,-0.019,49.5,16.18,0.07,0,0
11/21/2023,8.47186,79.90145,6.3,13.3,1.15,-0.228,49.5,16.18,0.07,0,0
11/26/2023,8.47186,79.90145,13.7,30.9,2.17,-0.152,49.5,16.18,0.07,0,0
5/11/2024,8.47186,79.90145,0.9,3.3,1.88,-0.524,49.5,16.18,0.07,0,0
5/12/2024,8.47186,79.90145,8.4,29.3,1.53,0.023,49.5,16.18,0.07,0,0
11/8/2024,8.47186,79.90145,2.4,11.3,1.8,-0.059,49.5,16.18,0.07,0,0
12/15/2024,8.47186,79.90145,30.1,61.3,2.44,0.202,49.5,16.18,0.07,0,0
10/9/2016,7.90318,80.04093,5.2,20.1,0.9,0.009,17.8,1.69,5.71,0,0
10/21/2016,7.90318,80.04093,14.2,38.3,0.27,0.184,17.8,1.69,5.71,0,0
11/16/2016,7.90318,80.04093,0.4,6.6,0.54,-0.057,17.8,1.69,5.71,0,0
11/19/2016,7.90318,80.04093,1.7,7.7,0.98,-0.357,17.8,1.69,5.71,0,0
5/21/2017,7.90318,80.04093,5.7,17.5,0.24,-0.1,17.8,1.69,5.71,0,0
5/30/2017,7.90318,80.04093,9.5,30.3,1.01,-0.004,17.8,1.69,5.71,0,0
11/4/2017,7.90318,80.04093,0,2.2,0.42,-0.1,17.8,1.69,5.71,0,0
11/7/2017,7.90318,80.04093,114.7,316.6,4.4,1.701,17.8,1.69,5.71,1,2.14
11/12/2017,7.90318,80.04093,0,20.6,0.16,0.157,17.8,1.69,5.71,0,0
11/25/2017,7.90318,80.04093,0.3,5.5,0.27,-0.256,17.8,1.69,5.71,0,0
12/1/2017,7.90318,80.04093,0.1,3,0.48,-0.096,17.8,1.69,5.71,0,0
5/11/2018,7.90318,80.04093,10.9,33.1,1.01,0.065,17.8,1.69,5.71,0,0
10/5/2018,7.90318,80.04093,6.4,17.4,1.41,-0.172,17.8,1.69,5.71,0,0
12/12/2018,7.90318,80.04093,6.2,17.1,1.09,-0.102,17.8,1.69,5.71,0,0
12/16/2018,7.90318,80.04093,0.5,4.8,0.41,-0.064,17.8,1.69,5.71,0,0
12/24/2018,7.90318,80.04093,111,220.5,3.3,1.308,17.8,1.69,5.71,0,0
10/6/2019,7.90318,80.04093,3.9,40.6,0.88,0.152,17.8,1.69,5.71,0,0
10/26/2019,7.90318,80.04093,0,17.4,0.47,-0.102,17.8,1.69,5.71,0,0
10/29/2019,7.90318,80.04093,113.4,327.5,4.35,1.783,17.8,1.69,5.71,1,2.61
11/29/2019,7.90318,80.04093,0.5,5.8,0.41,-0.14,17.8,1.69,5.71,0,0
11/30/2019,7.90318,80.04093,73.7,186.1,2.25,0.938,17.8,1.69,5.71,0,0
10/4/2020,7.90318,80.04093,99,208.5,3.7,1.461,17.8,1.69,5.71,1,1.77
11/2/2020,7.90318,80.04093,201.5,510.7,6.3,2.3,17.8,1.69,5.71,1,3.46
12/12/2020,7.90318,80.04093,0,0.5,0.1,0.065,17.8,1.69,5.71,0,0
5/9/2021,7.90318,80.04093,0.2,0.5,0.43,-0.168,17.8,1.69,5.71,0,0
10/2/2021,7.90318,80.04093,29,80,0.95,0.252,17.8,1.69,5.71,1,0.29
10/26/2021,7.90318,80.04093,4.8,12.8,1.01,-0.107,17.8,1.69,5.71,0,0
12/24/2021,7.90318,80.04093,2.7,6.4,0.57,0.008,17.8,1.69,5.71,0,0
5/28/2022,7.90318,80.04093,88.9,234.7,3.74,1.22,17.8,1.69,5.71,0,0
10/3/2022,7.90318,80.04093,1.8,5.1,1.1,-0.181,17.8,1.69,5.71,0,0
10/19/2022,7.90318,80.04093,0.2,2.8,0.27,-0.259,17.8,1.69,5.71,0,0
10/31/2022,7.90318,80.04093,28.9,79.6,1.05,0.394,17.8,1.69,5.71,0,0
11/1/2022,7.90318,80.04093,8.6,27.3,0.92,0.004,17.8,1.69,5.71,0,0
11/11/2022,7.90318,80.04093,0.5,10.9,1.02,-0.111,17.8,1.69,5.71,0,0
11/13/2022,7.90318,80.04093,11.7,32.6,1.12,0.176,17.8,1.69,5.71,0,0
11/26/2022,7.90318,80.04093,1,2.9,0.28,-0.061,17.8,1.69,5.71,0,0
5/15/2023,7.90318,80.04093,2.4,6.9,0.74,-0.048,17.8,1.69,5.71,0,0
5/26/2023,7.90318,80.04093,0.8,8.1,0.64,-0.038,17.8,1.69,5.71,0,0
11/6/2023,7.90318,80.04093,0.7,4.4,0.38,-0.174,17.8,1.69,5.71,0,0
11/21/2023,7.90318,80.04093,18.5,42.2,0.92,0.117,17.8,1.69,5.71,0,0
11/26/2023,7.90318,80.04093,70.6,185.7,3.8,1.122,17.8,1.69,5.71,1,1.78
5/11/2024,7.90318,80.04093,2,6.4,0.38,-0.042,17.8,1.69,5.71,0,0
5/12/2024,7.90318,80.04093,11,25.4,1.04,0.1,17.8,1.69,5.71,0,0
11/8/2024,7.90318,80.04093,4.7,20.1,1.28,0.016,17.8,1.69,5.71,0,0
12/15/2024,7.90318,80.04093,14.7,45,0.64,0.26,17.8,1.69,5.71,0,0
10/9/2016,7.55651,81.3674,0.2,1.4,2.79,-0.088,35.3,2.38,0.06,0,0
10/21/2016,7.55651,81.3674,83.9,186.1,5.03,1.061,35.3,2.38,0.06,1,2.3
11/16/2016,7.55651,81.3674,20.7,48.5,3.74,0.18,35.3,2.38,0.06,0,0
11/19/2016,7.55651,81.3674,54.8,112.9,4.02,0.652,35.3,2.38,0.06,0,0
5/21/2017,7.55651,81.3674,4.4,10.1,2.74,-0.264,35.3,2.38,0.06,0,0
5/30/2017,7.55651,81.3674,154.8,399.8,7.6,2.3,35.3,2.38,0.06,1,3.55
11/4/2017,7.55651,81.3674,0.7,12.4,3.07,-0.205,35.3,2.38,0.06,0,0
11/7/2017,7.55651,81.3674,1.5,6.6,3.23,-0.116,35.3,2.38,0.06,0,0
11/12/2017,7.55651,81.3674,0,24.9,3.43,-0.113,35.3,2.38,0.06,0,0
11/25/2017,7.55651,81.3674,91.9,221.1,5.62,1.181,35.3,2.38,0.06,1,2.86
12/1/2017,7.55651,81.3674,0.6,3.1,3.02,-0.063,35.3,2.38,0.06,0,0
5/11/2018,7.55651,81.3674,1.8,9.5,3.05,-0.079,35.3,2.38,0.06,0,0
10/5/2018,7.55651,81.3674,3.5,22.5,2.87,0.29,35.3,2.38,0.06,0,0
12/12/2018,7.55651,81.3674,1.7,7.4,2.63,-0.016,35.3,2.38,0.06,0,0
12/16/2018,7.55651,81.3674,3.1,8.8,2.94,-0.024,35.3,2.38,0.06,0,0
12/24/2018,7.55651,81.3674,117,272.5,6.03,1.656,35.3,2.38,0.06,1,2.68
10/6/2019,7.55651,81.3674,9,23.7,3.6,0.003,35.3,2.38,0.06,0,0
10/26/2019,7.55651,81.3674,0.8,16.9,2.96,0.056,35.3,2.38,0.06,0,0
10/29/2019,7.55651,81.3674,1.7,17.2,3.89,-0.076,35.3,2.38,0.06,0,0
11/29/2019,7.55651,81.3674,135.6,427.9,7.49,2.3,35.3,2.38,0.06,1,3.8
11/30/2019,7.55651,81.3674,28.1,80.3,2.97,0.522,35.3,2.38,0.06,0,0
10/4/2020,7.55651,81.3674,2.4,8.1,2.78,-0.282,35.3,2.38,0.06,0,0
11/2/2020,7.55651,81.3674,1.8,5.3,2.84,-0.026,35.3,2.38,0.06,0,0
12/12/2020,7.55651,81.3674,0.3,15.5,3.21,-0.156,35.3,2.38,0.06,0,0
5/9/2021,7.55651,81.3674,5.5,12.5,3.23,0.262,35.3,2.38,0.06,0,0
10/2/2021,7.55651,81.3674,4.3,15.5,2.79,-0.156,35.3,2.38,0.06,0,0
10/26/2021,7.55651,81.3674,4.3,8.8,3.04,-0.179,35.3,2.38,0.06,0,0
12/24/2021,7.55651,81.3674,5.2,13.8,2.72,0.038,35.3,2.38,0.06,0,0
5/28/2022,7.55651,81.3674,5.3,12.2,3.44,-0.197,35.3,2.38,0.06,0,0
10/3/2022,7.55651,81.3674,0,2.6,2.45,0.025,35.3,2.38,0.06,0,0
10/19/2022,7.55651,81.3674,52.4,122.4,5.1,0.621,35.3,2.38,0.06,0,0
10/31/2022,7.55651,81.3674,11.3,30.9,3.44,-0.039,35.3,2.38,0.06,0,0
11/1/2022,7.55651,81.3674,4.2,11.2,3.69,0.175,35.3,2.38,0.06,0,0
11/11/2022,7.55651,81.3674,4.1,10.3,3.13,0.046,35.3,2.38,0.06,0,0
11/13/2022,7.55651,81.3674,3.1,7,2.63,-0.036,35.3,2.38,0.06,0,0
11/26/2022,7.55651,81.3674,13.6,38.6,4.23,0.061,35.3,2.38,0.06,0,0
5/15/2023,7.55651,81.3674,163.6,397.4,8.24,2.3,35.3,2.38,0.06,1,3.34
5/26/2023,7.55651,81.3674,1.5,4.7,3.11,-0.283,35.3,2.38,0.06,0,0
11/6/2023,7.55651,81.3674,3.9,11,3.36,0.134,35.3,2.38,0.06,0,0
11/21/2023,7.55651,81.3674,3.2,8.4,3.43,0.026,35.3,2.38,0.06,0,0
11/26/2023,7.55651,81.3674,0.2,10,2.46,-0.168,35.3,2.38,0.06,0,0
5/11/2024,7.55651,81.3674,0.3,11.1,2.71,0.032,35.3,2.38,0.06,0,0
5/12/2024,7.55651,81.3674,98.9,243.9,6.05,1.399,35.3,2.38,0.06,1,2.5
11/8/2024,7.55651,81.3674,2.4,7.8,3,-0.008,35.3,2.38,0.06,0,0
12/15/2024,7.55651,81.3674,121.2,303.4,6.39,1.914,35.3,2.38,0.06,1,2.93
10/9/2016,6.40565,80.84157,12.6,24.6,2.24,-0.067,8.2,0.16,5.82,0,0
10/21/2016,6.40565,80.84157,7.9,26.1,2.11,-0.005,8.2,0.16,5.82,0,0
11/16/2016,6.40565,80.84157,1.9,7.2,2.36,0.041,8.2,0.16,5.82,0,0
11/19/2016,6.40565,80.84157,0.1,4.4,2.29,0.007,8.2,0.16,5.82,0,0
5/21/2017,6.40565,80.84157,10,23.8,2.23,-0.018,8.2,0.16,5.82,0,0
5/30/2017,6.40565,80.84157,0.1,4.6,1.72,-0.097,8.2,0.16,5.82,0,0
11/4/2017,6.40565,80.84157,10.6,37.2,2.12,-0.019,8.2,0.16,5.82,0,0
11/7/2017,6.40565,80.84157,0.5,3.2,2.1,-0.141,8.2,0.16,5.82,0,0
11/12/2017,6.40565,80.84157,1.8,23.8,2.35,-0.063,8.2,0.16,5.82,0,0
11/25/2017,6.40565,80.84157,6.3,14.3,2.3,-0.31,8.2,0.16,5.82,0,0
12/1/2017,6.40565,80.84157,1.4,7.7,1.47,-0.094,8.2,0.16,5.82,0,0
5/11/2018,6.40565,80.84157,2.2,6,1.46,-0.047,8.2,0.16,5.82,0,0
10/5/2018,6.40565,80.84157,6.3,17.4,1.95,0.002,8.2,0.16,5.82,0,0
12/12/2018,6.40565,80.84157,36.9,107,2.99,0.446,8.2,0.16,5.82,0,0
12/16/2018,6.40565,80.84157,1.3,6.7,2.03,-0.036,8.2,0.16,5.82,0,0
12/24/2018,6.40565,80.84157,9.7,24.2,2.17,-0.005,8.2,0.16,5.82,0,0
10/6/2019,6.40565,80.84157,9.4,24.4,1.98,0.069,8.2,0.16,5.82,0,0
10/26/2019,6.40565,80.84157,0.3,5.6,1.08,-0.297,8.2,0.16,5.82,0,0
10/29/2019,6.40565,80.84157,0.5,5.9,1.09,-0.058,8.2,0.16,5.82,0,0
11/29/2019,6.40565,80.84157,101.3,259.3,4.51,1.444,8.2,0.16,5.82,1,2.58
11/30/2019,6.40565,80.84157,16.6,55.9,2.23,0.051,8.2,0.16,5.82,0,0
10/4/2020,6.40565,80.84157,42.3,104,3.49,0.678,8.2,0.16,5.82,0,0
11/2/2020,6.40565,80.84157,128.6,272.3,4.86,1.745,8.2,0.16,5.82,1,2.55
12/12/2020,6.40565,80.84157,0.2,5.7,2,-0.12,8.2,0.16,5.82,0,0
5/9/2021,6.40565,80.84157,1.2,7.2,2.08,-0.166,8.2,0.16,5.82,0,0
10/2/2021,6.40565,80.84157,119.7,374.8,6.11,1.997,8.2,0.16,5.82,1,3.71
10/26/2021,6.40565,80.84157,0.1,7.2,1.75,-0.081,8.2,0.16,5.82,0,0
12/24/2021,6.40565,80.84157,28,77.5,2.42,0.599,8.2,0.16,5.82,0,0
5/28/2022,6.40565,80.84157,2.4,5,1.57,-0.027,8.2,0.16,5.82,0,0
10/3/2022,6.40565,80.84157,0.6,4.9,1.18,-0.291,8.2,0.16,5.82,0,0
10/19/2022,6.40565,80.84157,1.1,5.7,2.11,-0.094,8.2,0.16,5.82,0,0
10/31/2022,6.40565,80.84157,5,16.8,2.4,-0.081,8.2,0.16,5.82,0,0
11/1/2022,6.40565,80.84157,97.1,262.4,4.36,1.412,8.2,0.16,5.82,1,2.37
11/11/2022,6.40565,80.84157,0.5,4.4,1.32,-0.222,8.2,0.16,5.82,0,0
11/13/2022,6.40565,80.84157,77.1,197.3,4.5,1.113,8.2,0.16,5.82,0,0
11/26/2022,6.40565,80.84157,3,6.4,1.47,-0.006,8.2,0.16,5.82,0,0
5/15/2023,6.40565,80.84157,0.2,25.3,1.57,-0.17,8.2,0.16,5.82,0,0
5/26/2023,6.40565,80.84157,98.5,230.9,4.37,1.406,8.2,0.16,5.82,0,0
11/6/2023,6.40565,80.84157,5.6,14.9,1.76,0.05,8.2,0.16,5.82,0,0
11/21/2023,6.40565,80.84157,1,13.8,2.05,-0.001,8.2,0.16,5.82,0,0
11/26/2023,6.40565,80.84157,1.8,7.2,1.94,-0.088,8.2,0.16,5.82,0,0
5/11/2024,6.40565,80.84157,0.2,4.9,0.65,-0.069,8.2,0.16,5.82,0,0
5/12/2024,6.40565,80.84157,41.4,87,2.36,0.483,8.2,0.16,5.82,0,0
11/8/2024,6.40565,80.84157,0.2,14.3,2.18,-0.046,8.2,0.16,5.82,0,0
12/15/2024,6.40565,80.84157,3.2,13.7,1.57,-0.208,8.2,0.16,5.82,0,0
10/9/2016,6.40559,79.76655,5.9,18.5,0.97,-0.08,45.5,3.82,2.11,0,0
10/21/2016,6.40559,79.76655,0,4.8,0.69,-0.329,45.5,3.82,2.11,0,0
11/16/2016,6.40559,79.76655,27.5,84.1,1.11,0.414,45.5,3.82,2.11,0,0
11/19/2016,6.40559,79.76655,6.1,16.5,0.49,0.009,45.5,3.82,2.11,0,0
5/21/2017,6.40559,79.76655,0.9,6.4,0.5,-0.015,45.5,3.82,2.11,0,0
5/30/2017,6.40559,79.76655,78.3,218.8,2.92,0.986,45.5,3.82,2.11,0,0
11/4/2017,6.40559,79.76655,1.7,3.8,0.78,-0.463,45.5,3.82,2.11,0,0
11/7/2017,6.40559,79.76655,15.7,44.1,1.2,0.107,45.5,3.82,2.11,0,0
11/12/2017,6.40559,79.76655,73,140.4,2.05,0.927,45.5,3.82,2.11,0,0
11/25/2017,6.40559,79.76655,1.8,11.2,0.8,-0.258,45.5,3.82,2.11,0,0
12/1/2017,6.40559,79.76655,59.3,170.3,2.01,0.697,45.5,3.82,2.11,0,0
5/11/2018,6.40559,79.76655,7.8,22,0.65,0.01,45.5,3.82,2.11,0,0
10/5/2018,6.40559,79.76655,0,1.5,0.45,-0.066,45.5,3.82,2.11,0,0
12/12/2018,6.40559,79.76655,0.8,4.8,1.06,-0.105,45.5,3.82,2.11,0,0
12/16/2018,6.40559,79.76655,0.9,6.5,0.71,0.046,45.5,3.82,2.11,0,0
12/24/2018,6.40559,79.76655,0,2.4,0.87,-0.26,45.5,3.82,2.11,0,0
10/6/2019,6.40559,79.76655,0.5,18.5,0.32,0.05,45.5,3.82,2.11,0,0
10/26/2019,6.40559,79.76655,6.3,17.6,0.69,0.013,45.5,3.82,2.11,0,0
10/29/2019,6.40559,79.76655,0,1.4,0.22,-0.142,45.5,3.82,2.11,0,0
11/29/2019,6.40559,79.76655,2.4,5.6,0.78,0.022,45.5,3.82,2.11,0,0
11/30/2019,6.40559,79.76655,3.8,14,0.55,-0.099,45.5,3.82,2.11,0,0
10/4/2020,6.40559,79.76655,1,10.8,0.86,-0.091,45.5,3.82,2.11,0,0
11/2/2020,6.40559,79.76655,2.4,8.4,0.44,-0.244,45.5,3.82,2.11,0,0
12/12/2020,6.40559,79.76655,0,10.9,0.74,0.067,45.5,3.82,2.11,0,0
5/9/2021,6.40559,79.76655,1.1,2.9,0.28,-0.205,45.5,3.82,2.11,0,0
10/2/2021,6.40559,79.76655,49.8,134,2.02,0.786,45.5,3.82,2.11,0,0
10/26/2021,6.40559,79.76655,7.9,14.4,0.61,-0.116,45.5,3.82,2.11,0,0
12/24/2021,6.40559,79.76655,4.8,13.4,0.91,-0.111,45.5,3.82,2.11,0,0
5/28/2022,6.40559,79.76655,1.4,7,0.63,-0.122,45.5,3.82,2.11,0,0
10/3/2022,6.40559,79.76655,0.7,4.4,0.58,-0.142,45.5,3.82,2.11,0,0
10/19/2022,6.40559,79.76655,0,0.8,0.28,-0.077,45.5,3.82,2.11,0,0
10/31/2022,6.40559,79.76655,2.6,7.4,0.58,-0.011,45.5,3.82,2.11,0,0
11/1/2022,6.40559,79.76655,2.9,7.5,0.54,-0.109,45.5,3.82,2.11,0,0
11/11/2022,6.40559,79.76655,72,132.5,2.18,1.068,45.5,3.82,2.11,0,0
11/13/2022,6.40559,79.76655,11.1,24,0.24,-0.009,45.5,3.82,2.11,0,0
11/26/2022,6.40559,79.76655,0.1,2.7,0.37,0.004,45.5,3.82,2.11,0,0
5/15/2023,6.40559,79.76655,12.2,31.2,1.34,0.057,45.5,3.82,2.11,0,0
5/26/2023,6.40559,79.76655,0.2,1.2,0.05,-0.206,45.5,3.82,2.11,0,0
11/6/2023,6.40559,79.76655,4.2,11.7,0.42,-0.122,45.5,3.82,2.11,0,0
11/21/2023,6.40559,79.76655,53.1,108.8,2.06,0.688,45.5,3.82,2.11,0,0
11/26/2023,6.40559,79.76655,79.2,241.8,3.65,1.406,45.5,3.82,2.11,1,1.97
5/11/2024,6.40559,79.76655,3,9.6,0.68,0.102,45.5,3.82,2.11,0,0
5/12/2024,6.40559,79.76655,2.6,6,0.74,0.038,45.5,3.82,2.11,0,0
11/8/2024,6.40559,79.76655,0,1.1,0.61,-0.203,45.5,3.82,2.11,0,0
12/15/2024,6.40559,79.76655,1.5,13.6,0.89,-0.255,45.5,3.82,2.11,0,0
10/9/2016,6.15102,79.93265,26.2,55.1,1.31,0.309,25.6,0.59,7.83,0,0
10/21/2016,6.15102,79.93265,10.9,29.8,0.84,-0.022,25.6,0.59,7.83,0,0
11/16/2016,6.15102,79.93265,55.4,150.5,2.24,0.818,25.6,0.59,7.83,0,0
11/19/2016,6.15102,79.93265,3.7,25.7,1.03,0.209,25.6,0.59,7.83,0,0
5/21/2017,6.15102,79.93265,1.9,7.3,0.98,-0.235,25.6,0.59,7.83,0,0
5/30/2017,6.15102,79.93265,0.9,5.9,0.65,-0.078,25.6,0.59,7.83,0,0
11/4/2017,6.15102,79.93265,15.5,47.7,0.7,-0.003,25.6,0.59,7.83,0,0
11/7/2017,6.15102,79.93265,12,27,0.58,0.235,25.6,0.59,7.83,0,0
11/12/2017,6.15102,79.93265,173.4,414.3,5.53,2.3,25.6,0.59,7.83,1,2.78
11/25/2017,6.15102,79.93265,0.4,1.9,0.84,-0.152,25.6,0.59,7.83,0,0
12/1/2017,6.15102,79.93265,5.1,13.9,0.21,0.067,25.6,0.59,7.83,0,0
5/11/2018,6.15102,79.93265,77.4,193.5,2.87,1.309,25.6,0.59,7.83,0,0
10/5/2018,6.15102,79.93265,44.1,112.1,1.6,0.554,25.6,0.59,7.83,0,0
12/12/2018,6.15102,79.93265,75.4,183.5,2.69,1.205,25.6,0.59,7.83,0,0
12/16/2018,6.15102,79.93265,0.2,5.4,0.35,-0.079,25.6,0.59,7.83,0,0
12/24/2018,6.15102,79.93265,10.9,30.4,0.81,0.058,25.6,0.59,7.83,0,0
10/6/2019,6.15102,79.93265,14.3,34.7,0.57,-0.008,25.6,0.59,7.83,0,0
10/26/2019,6.15102,79.93265,1.6,5.5,1.2,-0.409,25.6,0.59,7.83,0,0
10/29/2019,6.15102,79.93265,88.9,256,3.63,1.76,25.6,0.59,7.83,1,2.09
11/29/2019,6.15102,79.93265,0.1,3.3,0.47,-0.081,25.6,0.59,7.83,0,0
11/30/2019,6.15102,79.93265,2.8,8.3,0.44,-0.189,25.6,0.59,7.83,0,0
10/4/2020,6.15102,79.93265,9.6,26.8,1.72,-0.07,25.6,0.59,7.83,0,0
11/2/2020,6.15102,79.93265,85.1,253.6,3.66,1.464,25.6,0.59,7.83,0,0
12/12/2020,6.15102,79.93265,50.5,137.1,2.62,0.656,25.6,0.59,7.83,0,0
5/9/2021,6.15102,79.93265,0.7,7,0.55,-0.184,25.6,0.59,7.83,0,0
10/2/2021,6.15102,79.93265,4.4,13.7,0.62,0.049,25.6,0.59,7.83,0,0
10/26/2021,6.15102,79.93265,0.7,6.5,0.25,-0.128,25.6,0.59,7.83,0,0
12/24/2021,6.15102,79.93265,3.7,10.3,0.68,-0.143,25.6,0.59,7.83,0,0
5/28/2022,6.15102,79.93265,0.1,3,0.74,-0.155,25.6,0.59,7.83,0,0
10/3/2022,6.15102,79.93265,1.3,4,0.05,-0.158,25.6,0.59,7.83,0,0
10/19/2022,6.15102,79.93265,3.7,12.5,0.7,-0.236,25.6,0.59,7.83,0,0
10/31/2022,6.15102,79.93265,0,3.6,0.64,-0.159,25.6,0.59,7.83,0,0
11/1/2022,6.15102,79.93265,0.4,3.7,0.05,-0.003,25.6,0.59,7.83,0,0
11/11/2022,6.15102,79.93265,61.6,145.2,2.25,0.777,25.6,0.59,7.83,0,0
11/13/2022,6.15102,79.93265,121.7,332.5,4.69,1.832,25.6,0.59,7.83,1,2.61
11/26/2022,6.15102,79.93265,26.1,68.8,1.09,0.436,25.6,0.59,7.83,0,0
5/15/2023,6.15102,79.93265,43.2,126.9,2.43,0.465,25.6,0.59,7.83,0,0
5/26/2023,6.15102,79.93265,0,1.8,0.83,-0.138,25.6,0.59,7.83,0,0
11/6/2023,6.15102,79.93265,5.7,15.2,0.05,0.036,25.6,0.59,7.83,0,0
11/21/2023,6.15102,79.93265,0,1.4,0.55,-0.198,25.6,0.59,7.83,0,0
11/26/2023,6.15102,79.93265,1.9,4.4,0.42,-0.127,25.6,0.59,7.83,0,0
5/11/2024,6.15102,79.93265,0.1,0.8,1.14,-0.148,25.6,0.59,7.83,0,0
5/12/2024,6.15102,79.93265,4.2,9.8,0.28,0.053,25.6,0.59,7.83,0,0
11/8/2024,6.15102,79.93265,7,15.5,0.65,-0.14,25.6,0.59,7.83,0,0
12/15/2024,6.15102,79.93265,0.1,0.2,0.24,-0.286,25.6,0.59,7.83,0,0
10/9/2016,8.25206,80.9443,0.6,1.5,2.44,-0.181,3.5,5.12,4.49,0,0
10/21/2016,8.25206,80.9443,9.3,25.4,2.35,0.022,3.5,5.12,4.49,0,0
11/16/2016,8.25206,80.9443,5.6,23.8,2.42,0.096,3.5,5.12,4.49,0,0
11/19/2016,8.25206,80.9443,45.5,118.4,4.55,0.48,3.5,5.12,4.49,0,0
5/21/2017,8.25206,80.9443,5.4,15.2,2.26,0.217,3.5,5.12,4.49,0,0
5/30/2017,8.25206,80.9443,0,4,3.11,-0.312,3.5,5.12,4.49,0,0
11/4/2017,8.25206,80.9443,6.3,20.3,2.43,-0.254,3.5,5.12,4.49,0,0
11/7/2017,8.25206,80.9443,80.4,156.5,3.9,0.838,3.5,5.12,4.49,0,0
11/12/2017,8.25206,80.9443,0.2,1.4,1.68,-0.282,3.5,5.12,4.49,0,0
11/25/2017,8.25206,80.9443,1.3,7.6,3.17,-0.132,3.5,5.12,4.49,0,0
12/1/2017,8.25206,80.9443,88.2,182.3,4.72,1.079,3.5,5.12,4.49,1,2.01
5/11/2018,8.25206,80.9443,1,15.4,2.41,0.022,3.5,5.12,4.49,0,0
10/5/2018,8.25206,80.9443,5.7,18.7,2.25,0.129,3.5,5.12,4.49,0,0
12/12/2018,8.25206,80.9443,3.8,31,2.96,0.018,3.5,5.12,4.49,0,0
12/16/2018,8.25206,80.9443,2.8,19.3,3.42,-0.216,3.5,5.12,4.49,0,0
12/24/2018,8.25206,80.9443,74.6,184.3,4.47,1.094,3.5,5.12,4.49,1,2.16
10/6/2019,8.25206,80.9443,4.3,14,2.49,-0.046,3.5,5.12,4.49,0,0
10/26/2019,8.25206,80.9443,8.8,21.7,2.83,0.096,3.5,5.12,4.49,0,0
10/29/2019,8.25206,80.9443,0.8,2.5,2.07,-0.079,3.5,5.12,4.49,0,0
11/29/2019,8.25206,80.9443,0.2,1.5,2.81,-0.074,3.5,5.12,4.49,0,0
11/30/2019,8.25206,80.9443,5,13,3.23,0.019,3.5,5.12,4.49,0,0
10/4/2020,8.25206,80.9443,3.2,9.2,2.65,0.021,3.5,5.12,4.49,0,0
11/2/2020,8.25206,80.9443,0,5.2,2.4,-0.159,3.5,5.12,4.49,0,0
12/12/2020,8.25206,80.9443,3,10.7,2.44,0.016,3.5,5.12,4.49,0,0
5/9/2021,8.25206,80.9443,30.3,97.1,3.26,0.522,3.5,5.12,4.49,0,0
10/2/2021,8.25206,80.9443,3.9,12.7,2.48,-0.174,3.5,5.12,4.49,0,0
10/26/2021,8.25206,80.9443,2.7,7.8,2.25,-0.041,3.5,5.12,4.49,0,0
12/24/2021,8.25206,80.9443,0.4,14,2.27,-0.151,3.5,5.12,4.49,0,0
5/28/2022,8.25206,80.9443,165.9,433,7.75,2.3,3.5,5.12,4.49,1,3.8
10/3/2022,8.25206,80.9443,9.7,25,2.41,0.043,3.5,5.12,4.49,0,0
10/19/2022,8.25206,80.9443,0.7,7.3,2.25,-0.286,3.5,5.12,4.49,0,0
10/31/2022,8.25206,80.9443,2.4,11.8,2.77,-0.107,3.5,5.12,4.49,0,0
11/1/2022,8.25206,80.9443,0.3,15.4,2.41,-0.16,3.5,5.12,4.49,0,0
11/11/2022,8.25206,80.9443,8,25.9,2.42,0.034,3.5,5.12,4.49,0,0
11/13/2022,8.25206,80.9443,1,4.1,2.1,-0.141,3.5,5.12,4.49,0,0
11/26/2022,8.25206,80.9443,4.6,11.2,2.49,0.032,3.5,5.12,4.49,0,0
5/15/2023,8.25206,80.9443,71,179.1,4.26,0.83,3.5,5.12,4.49,1,1.7
5/26/2023,8.25206,80.9443,1.5,7.2,2.12,-0.182,3.5,5.12,4.49,0,0
11/6/2023,8.25206,80.9443,6.3,21.8,2.42,0.031,3.5,5.12,4.49,0,0
11/21/2023,8.25206,80.9443,20.9,50,3.47,0.203,3.5,5.12,4.49,0,0
11/26/2023,8.25206,80.9443,3.5,12.4,2.52,-0.216,3.5,5.12,4.49,0,0
5/11/2024,8.25206,80.9443,6.3,15.9,2.35,-0.235,3.5,5.12,4.49,0,0
5/12/2024,8.25206,80.9443,0.3,11.9,2.15,0.016,3.5,5.12,4.49,0,0
11/8/2024,8.25206,80.9443,2.7,7.7,2.76,-0.325,3.5,5.12,4.49,0,0
12/15/2024,8.25206,80.9443,2,5.3,2.46,-0.129,3.5,5.12,4.49,0,0
10/9/2016,7.5629,79.75911,4.3,19.2,1.45,-0.081,50.7,0.65,17.31,0,0
10/21/2016,7.5629,79.75911,1.4,4.2,1.43,-0.08,50.7,0.65,17.31,0,0
11/16/2016,7.5629,79.75911,0.1,10.1,1.05,-0.096,50.7,0.65,17.31,0,0
11/19/2016,7.5629,79.75911,70.5,178.8,3.36,0.748,50.7,0.65,17.31,0,0
5/21/2017,7.5629,79.75911,55.7,173.3,2.78,0.948,50.7,0.65,17.31,0,0
5/30/2017,7.5629,79.75911,0.5,5.6,1.61,-0.167,50.7,0.65,17.31,0,0
11/4/2017,7.5629,79.75911,89.2,164.6,2.85,1.065,50.7,0.65,17.31,0,0
11/7/2017,7.5629,79.75911,0,6.5,1.32,-0.111,50.7,0.65,17.31,0,0
11/12/2017,7.5629,79.75911,5.5,23.1,0.75,-0.042,50.7,0.65,17.31,0,0
11/25/2017,7.5629,79.75911,4.8,17.1,1.69,0.07,50.7,0.65,17.31,0,0
12/1/2017,7.5629,79.75911,21.9,51.6,1.4,0.454,50.7,0.65,17.31,0,0
5/11/2018,7.5629,79.75911,1.4,3.7,1.09,-0.041,50.7,0.65,17.31,0,0
10/5/2018,7.5629,79.75911,6.7,43.1,2.01,-0.018,50.7,0.65,17.31,0,0
12/12/2018,7.5629,79.75911,0.5,1.7,1.42,0.011,50.7,0.65,17.31,0,0
12/16/2018,7.5629,79.75911,6.9,16.5,1.31,-0.036,50.7,0.65,17.31,0,0
12/24/2018,7.5629,79.75911,6.4,19.8,0.95,0.161,50.7,0.65,17.31,0,0
10/6/2019,7.5629,79.75911,93.4,257.7,3.97,1.4,50.7,0.65,17.31,0,0
10/26/2019,7.5629,79.75911,118.3,288.8,4.81,1.601,50.7,0.65,17.31,0,0
10/29/2019,7.5629,79.75911,24.6,53.4,1.48,0.226,50.7,0.65,17.31,0,0
11/29/2019,7.5629,79.75911,134,309.6,5.19,1.803,50.7,0.65,17.31,1,2.56
11/30/2019,7.5629,79.75911,0.3,3.8,1,-0.107,50.7,0.65,17.31,0,0
10/4/2020,7.5629,79.75911,7.9,30.9,1.91,-0.007,50.7,0.65,17.31,0,0
11/2/2020,7.5629,79.75911,0.6,6.6,0.89,-0.15,50.7,0.65,17.31,0,0
12/12/2020,7.5629,79.75911,52.3,132.8,2.46,0.586,50.7,0.65,17.31,0,0
5/9/2021,7.5629,79.75911,44.4,136.7,3.37,0.531,50.7,0.65,17.31,0,0
10/2/2021,7.5629,79.75911,2.1,6.2,0.83,-0.185,50.7,0.65,17.31,0,0
10/26/2021,7.5629,79.75911,2,9.9,1.21,-0.166,50.7,0.65,17.31,0,0
12/24/2021,7.5629,79.75911,0.1,0.4,1.01,0.033,50.7,0.65,17.31,0,0
5/28/2022,7.5629,79.75911,0,1.2,0.61,-0.144,50.7,0.65,17.31,0,0
10/3/2022,7.5629,79.75911,0.7,5.3,1.04,0.095,50.7,0.65,17.31,0,0
10/19/2022,7.5629,79.75911,2.9,9,1.47,0.072,50.7,0.65,17.31,0,0
10/31/2022,7.5629,79.75911,9.7,23.5,0.99,-0.008,50.7,0.65,17.31,0,0
11/1/2022,7.5629,79.75911,11.7,36.8,1.31,-0.011,50.7,0.65,17.31,0,0
11/11/2022,7.5629,79.75911,0,5,1.06,-0.153,50.7,0.65,17.31,0,0
11/13/2022,7.5629,79.75911,6,18.6,1.33,-0.003,50.7,0.65,17.31,0,0
11/26/2022,7.5629,79.75911,75.4,185.5,2.59,1.204,50.7,0.65,17.31,0,0
5/15/2023,7.5629,79.75911,1.6,5.1,0.95,-0.256,50.7,0.65,17.31,0,0
5/26/2023,7.5629,79.75911,2.8,8.5,1.33,-0.175,50.7,0.65,17.31,0,0
11/6/2023,7.5629,79.75911,1,14.4,1.74,-0.138,50.7,0.65,17.31,0,0
11/21/2023,7.5629,79.75911,0.2,6.4,1.77,-0.018,50.7,0.65,17.31,0,0
11/26/2023,7.5629,79.75911,14,32.1,1.64,0.132,50.7,0.65,17.31,0,0
5/11/2024,7.5629,79.75911,1.4,3.5,1.04,-0.132,50.7,0.65,17.31,0,0
5/12/2024,7.5629,79.75911,8.5,27.5,1.54,0.16,50.7,0.65,17.31,0,0
11/8/2024,7.5629,79.75911,2.6,10.2,1.11,0.111,50.7,0.65,17.31,0,0
12/15/2024,7.5629,79.75911,0.6,4.7,1.32,-0.29,50.7,0.65,17.31,0,0
10/9/2016,7.84099,80.03945,3.7,7.6,1.34,-0.172,6.4,0.48,1.21,0,0
10/21/2016,7.84099,80.03945,0.8,5.7,1.7,-0.09,6.4,0.48,1.21,0,0
11/16/2016,7.84099,80.03945,8.7,20.1,2.31,-0.118,6.4,0.48,1.21,0,0
11/19/2016,7.84099,80.03945,5.4,15.6,2.12,-0.062,6.4,0.48,1.21,0,0
5/21/2017,7.84099,80.03945,1.1,15.7,1.87,-0.145,6.4,0.48,1.21,1,0.89
5/30/2017,7.84099,80.03945,112.3,245.5,4.65,1.275,6.4,0.48,1.21,1,2.37
11/4/2017,7.84099,80.03945,116.8,236.9,4.26,1.401,6.4,0.48,1.21,1,2.18
11/7/2017,7.84099,80.03945,17.5,52.5,2.29,0.051,6.4,0.48,1.21,0,0
11/12/2017,7.84099,80.03945,2.6,7.7,0.9,-0.09,6.4,0.48,1.21,0,0
11/25/2017,7.84099,80.03945,86.5,255.3,4.62,1.392,6.4,0.48,1.21,1,2.46
12/1/2017,7.84099,80.03945,35.6,79.9,2.59,0.431,6.4,0.48,1.21,0,0
5/11/2018,7.84099,80.03945,124,294.2,5.11,1.861,6.4,0.48,1.21,1,3.28
10/5/2018,7.84099,80.03945,0.4,1.6,1.54,-0.264,6.4,0.48,1.21,0,0
12/12/2018,7.84099,80.03945,77.6,230.9,4.16,1.138,6.4,0.48,1.21,1,2.16
12/16/2018,7.84099,80.03945,37.7,102.2,2.41,0.371,6.4,0.48,1.21,0,0
12/24/2018,7.84099,80.03945,3.3,9.8,1.87,-0.135,6.4,0.48,1.21,0,0
10/6/2019,7.84099,80.03945,8.3,28,2.35,-0.194,6.4,0.48,1.21,0,0
10/26/2019,7.84099,80.03945,0.7,3.9,1.37,-0.343,6.4,0.48,1.21,0,0
10/29/2019,7.84099,80.03945,41.9,121.8,2.61,0.561,6.4,0.48,1.21,0,0
11/29/2019,7.84099,80.03945,1.5,8.5,2.13,-0.365,6.4,0.48,1.21,0,0
11/30/2019,7.84099,80.03945,6.3,12.9,1.6,-0.022,6.4,0.48,1.21,0,0
10/4/2020,7.84099,80.03945,0.2,3.9,0.89,-0.14,6.4,0.48,1.21,0,0
11/2/2020,7.84099,80.03945,1.5,5.6,1.22,-0.227,6.4,0.48,1.21,0,0
12/12/2020,7.84099,80.03945,0,0.6,1.55,-0.175,6.4,0.48,1.21,0,0
5/9/2021,7.84099,80.03945,2.3,6,2.09,-0.11,6.4,0.48,1.21,0,0
10/2/2021,7.84099,80.03945,3.6,8,1.8,-0.128,6.4,0.48,1.21,0,0
10/26/2021,7.84099,80.03945,1.2,12.3,1.64,-0.037,6.4,0.48,1.21,0,0
12/24/2021,7.84099,80.03945,3.6,7.7,1.54,-0.032,6.4,0.48,1.21,0,0
5/28/2022,7.84099,80.03945,2.7,16.3,1.47,-0.274,6.4,0.48,1.21,0,0
10/3/2022,7.84099,80.03945,5,17.7,2.2,-0.106,6.4,0.48,1.21,1,0.24
10/19/2022,7.84099,80.03945,0.3,0.9,1.61,-0.059,6.4,0.48,1.21,0,0
10/31/2022,7.84099,80.03945,0.1,5.6,2.41,-0.156,6.4,0.48,1.21,0,0
11/1/2022,7.84099,80.03945,135.8,370.5,6.67,2.116,6.4,0.48,1.21,1,3.53
11/11/2022,7.84099,80.03945,9.9,36.3,2.74,0.146,6.4,0.48,1.21,0,0
11/13/2022,7.84099,80.03945,25.3,50.9,2.29,0.232,6.4,0.48,1.21,0,0
11/26/2022,7.84099,80.03945,0.2,1.5,2.04,-0.123,6.4,0.48,1.21,0,0
5/15/2023,7.84099,80.03945,4.2,11.3,1.68,-0.137,6.4,0.48,1.21,0,0
5/26/2023,7.84099,80.03945,84.6,214.2,4.61,1.123,6.4,0.48,1.21,0,0
11/6/2023,7.84099,80.03945,4.3,18.4,1.9,-0.074,6.4,0.48,1.21,1,0.51
11/21/2023,7.84099,80.03945,29.2,68.9,2.68,0.342,6.4,0.48,1.21,0,0
11/26/2023,7.84099,80.03945,2,8.7,1.19,-0.119,6.4,0.48,1.21,0,0
5/11/2024,7.84099,80.03945,1.3,7.4,2.26,-0.218,6.4,0.48,1.21,0,0
5/12/2024,7.84099,80.03945,0,0.7,1.18,-0.192,6.4,0.48,1.21,0,0
11/8/2024,7.84099,80.03945,61,166.4,3.55,0.684,6.4,0.48,1.21,0,0
12/15/2024,7.84099,80.03945,68.6,140.3,3.41,0.708,6.4,0.48,1.21,0,0
10/9/2016,6.05352,80.73772,0.1,0.2,1.56,-0.284,10.8,0.09,4.08,0,0
10/21/2016,6.05352,80.73772,2.2,6.9,1.26,-0.01,10.8,0.09,4.08,0,0
11/16/2016,6.05352,80.73772,2.5,7,2.14,-0.276,10.8,0.09,4.08,0,0
11/19/2016,6.05352,80.73772,43.4,129.8,3.71,0.62,10.8,0.09,4.08,0,0
5/21/2017,6.05352,80.73772,24.4,74.8,3,0.139,10.8,0.09,4.08,0,0
5/30/2017,6.05352,80.73772,11.8,36.3,1.87,-0.204,10.8,0.09,4.08,0,0
11/4/2017,6.05352,80.73772,4.4,19.8,2.49,-0.039,10.8,0.09,4.08,0,0
11/7/2017,6.05352,80.73772,0.9,5.7,1.95,-0.075,10.8,0.09,4.08,0,0
11/12/2017,6.05352,80.73772,0.9,7.6,2.15,0.095,10.8,0.09,4.08,0,0
11/25/2017,6.05352,80.73772,9.9,35.2,2.03,0.002,10.8,0.09,4.08,0,0
12/1/2017,6.05352,80.73772,108.7,262.7,5.12,1.28,10.8,0.09,4.08,1,2.42
5/11/2018,6.05352,80.73772,0.3,5.2,1.34,-0.177,10.8,0.09,4.08,0,0
10/5/2018,6.05352,80.73772,0,0.7,1.75,-0.033,10.8,0.09,4.08,0,0
12/12/2018,6.05352,80.73772,0.4,3.8,1.36,-0.028,10.8,0.09,4.08,0,0
12/16/2018,6.05352,80.73772,18.1,47,2.46,0.3,10.8,0.09,4.08,0,0
12/24/2018,6.05352,80.73772,11.7,33.7,2.31,0.104,10.8,0.09,4.08,0,0
10/6/2019,6.05352,80.73772,29.3,65.5,3.05,0.29,10.8,0.09,4.08,0,0
10/26/2019,6.05352,80.73772,106.4,247,5.01,1.721,10.8,0.09,4.08,1,2.53
10/29/2019,6.05352,80.73772,163.5,384.1,6.06,2.133,10.8,0.09,4.08,1,3.16
11/29/2019,6.05352,80.73772,64.5,148.2,4.57,0.903,10.8,0.09,4.08,0,0
11/30/2019,6.05352,80.73772,35,90.3,3.02,0.507,10.8,0.09,4.08,0,0
10/4/2020,6.05352,80.73772,5.6,17.4,1.99,-0.05,10.8,0.09,4.08,0,0
11/2/2020,6.05352,80.73772,6.9,17.9,1.91,-0.126,10.8,0.09,4.08,0,0
12/12/2020,6.05352,80.73772,3.2,10.1,2.24,0.005,10.8,0.09,4.08,0,0
5/9/2021,6.05352,80.73772,1,5.2,1.97,-0.087,10.8,0.09,4.08,0,0
10/2/2021,6.05352,80.73772,1.8,6.6,2.58,-0.075,10.8,0.09,4.08,0,0
10/26/2021,6.05352,80.73772,116.4,271.7,5,1.405,10.8,0.09,4.08,1,2.75
12/24/2021,6.05352,80.73772,76.4,175.1,4.2,0.909,10.8,0.09,4.08,0,0
5/28/2022,6.05352,80.73772,68.6,132.2,3.44,0.772,10.8,0.09,4.08,1,1.16
10/3/2022,6.05352,80.73772,0.1,4.4,1.51,-0.162,10.8,0.09,4.08,0,0
10/19/2022,6.05352,80.73772,169.5,405.3,6.88,2.3,10.8,0.09,4.08,1,3.67
10/31/2022,6.05352,80.73772,3.6,9.8,2.06,0.006,10.8,0.09,4.08,0,0
11/1/2022,6.05352,80.73772,4.6,12.7,2.09,-0.209,10.8,0.09,4.08,0,0
11/11/2022,6.05352,80.73772,3.1,22.8,2.32,-0.007,10.8,0.09,4.08,0,0
11/13/2022,6.05352,80.73772,1.6,6,2.29,0.028,10.8,0.09,4.08,0,0
11/26/2022,6.05352,80.73772,42.5,80.4,2.54,0.315,10.8,0.09,4.08,0,0
5/15/2023,6.05352,80.73772,4.9,16.5,1.92,-0.019,10.8,0.09,4.08,0,0
5/26/2023,6.05352,80.73772,2.8,11.6,1.79,-0.146,10.8,0.09,4.08,0,0
11/6/2023,6.05352,80.73772,4.3,21.2,2.43,0.009,10.8,0.09,4.08,0,0
11/21/2023,6.05352,80.73772,57.5,148.4,3.74,0.836,10.8,0.09,4.08,1,1.52
11/26/2023,6.05352,80.73772,0,0.1,2.09,-0.029,10.8,0.09,4.08,0,0
5/11/2024,6.05352,80.73772,0.2,2.5,2.2,-0.109,10.8,0.09,4.08,0,0
5/12/2024,6.05352,80.73772,3.4,11.6,2.49,-0.07,10.8,0.09,4.08,0,0
11/8/2024,6.05352,80.73772,6.6,21.8,2.18,-0.101,10.8,0.09,4.08,0,0
12/15/2024,6.05352,80.73772,3.6,8.5,2.29,-0.113,10.8,0.09,4.08,0,0
10/9/2016,8.52177,80.99541,18.3,45.4,1.27,0.33,67.6,1.93,1.44,0,0
10/21/2016,8.52177,80.99541,5.4,19.9,0.77,0.055,67.6,1.93,1.44,0,0
11/16/2016,8.52177,80.99541,71.6,167.7,2.22,0.911,67.6,1.93,1.44,0,0
11/19/2016,8.52177,80.99541,24.9,50.8,1.33,0.193,67.6,1.93,1.44,0,0
5/21/2017,8.52177,80.99541,5.8,19.2,0.77,-0.184,67.6,1.93,1.44,0,0
5/30/2017,8.52177,80.99541,12.7,39.2,1,0.085,67.6,1.93,1.44,0,0
11/4/2017,8.52177,80.99541,7.9,22.6,0.27,0.2,67.6,1.93,1.44,0,0
11/7/2017,8.52177,80.99541,8.3,23.1,0.25,-0.026,67.6,1.93,1.44,0,0
11/12/2017,8.52177,80.99541,1.7,8.3,0.2,-0.105,67.6,1.93,1.44,0,0
11/25/2017,8.52177,80.99541,0.5,5.7,0.56,-0.036,67.6,1.93,1.44,0,0
12/1/2017,8.52177,80.99541,117.9,243.8,3.84,1.649,67.6,1.93,1.44,1,1.53
5/11/2018,8.52177,80.99541,0.4,2,0.31,-0.177,67.6,1.93,1.44,0,0
10/5/2018,8.52177,80.99541,8.3,42.6,1.17,0.185,67.6,1.93,1.44,0,0
12/12/2018,8.52177,80.99541,79.9,222.6,3.58,1.291,67.6,1.93,1.44,0,0
12/16/2018,8.52177,80.99541,1.1,4.1,0.68,-0.133,67.6,1.93,1.44,0,0
12/24/2018,8.52177,80.99541,0.5,7.1,0.05,-0.276,67.6,1.93,1.44,0,0
10/6/2019,8.52177,80.99541,3.1,10.2,0.68,0.058,67.6,1.93,1.44,0,0
10/26/2019,8.52177,80.99541,1,13.4,0.79,-0.127,67.6,1.93,1.44,0,0
10/29/2019,8.52177,80.99541,1.3,18.6,0.46,-0.224,67.6,1.93,1.44,0,0
11/29/2019,8.52177,80.99541,0.8,6,0.9,-0.211,67.6,1.93,1.44,0,0
11/30/2019,8.52177,80.99541,1.4,4.1,0.24,-0.226,67.6,1.93,1.44,0,0
10/4/2020,8.52177,80.99541,0.6,4,0.64,-0.043,67.6,1.93,1.44,0,0
11/2/2020,8.52177,80.99541,0.8,2.6,0.19,-0.213,67.6,1.93,1.44,0,0
12/12/2020,8.52177,80.99541,1.6,5.2,0.15,-0.098,67.6,1.93,1.44,0,0
5/9/2021,8.52177,80.99541,7.6,18.9,1.18,0.022,67.6,1.93,1.44,0,0
10/2/2021,8.52177,80.99541,236.3,635.7,8.02,2.3,67.6,1.93,1.44,1,3.8
10/26/2021,8.52177,80.99541,10.5,26.2,0.56,0.042,67.6,1.93,1.44,0,0
12/24/2021,8.52177,80.99541,7.1,25.3,0.5,-0.117,67.6,1.93,1.44,0,0
5/28/2022,8.52177,80.99541,11.4,33.7,0.86,0.047,67.6,1.93,1.44,0,0
10/3/2022,8.52177,80.99541,9,31.6,0.7,-0.159,67.6,1.93,1.44,0,0
10/19/2022,8.52177,80.99541,7,20.7,0.29,-0.19,67.6,1.93,1.44,0,0
10/31/2022,8.52177,80.99541,2.1,12,0.35,-0.201,67.6,1.93,1.44,0,0
11/1/2022,8.52177,80.99541,3.2,15.2,0.38,-0.072,67.6,1.93,1.44,0,0
11/11/2022,8.52177,80.99541,3.1,11.3,0.48,0.004,67.6,1.93,1.44,0,0
11/13/2022,8.52177,80.99541,0.4,4,0.81,-0.028,67.6,1.93,1.44,0,0
11/26/2022,8.52177,80.99541,50.8,127.8,1.82,0.653,67.6,1.93,1.44,0,0
5/15/2023,8.52177,80.99541,0.1,4.6,0.83,-0.09,67.6,1.93,1.44,0,0
5/26/2023,8.52177,80.99541,7.1,18.2,0.11,-0.009,67.6,1.93,1.44,0,0
11/6/2023,8.52177,80.99541,55.4,140.4,2.14,0.747,67.6,1.93,1.44,0,0
11/21/2023,8.52177,80.99541,8.7,25.9,0.14,-0.028,67.6,1.93,1.44,0,0
11/26/2023,8.52177,80.99541,7.8,18.6,0.87,0.026,67.6,1.93,1.44,0,0
5/11/2024,8.52177,80.99541,16.5,41.2,0.23,0.109,67.6,1.93,1.44,0,0
5/12/2024,8.52177,80.99541,2.7,12.5,0.52,-0.033,67.6,1.93,1.44,0,0
11/8/2024,8.52177,80.99541,5.8,19.6,1.25,0,67.6,1.93,1.44,0,0
12/15/2024,8.52177,80.99541,11.3,24.3,1.15,0.038,67.6,1.93,1.44,0,0
10/9/2016,8.16435,80.92353,38.6,77.7,2.63,0.341,72.9,2.57,1.83,0,0
10/21/2016,8.16435,80.92353,7.1,17,1.91,-0.231,72.9,2.57,1.83,0,0
11/16/2016,8.16435,80.92353,32.3,91.8,1.95,0.397,72.9,2.57,1.83,0,0
11/19/2016,8.16435,80.92353,0.5,14,2.16,-0.301,72.9,2.57,1.83,0,0
5/21/2017,8.16435,80.92353,8.8,22.1,2.06,-0.146,72.9,2.57,1.83,0,0
5/30/2017,8.16435,80.92353,2.3,7,1.25,-0.09,72.9,2.57,1.83,0,0
11/4/2017,8.16435,80.92353,12.2,49.2,2.01,-0.04,72.9,2.57,1.83,0,0
11/7/2017,8.16435,80.92353,1.8,3.5,1.67,-0.165,72.9,2.57,1.83,0,0
11/12/2017,8.16435,80.92353,0,3.2,1.9,-0.149,72.9,2.57,1.83,0,0
11/25/2017,8.16435,80.92353,1.8,18.1,1.98,-0.25,72.9,2.57,1.83,0,0
12/1/2017,8.16435,80.92353,5.3,18.5,1.01,-0.108,72.9,2.57,1.83,0,0
5/11/2018,8.16435,80.92353,2.1,6.4,1.4,-0.058,72.9,2.57,1.83,0,0
10/5/2018,8.16435,80.92353,5.7,13.5,2.02,-0.169,72.9,2.57,1.83,0,0
12/12/2018,8.16435,80.92353,113.8,284.5,5.05,1.577,72.9,2.57,1.83,1,1.88
12/16/2018,8.16435,80.92353,0.8,2.5,1.32,0.007,72.9,2.57,1.83,0,0
12/24/2018,8.16435,80.92353,1.1,7,1.75,-0.07,72.9,2.57,1.83,0,0
10/6/2019,8.16435,80.92353,5.5,14.6,1.93,-0.008,72.9,2.57,1.83,0,0
10/26/2019,8.16435,80.92353,0.2,3.5,1.64,-0.177,72.9,2.57,1.83,0,0
10/29/2019,8.16435,80.92353,3,7.3,1.65,-0.097,72.9,2.57,1.83,0,0
11/29/2019,8.16435,80.92353,0.4,1.6,1.2,-0.086,72.9,2.57,1.83,0,0
11/30/2019,8.16435,80.92353,0.3,4.9,1.33,0.019,72.9,2.57,1.83,0,0
10/4/2020,8.16435,80.92353,0.7,7.3,2.2,-0.337,72.9,2.57,1.83,0,0
11/2/2020,8.16435,80.92353,113,268.6,4.59,1.52,72.9,2.57,1.83,1,1.85
12/12/2020,8.16435,80.92353,6.1,20.7,2.09,-0.016,72.9,2.57,1.83,0,0
5/9/2021,8.16435,80.92353,4.4,14.1,1.68,0.078,72.9,2.57,1.83,0,0
10/2/2021,8.16435,80.92353,6.1,19.9,1.62,-0.219,72.9,2.57,1.83,0,0
10/26/2021,8.16435,80.92353,1,3.6,1.8,-0.101,72.9,2.57,1.83,0,0
12/24/2021,8.16435,80.92353,20.1,46.5,2.41,0.22,72.9,2.57,1.83,0,0
5/28/2022,8.16435,80.92353,2.1,6.2,0.73,-0.038,72.9,2.57,1.83,0,0
10/3/2022,8.16435,80.92353,1.7,4.4,1.69,-0.056,72.9,2.57,1.83,0,0
10/19/2022,8.16435,80.92353,6.4,15.8,1.4,-0.107,72.9,2.57,1.83,0,0
10/31/2022,8.16435,80.92353,69,168.2,3.62,0.814,72.9,2.57,1.83,0,0
11/1/2022,8.16435,80.92353,6.8,25.8,1.92,0.079,72.9,2.57,1.83,0,0
11/11/2022,8.16435,80.92353,10.3,28.4,1.46,0.157,72.9,2.57,1.83,0,0
11/13/2022,8.16435,80.92353,1.5,4.5,1.73,-0.068,72.9,2.57,1.83,0,0
11/26/2022,8.16435,80.92353,0.5,1.8,1.34,-0.232,72.9,2.57,1.83,0,0
5/15/2023,8.16435,80.92353,12,31.8,2.52,0.029,72.9,2.57,1.83,0,0
5/26/2023,8.16435,80.92353,4.8,12.2,2.22,-0.171,72.9,2.57,1.83,0,0
11/6/2023,8.16435,80.92353,1.9,7,1.51,-0.184,72.9,2.57,1.83,0,0
11/21/2023,8.16435,80.92353,0.4,5.5,1.74,-0.155,72.9,2.57,1.83,0,0
11/26/2023,8.16435,80.92353,0.8,4.1,1.61,-0.216,72.9,2.57,1.83,0,0
5/11/2024,8.16435,80.92353,41.5,93.8,2.74,0.599,72.9,2.57,1.83,0,0
5/12/2024,8.16435,80.92353,1.4,18.3,1.58,-0.116,72.9,2.57,1.83,0,0
11/8/2024,8.16435,80.92353,0,6.1,1.95,-0.001,72.9,2.57,1.83,0,0
12/15/2024,8.16435,80.92353,0.7,2.3,1.2,-0.223,72.9,2.57,1.83,0,0
10/9/2016,6.55208,80.15368,0,2,2.9,-0.052,26.3,0.17,2.77,0,0
10/21/2016,6.55208,80.15368,0.3,1.6,2.91,0.174,26.3,0.17,2.77,0,0
11/16/2016,6.55208,80.15368,9.8,22.8,2.72,-0.156,26.3,0.17,2.77,0,0
11/19/2016,6.55208,80.15368,2.3,14.9,2.31,0.106,26.3,0.17,2.77,0,0
5/21/2017,6.55208,80.15368,0.5,3.4,2.17,-0.158,26.3,0.17,2.77,0,0
5/30/2017,6.55208,80.15368,0,0.3,1.87,-0.03,26.3,0.17,2.77,0,0
11/4/2017,6.55208,80.15368,0.1,0.5,2.16,0.078,26.3,0.17,2.77,0,0
11/7/2017,6.55208,80.15368,3.3,9.1,2.15,-0.068,26.3,0.17,2.77,0,0
11/12/2017,6.55208,80.15368,86.2,253.2,5.25,1.162,26.3,0.17,2.77,1,1.9
11/25/2017,6.55208,80.15368,0,6.9,1.72,-0.08,26.3,0.17,2.77,0,0
12/1/2017,6.55208,80.15368,17.2,52.6,2.84,0.181,26.3,0.17,2.77,0,0
5/11/2018,6.55208,80.15368,8.9,30,2.71,0.07,26.3,0.17,2.77,0,0
10/5/2018,6.55208,80.15368,1.2,19.7,2.55,-0.152,26.3,0.17,2.77,0,0
12/12/2018,6.55208,80.15368,101.9,237.5,5.26,1.51,26.3,0.17,2.77,1,2.51
12/16/2018,6.55208,80.15368,0,4.5,2.27,-0.084,26.3,0.17,2.77,0,0
12/24/2018,6.55208,80.15368,1.6,7.4,2.33,-0.131,26.3,0.17,2.77,0,0
10/6/2019,6.55208,80.15368,2.3,8.2,1.95,-0.34,26.3,0.17,2.77,0,0
10/26/2019,6.55208,80.15368,4.4,15.1,2.12,-0.038,26.3,0.17,2.77,0,0
10/29/2019,6.55208,80.15368,0,1.6,1.55,0.002,26.3,0.17,2.77,0,0
11/29/2019,6.55208,80.15368,5.1,18.3,2.55,0.098,26.3,0.17,2.77,0,0
11/30/2019,6.55208,80.15368,4.1,12.5,2.16,-0.147,26.3,0.17,2.77,0,0
10/4/2020,6.55208,80.15368,0.6,11.2,1.8,-0.073,26.3,0.17,2.77,0,0
11/2/2020,6.55208,80.15368,1.6,4.3,2.45,-0.174,26.3,0.17,2.77,0,0
12/12/2020,6.55208,80.15368,94.2,241.2,5,1.36,26.3,0.17,2.77,1,2.47
5/9/2021,6.55208,80.15368,6.2,20.2,2.61,0.041,26.3,0.17,2.77,0,0
10/2/2021,6.55208,80.15368,1.5,5.7,2.6,-0.244,26.3,0.17,2.77,0,0
10/26/2021,6.55208,80.15368,173.6,416.2,7.2,2.3,26.3,0.17,2.77,1,3.51
12/24/2021,6.55208,80.15368,29.5,91,2.77,0.366,26.3,0.17,2.77,0,0
5/28/2022,6.55208,80.15368,10.6,25.5,2.58,-0.05,26.3,0.17,2.77,0,0
10/3/2022,6.55208,80.15368,5.3,14.9,2.94,-0.081,26.3,0.17,2.77,0,0
10/19/2022,6.55208,80.15368,2.7,8.4,2.51,-0.039,26.3,0.17,2.77,0,0
10/31/2022,6.55208,80.15368,0.2,1.2,2.31,-0.173,26.3,0.17,2.77,0,0
11/1/2022,6.55208,80.15368,53.8,120.5,3.25,0.68,26.3,0.17,2.77,0,0
11/11/2022,6.55208,80.15368,1.6,7.9,2.1,-0.214,26.3,0.17,2.77,0,0
11/13/2022,6.55208,80.15368,2.4,5.9,2.4,-0.015,26.3,0.17,2.77,0,0
11/26/2022,6.55208,80.15368,59.9,137.8,3.85,0.734,26.3,0.17,2.77,1,1.19
5/15/2023,6.55208,80.15368,2.4,6.8,2.57,-0.201,26.3,0.17,2.77,0,0
5/26/2023,6.55208,80.15368,66.6,141.7,4.18,0.983,26.3,0.17,2.77,1,1.26
11/6/2023,6.55208,80.15368,72.3,170.9,3.83,1.071,26.3,0.17,2.77,0,0
11/21/2023,6.55208,80.15368,0,3.7,1.68,0.039,26.3,0.17,2.77,0,0
11/26/2023,6.55208,80.15368,8.5,20.3,2.21,0.103,26.3,0.17,2.77,0,0
5/11/2024,6.55208,80.15368,36.1,96.8,3.27,0.524,26.3,0.17,2.77,1,0.38
5/12/2024,6.55208,80.15368,68.2,215.1,4.98,0.947,26.3,0.17,2.77,1,2.19
11/8/2024,6.55208,80.15368,53.6,137,3.67,0.896,26.3,0.17,2.77,1,1.7
12/15/2024,6.55208,80.15368,1.9,9.2,2.81,-0.097,26.3,0.17,2.77,0,0
10/9/2016,6.47274,81.03192,1.5,14.7,1.61,-0.046,21.8,3.68,5.79,0,0
10/21/2016,6.47274,81.03192,8.6,30.7,2.08,-0.02,21.8,3.68,5.79,0,0
11/16/2016,6.47274,81.03192,10.4,27.7,1.75,-0.104,21.8,3.68,5.79,0,0
11/19/2016,6.47274,81.03192,1.6,6.8,1.13,-0.128,21.8,3.68,5.79,0,0
5/21/2017,6.47274,81.03192,2.3,6.4,1.1,-0.017,21.8,3.68,5.79,0,0
5/30/2017,6.47274,81.03192,1.7,5.8,1.42,-0.076,21.8,3.68,5.79,0,0
11/4/2017,6.47274,81.03192,0.1,6.4,1.77,0.018,21.8,3.68,5.79,0,0
11/7/2017,6.47274,81.03192,77.6,171.7,2.95,0.916,21.8,3.68,5.79,0,0
11/12/2017,6.47274,81.03192,26.5,57.4,1.81,0.303,21.8,3.68,5.79,0,0
11/25/2017,6.47274,81.03192,13.9,26.5,1.07,0.265,21.8,3.68,5.79,0,0
12/1/2017,6.47274,81.03192,7.6,24.6,1.96,0.254,21.8,3.68,5.79,0,0
5/11/2018,6.47274,81.03192,63.8,167.4,2.84,0.846,21.8,3.68,5.79,0,0
10/5/2018,6.47274,81.03192,2.8,7.2,1.72,-0.139,21.8,3.68,5.79,0,0
12/12/2018,6.47274,81.03192,0.9,11.2,1.26,-0.061,21.8,3.68,5.79,0,0
12/16/2018,6.47274,81.03192,12.8,38.2,1.47,0.157,21.8,3.68,5.79,0,0
12/24/2018,6.47274,81.03192,0.1,5.3,1.81,-0.093,21.8,3.68,5.79,0,0
10/6/2019,6.47274,81.03192,0,0.7,1.25,-0.029,21.8,3.68,5.79,0,0
10/26/2019,6.47274,81.03192,15.4,53.7,2.8,0.066,21.8,3.68,5.79,0,0
10/29/2019,6.47274,81.03192,0.9,9.8,1.41,-0.032,21.8,3.68,5.79,0,0
11/29/2019,6.47274,81.03192,18.7,45.7,1.67,-0.122,21.8,3.68,5.79,0,0
11/30/2019,6.47274,81.03192,1.4,17.4,1.46,-0.228,21.8,3.68,5.79,0,0
10/4/2020,6.47274,81.03192,0.1,0.7,0.93,-0.16,21.8,3.68,5.79,0,0
11/2/2020,6.47274,81.03192,5.6,23.3,1.64,0.056,21.8,3.68,5.79,0,0
12/12/2020,6.47274,81.03192,0.2,4.1,1.42,-0.012,21.8,3.68,5.79,0,0
5/9/2021,6.47274,81.03192,2.8,6.8,1.57,-0.229,21.8,3.68,5.79,0,0
10/2/2021,6.47274,81.03192,54.1,142.4,3.28,0.669,21.8,3.68,5.79,0,0
10/26/2021,6.47274,81.03192,3.4,10.2,1.66,-0.056,21.8,3.68,5.79,0,0
12/24/2021,6.47274,81.03192,1.9,5,1.58,-0.102,21.8,3.68,5.79,0,0
5/28/2022,6.47274,81.03192,2.1,6.1,1.06,-0.011,21.8,3.68,5.79,0,0
10/3/2022,6.47274,81.03192,43.5,89,2.63,0.423,21.8,3.68,5.79,0,0
10/19/2022,6.47274,81.03192,2.2,26.2,1.64,-0.082,21.8,3.68,5.79,0,0
10/31/2022,6.47274,81.03192,9,30.8,1.87,0.115,21.8,3.68,5.79,1,0.5
11/1/2022,6.47274,81.03192,10.7,23.6,1.78,0.077,21.8,3.68,5.79,0,0
11/11/2022,6.47274,81.03192,16.6,41,2,0.266,21.8,3.68,5.79,0,0
11/13/2022,6.47274,81.03192,0,4.6,1.8,-0.279,21.8,3.68,5.79,0,0
11/26/2022,6.47274,81.03192,2.7,9.8,1.36,-0.151,21.8,3.68,5.79,0,0
5/15/2023,6.47274,81.03192,155.3,407.9,5.97,2.289,21.8,3.68,5.79,1,3.72
5/26/2023,6.47274,81.03192,2.9,9.9,1.01,-0.122,21.8,3.68,5.79,0,0
11/6/2023,6.47274,81.03192,16.4,51.9,2.2,0.128,21.8,3.68,5.79,0,0
11/21/2023,6.47274,81.03192,1.8,7.2,0.99,-0.076,21.8,3.68,5.79,0,0
11/26/2023,6.47274,81.03192,63.5,184.9,3.31,0.82,21.8,3.68,5.79,0,0
5/11/2024,6.47274,81.03192,22,52.4,2.4,0.3,21.8,3.68,5.79,0,0
5/12/2024,6.47274,81.03192,3,14.1,1.73,0.009,21.8,3.68,5.79,0,0
11/8/2024,6.47274,81.03192,3.8,12.9,1.66,-0.117,21.8,3.68,5.79,0,0
12/15/2024,6.47274,81.03192,52.4,160.3,2.89,0.591,21.8,3.68,5.79,0,0
10/9/2016,6.47685,80.17705,3.1,13,1.37,0.135,12.6,1.42,11.59,0,0
10/21/2016,6.47685,80.17705,0.1,5.3,0.6,-0.135,12.6,1.42,11.59,0,0
11/16/2016,6.47685,80.17705,15.3,38.1,1.08,0.12,12.6,1.42,11.59,0,0
11/19/2016,6.47685,80.17705,43.1,97.5,1.57,0.594,12.6,1.42,11.59,0,0
5/21/2017,6.47685,80.17705,3.2,15.4,0.55,-0.054,12.6,1.42,11.59,0,0
5/30/2017,6.47685,80.17705,30.9,60.3,1.82,0.063,12.6,1.42,11.59,0,0
11/4/2017,6.47685,80.17705,70.8,157.6,2.97,0.885,12.6,1.42,11.59,0,0
11/7/2017,6.47685,80.17705,23.9,71.8,2.16,0.28,12.6,1.42,11.59,0,0
11/12/2017,6.47685,80.17705,0.4,4.1,0.84,-0.099,12.6,1.42,11.59,0,0
11/25/2017,6.47685,80.17705,47.7,125.4,2.12,0.424,12.6,1.42,11.59,0,0
12/1/2017,6.47685,80.17705,3.4,12.1,0.16,-0.184,12.6,1.42,11.59,0,0
5/11/2018,6.47685,80.17705,6.8,44.5,1.3,-0.045,12.6,1.42,11.59,0,0
10/5/2018,6.47685,80.17705,31.5,89.3,1.6,0.336,12.6,1.42,11.59,0,0
12/12/2018,6.47685,80.17705,1.4,11.7,0.67,-0.149,12.6,1.42,11.59,0,0
12/16/2018,6.47685,80.17705,12.9,32.2,1.08,0.225,12.6,1.42,11.59,0,0
12/24/2018,6.47685,80.17705,2.6,6.9,0.93,0.124,12.6,1.42,11.59,0,0
10/6/2019,6.47685,80.17705,1.7,11.9,0.65,0,12.6,1.42,11.59,0,0
10/26/2019,6.47685,80.17705,0.3,5,0.66,-0.352,12.6,1.42,11.59,0,0
10/29/2019,6.47685,80.17705,58.1,140.9,2.53,0.788,12.6,1.42,11.59,0,0
11/29/2019,6.47685,80.17705,0,2,0.94,-0.112,12.6,1.42,11.59,0,0
11/30/2019,6.47685,80.17705,57.8,182.8,3.07,1.086,12.6,1.42,11.59,0,0
10/4/2020,6.47685,80.17705,0.9,4.3,0.64,-0.169,12.6,1.42,11.59,0,0
11/2/2020,6.47685,80.17705,0.3,11.6,1.87,-0.167,12.6,1.42,11.59,0,0
12/12/2020,6.47685,80.17705,6.8,18.4,0.33,-0.043,12.6,1.42,11.59,0,0
5/9/2021,6.47685,80.17705,0.1,1.4,0.64,-0.31,12.6,1.42,11.59,0,0
10/2/2021,6.47685,80.17705,5,13.1,0.34,-0.032,12.6,1.42,11.59,0,0
10/26/2021,6.47685,80.17705,85.3,206.4,3.25,1.092,12.6,1.42,11.59,0,0
12/24/2021,6.47685,80.17705,6.9,18.6,1.06,0.021,12.6,1.42,11.59,0,0
5/28/2022,6.47685,80.17705,0.3,1,0.91,-0.036,12.6,1.42,11.59,0,0
10/3/2022,6.47685,80.17705,55.4,175.6,3,0.838,12.6,1.42,11.59,0,0
10/19/2022,6.47685,80.17705,1.4,4.2,0.94,-0.321,12.6,1.42,11.59,0,0
10/31/2022,6.47685,80.17705,0.8,18.7,0.05,-0.173,12.6,1.42,11.59,0,0
11/1/2022,6.47685,80.17705,0.4,3.9,0.97,-0.272,12.6,1.42,11.59,0,0
11/11/2022,6.47685,80.17705,64.5,139.8,2.84,0.864,12.6,1.42,11.59,0,0
11/13/2022,6.47685,80.17705,4.1,12.8,0.58,0.124,12.6,1.42,11.59,0,0
11/26/2022,6.47685,80.17705,0,5.6,0.27,-0.047,12.6,1.42,11.59,0,0
5/15/2023,6.47685,80.17705,2.8,8.5,1.37,-0.186,12.6,1.42,11.59,0,0
5/26/2023,6.47685,80.17705,55.9,141.2,3.5,0.566,12.6,1.42,11.59,0,0
11/6/2023,6.47685,80.17705,4,10.7,0.56,-0.106,12.6,1.42,11.59,0,0
11/21/2023,6.47685,80.17705,4.6,12.5,0.91,-0.097,12.6,1.42,11.59,0,0
11/26/2023,6.47685,80.17705,0.2,4.2,1.05,-0.14,12.6,1.42,11.59,0,0
5/11/2024,6.47685,80.17705,0.2,3,1.02,-0.005,12.6,1.42,11.59,0,0
5/12/2024,6.47685,80.17705,1.5,5.5,0.91,-0.269,12.6,1.42,11.59,0,0
11/8/2024,6.47685,80.17705,130.8,258.6,3.98,1.722,12.6,1.42,11.59,1,1.93
12/15/2024,6.47685,80.17705,8.3,23.5,1.65,0.202,12.6,1.42,11.59,0,0
10/9/2016,6.79103,80.33572,43.8,109.2,3.5,0.424,9,1.72,4.09,0,0
10/21/2016,6.79103,80.33572,72.1,187.4,4.68,1.03,9,1.72,4.09,0,0
11/16/2016,6.79103,80.33572,27.8,56.8,3.42,0.287,9,1.72,4.09,0,0
11/19/2016,6.79103,80.33572,5.8,17.2,2.94,-0.059,9,1.72,4.09,0,0
5/21/2017,6.79103,80.33572,115.2,274.2,5.8,1.811,9,1.72,4.09,1,3.08
5/30/2017,6.79103,80.33572,15.1,39.8,3.15,0.053,9,1.72,4.09,0,0
11/4/2017,6.79103,80.33572,2.1,6.7,2.99,0.042,9,1.72,4.09,0,0
11/7/2017,6.79103,80.33572,13.9,44.9,3.19,0.245,9,1.72,4.09,0,0
11/12/2017,6.79103,80.33572,2.9,7.7,2.16,-0.238,9,1.72,4.09,0,0
11/25/2017,6.79103,80.33572,1.2,3,2.42,-0.071,9,1.72,4.09,0,0
12/1/2017,6.79103,80.33572,0.6,4.8,2.48,-0.05,9,1.72,4.09,0,0
5/11/2018,6.79103,80.33572,102.6,280.4,6.28,1.703,9,1.72,4.09,1,2.45
10/5/2018,6.79103,80.33572,5.5,17.2,2.78,-0.139,9,1.72,4.09,0,0
12/12/2018,6.79103,80.33572,28.2,71.9,3.96,0.317,9,1.72,4.09,0,0
12/16/2018,6.79103,80.33572,0,1.2,2.3,-0.074,9,1.72,4.09,0,0
12/24/2018,6.79103,80.33572,2.3,13.7,2.65,-0.152,9,1.72,4.09,0,0
10/6/2019,6.79103,80.33572,3.1,24.1,2.54,0.084,9,1.72,4.09,0,0
10/26/2019,6.79103,80.33572,3.5,9.4,3.01,-0.33,9,1.72,4.09,0,0
10/29/2019,6.79103,80.33572,0,0.5,1.95,-0.181,9,1.72,4.09,0,0
11/29/2019,6.79103,80.33572,0.5,10.9,2.23,-0.244,9,1.72,4.09,0,0
11/30/2019,6.79103,80.33572,2.7,13.7,3.06,-0.186,9,1.72,4.09,0,0
10/4/2020,6.79103,80.33572,0.8,3.7,2.9,-0.062,9,1.72,4.09,0,0
11/2/2020,6.79103,80.33572,137.1,362.9,7.06,2.3,9,1.72,4.09,1,3.8
12/12/2020,6.79103,80.33572,83.8,158.5,4.76,1.038,9,1.72,4.09,0,0
5/9/2021,6.79103,80.33572,7.1,20.3,2.68,-0.142,9,1.72,4.09,0,0
10/2/2021,6.79103,80.33572,95.2,294.5,6.15,1.395,9,1.72,4.09,1,2.91
10/26/2021,6.79103,80.33572,4.9,31.7,3.07,-0.013,9,1.72,4.09,0,0
12/24/2021,6.79103,80.33572,6.3,15,2.69,-0.022,9,1.72,4.09,0,0
5/28/2022,6.79103,80.33572,4.9,14,2.97,-0.134,9,1.72,4.09,0,0
10/3/2022,6.79103,80.33572,1.3,3.5,2.22,-0.053,9,1.72,4.09,0,0
10/19/2022,6.79103,80.33572,1.9,8,2.45,0.099,9,1.72,4.09,0,0
10/31/2022,6.79103,80.33572,6.4,17,2.04,-0.094,9,1.72,4.09,0,0
11/1/2022,6.79103,80.33572,3.9,14,3.17,-0.146,9,1.72,4.09,0,0
11/11/2022,6.79103,80.33572,4.2,24.4,2.86,-0.05,9,1.72,4.09,0,0
11/13/2022,6.79103,80.33572,32.7,78,3.02,0.215,9,1.72,4.09,0,0
11/26/2022,6.79103,80.33572,113,295.7,5.6,1.607,9,1.72,4.09,1,2.73
5/15/2023,6.79103,80.33572,10.1,37.8,3.28,0.102,9,1.72,4.09,0,0
5/26/2023,6.79103,80.33572,6.1,20.2,2.74,-0.155,9,1.72,4.09,0,0
11/6/2023,6.79103,80.33572,1,13.3,2.64,0.011,9,1.72,4.09,0,0
11/21/2023,6.79103,80.33572,59.4,156.5,4.69,0.921,9,1.72,4.09,1,1.91
11/26/2023,6.79103,80.33572,0.4,3.1,2.25,-0.232,9,1.72,4.09,0,0
5/11/2024,6.79103,80.33572,4.7,11.4,3.11,0.044,9,1.72,4.09,0,0
5/12/2024,6.79103,80.33572,0.4,2.7,2.43,-0.176,9,1.72,4.09,0,0
11/8/2024,6.79103,80.33572,2.8,10.4,2,0.153,9,1.72,4.09,0,0
12/15/2024,6.79103,80.33572,0.4,1.5,2.55,-0.105,9,1.72,4.09,0,0
10/9/2016,7.36437,81.09368,10.3,22.7,2.36,-0.154,0.5,1.28,1.51,0,0
10/21/2016,7.36437,81.09368,92.3,226.2,3.95,1.186,0.5,1.28,1.51,1,2.46
11/16/2016,7.36437,81.09368,92.1,281.6,5.01,1.416,0.5,1.28,1.51,1,3.01
11/19/2016,7.36437,81.09368,0.8,4.5,1.46,-0.164,0.5,1.28,1.51,0,0
5/21/2017,7.36437,81.09368,0.8,9.8,2.25,-0.068,0.5,1.28,1.51,0,0
5/30/2017,7.36437,81.09368,3.7,12.3,1.85,-0.155,0.5,1.28,1.51,0,0
11/4/2017,7.36437,81.09368,4,21.5,1.89,0.05,0.5,1.28,1.51,0,0
11/7/2017,7.36437,81.09368,0.8,10.6,1.6,-0.089,0.5,1.28,1.51,0,0
11/12/2017,7.36437,81.09368,43.6,81.1,3.21,0.592,0.5,1.28,1.51,1,0.93
11/25/2017,7.36437,81.09368,1.1,8.4,1.13,-0.194,0.5,1.28,1.51,0,0
12/1/2017,7.36437,81.09368,32.9,102.1,2.76,0.57,0.5,1.28,1.51,0,0
5/11/2018,7.36437,81.09368,80.2,162.5,3.83,1.095,0.5,1.28,1.51,1,1.7
10/5/2018,7.36437,81.09368,57.5,152.1,3.6,0.742,0.5,1.28,1.51,1,1.55
12/12/2018,7.36437,81.09368,7.4,23.1,1.36,0.333,0.5,1.28,1.51,0,0
12/16/2018,7.36437,81.09368,0.2,7.6,1.99,-0.005,0.5,1.28,1.51,0,0
12/24/2018,7.36437,81.09368,9.9,31.4,1.7,-0.042,0.5,1.28,1.51,0,0
10/6/2019,7.36437,81.09368,37.6,117,3.37,0.47,0.5,1.28,1.51,0,0
10/26/2019,7.36437,81.09368,0.3,0.6,1.95,-0.316,0.5,1.28,1.51,0,0
10/29/2019,7.36437,81.09368,40.2,91.8,2.3,0.332,0.5,1.28,1.51,0,0
11/29/2019,7.36437,81.09368,81.6,232.1,4.38,1.285,0.5,1.28,1.51,1,2.13
11/30/2019,7.36437,81.09368,119.4,264.4,4.55,1.57,0.5,1.28,1.51,1,2.72
10/4/2020,7.36437,81.09368,0,0.2,1.49,-0.255,0.5,1.28,1.51,0,0
11/2/2020,7.36437,81.09368,14.1,41.8,2.11,0.226,0.5,1.28,1.51,0,0
12/12/2020,7.36437,81.09368,0.7,8.4,1.19,-0.329,0.5,1.28,1.51,0,0
5/9/2021,7.36437,81.09368,0.8,2.7,1.24,-0.128,0.5,1.28,1.51,0,0
10/2/2021,7.36437,81.09368,113.6,352.1,5.95,1.863,0.5,1.28,1.51,1,3.57
10/26/2021,7.36437,81.09368,1.8,4.4,1.36,-0.21,0.5,1.28,1.51,0,0
12/24/2021,7.36437,81.09368,0.6,7.3,2.1,-0.009,0.5,1.28,1.51,0,0
5/28/2022,7.36437,81.09368,87.8,217.3,4.12,1.201,0.5,1.28,1.51,1,2.34
10/3/2022,7.36437,81.09368,6.2,15.6,1.65,0.099,0.5,1.28,1.51,0,0
10/19/2022,7.36437,81.09368,87.1,229.2,4.54,1.351,0.5,1.28,1.51,1,2.38
10/31/2022,7.36437,81.09368,1.7,4.8,1.6,-0.254,0.5,1.28,1.51,0,0
11/1/2022,7.36437,81.09368,66.1,163.2,3.53,1.005,0.5,1.28,1.51,0,0
11/11/2022,7.36437,81.09368,10.7,32.7,2.51,0.117,0.5,1.28,1.51,0,0
11/13/2022,7.36437,81.09368,0.3,1.4,1.11,-0.016,0.5,1.28,1.51,0,0
11/26/2022,7.36437,81.09368,0.2,17,1.84,-0.093,0.5,1.28,1.51,0,0
5/15/2023,7.36437,81.09368,77.5,155.4,3.7,0.835,0.5,1.28,1.51,1,1.79
5/26/2023,7.36437,81.09368,52,151.1,3.36,0.742,0.5,1.28,1.51,0,0
11/6/2023,7.36437,81.09368,11.4,27.8,1.6,0.002,0.5,1.28,1.51,0,0
11/21/2023,7.36437,81.09368,58.3,151.7,3.41,0.844,0.5,1.28,1.51,1,1.58
11/26/2023,7.36437,81.09368,108.4,274.1,4.94,1.857,0.5,1.28,1.51,1,2.68
5/11/2024,7.36437,81.09368,0.1,0.4,1.61,-0.31,0.5,1.28,1.51,0,0
5/12/2024,7.36437,81.09368,43.5,129.3,3.07,0.602,0.5,1.28,1.51,1,1.89
11/8/2024,7.36437,81.09368,0.1,4,1.32,-0.151,0.5,1.28,1.51,0,0
12/15/2024,7.36437,81.09368,0.1,0.7,1.33,-0.246,0.5,1.28,1.51,0,0
10/9/2016,7.12306,80.91934,0.5,1.5,2.43,0.064,18.5,1.24,1.53,0,0
10/21/2016,7.12306,80.91934,7,18.7,3.17,-0.088,18.5,1.24,1.53,0,0
11/16/2016,7.12306,80.91934,3.4,13.3,2.84,-0.111,18.5,1.24,1.53,0,0
11/19/2016,7.12306,80.91934,0.5,1.6,2.93,-0.229,18.5,1.24,1.53,0,0
5/21/2017,7.12306,80.91934,7.2,30.1,3.86,-0.101,18.5,1.24,1.53,0,0
5/30/2017,7.12306,80.91934,36.1,98.9,4.09,0.238,18.5,1.24,1.53,0,0
11/4/2017,7.12306,80.91934,1.6,4,3.46,-0.071,18.5,1.24,1.53,0,0
11/7/2017,7.12306,80.91934,218.5,526,8.88,2.3,18.5,1.24,1.53,1,3.8
11/12/2017,7.12306,80.91934,0.6,2.2,3.21,-0.034,18.5,1.24,1.53,0,0
11/25/2017,7.12306,80.91934,0.1,4.9,2.76,-0.388,18.5,1.24,1.53,0,0
12/1/2017,7.12306,80.91934,89.1,226.1,5.16,1.307,18.5,1.24,1.53,1,2.56
5/11/2018,7.12306,80.91934,0.2,1.9,2.62,-0.2,18.5,1.24,1.53,0,0
10/5/2018,7.12306,80.91934,13.4,33.5,3.19,-0.034,18.5,1.24,1.53,0,0
12/12/2018,7.12306,80.91934,0.1,5.9,3.39,0.111,18.5,1.24,1.53,0,0
12/16/2018,7.12306,80.91934,7.4,17.6,3.44,-0.238,18.5,1.24,1.53,0,0
12/24/2018,7.12306,80.91934,0,2.6,3.07,-0.165,18.5,1.24,1.53,0,0
10/6/2019,7.12306,80.91934,0.3,4.1,3.08,-0.087,18.5,1.24,1.53,0,0
10/26/2019,7.12306,80.91934,1.2,5.7,2.61,-0.128,18.5,1.24,1.53,0,0
10/29/2019,7.12306,80.91934,106,204.7,5.5,1.322,18.5,1.24,1.53,0,0
11/29/2019,7.12306,80.91934,22.8,66.8,3.29,0.222,18.5,1.24,1.53,0,0
11/30/2019,7.12306,80.91934,6.3,17.3,3.5,-0.161,18.5,1.24,1.53,0,0
10/4/2020,7.12306,80.91934,0.7,7,2.98,-0.273,18.5,1.24,1.53,0,0
11/2/2020,7.12306,80.91934,0,2.3,3.01,-0.419,18.5,1.24,1.53,0,0
12/12/2020,7.12306,80.91934,79.3,200.8,5.43,1.193,18.5,1.24,1.53,1,2.08
5/9/2021,7.12306,80.91934,3.2,8.5,2.51,-0.138,18.5,1.24,1.53,0,0
10/2/2021,7.12306,80.91934,0.9,6.4,3.28,-0.175,18.5,1.24,1.53,0,0
10/26/2021,7.12306,80.91934,4,12.1,2.63,-0.081,18.5,1.24,1.53,0,0
12/24/2021,7.12306,80.91934,96.7,245.6,5.84,1.353,18.5,1.24,1.53,0,0
5/28/2022,7.12306,80.91934,9.6,30.6,3.29,0.032,18.5,1.24,1.53,0,0
10/3/2022,7.12306,80.91934,0.6,7,2.94,0.005,18.5,1.24,1.53,0,0
10/19/2022,7.12306,80.91934,6.7,16.4,2.79,-0.289,18.5,1.24,1.53,0,0
10/31/2022,7.12306,80.91934,4.7,13.4,2.73,0.156,18.5,1.24,1.53,0,0
11/1/2022,7.12306,80.91934,0.5,4.7,2.68,-0.141,18.5,1.24,1.53,0,0
11/11/2022,7.12306,80.91934,0.9,3.1,2.68,-0.007,18.5,1.24,1.53,0,0
11/13/2022,7.12306,80.91934,92.9,199.7,5.05,1.307,18.5,1.24,1.53,1,2.19
11/26/2022,7.12306,80.91934,1.7,4,2.9,-0.015,18.5,1.24,1.53,0,0
5/15/2023,7.12306,80.91934,2.4,8.5,2.78,0.166,18.5,1.24,1.53,0,0
5/26/2023,7.12306,80.91934,0.7,1.9,2.91,-0.132,18.5,1.24,1.53,0,0
11/6/2023,7.12306,80.91934,0.8,3,3.1,0.066,18.5,1.24,1.53,0,0
11/21/2023,7.12306,80.91934,0,3.6,2.82,-0.176,18.5,1.24,1.53,0,0
11/26/2023,7.12306,80.91934,0.3,1,2.38,-0.169,18.5,1.24,1.53,1,0.15
5/11/2024,7.12306,80.91934,2.3,10,3.22,-0.172,18.5,1.24,1.53,0,0
5/12/2024,7.12306,80.91934,0.1,7.3,2.86,-0.017,18.5,1.24,1.53,0,0
11/8/2024,7.12306,80.91934,47,95.9,4.57,0.468,18.5,1.24,1.53,0,0
12/15/2024,7.12306,80.91934,0,0.8,2.59,-0.28,18.5,1.24,1.53,0,0
10/9/2016,6.7572,81.2786,16.5,31.5,2.1,0.287,41.9,2.22,3.75,0,0
10/21/2016,6.7572,81.2786,6.9,16.7,1.96,-0.01,41.9,2.22,3.75,0,0
11/16/2016,6.7572,81.2786,1.7,8.1,1.8,-0.069,41.9,2.22,3.75,0,0
11/19/2016,6.7572,81.2786,0.1,7.8,1.79,-0.18,41.9,2.22,3.75,0,0
5/21/2017,6.7572,81.2786,2.1,9.3,1.89,-0.1,41.9,2.22,3.75,0,0
5/30/2017,6.7572,81.2786,0.6,4.2,1.6,-0.16,41.9,2.22,3.75,0,0
11/4/2017,6.7572,81.2786,43.2,123,3.24,0.666,41.9,2.22,3.75,0,0
11/7/2017,6.7572,81.2786,0.5,4.7,1.99,-0.024,41.9,2.22,3.75,0,0
11/12/2017,6.7572,81.2786,2.7,24.9,1.93,-0.069,41.9,2.22,3.75,0,0
11/25/2017,6.7572,81.2786,5.1,15.6,1.88,-0.178,41.9,2.22,3.75,0,0
12/1/2017,6.7572,81.2786,1,9.8,2.04,0.21,41.9,2.22,3.75,0,0
5/11/2018,6.7572,81.2786,90.2,197.8,3.79,1.378,41.9,2.22,3.75,0,0
10/5/2018,6.7572,81.2786,8.4,21.7,2.55,-0.292,41.9,2.22,3.75,0,0
12/12/2018,6.7572,81.2786,0.2,3.5,1.23,-0.174,41.9,2.22,3.75,0,0
12/16/2018,6.7572,81.2786,3.5,9.4,1.86,-0.157,41.9,2.22,3.75,0,0
12/24/2018,6.7572,81.2786,6.9,30.8,2.26,0.047,41.9,2.22,3.75,0,0
10/6/2019,6.7572,81.2786,0.4,1.3,1.38,-0.032,41.9,2.22,3.75,0,0
10/26/2019,6.7572,81.2786,1.6,6.3,1.97,0.079,41.9,2.22,3.75,0,0
10/29/2019,6.7572,81.2786,0.4,2.1,2.13,-0.337,41.9,2.22,3.75,0,0
11/29/2019,6.7572,81.2786,12.4,30.1,2.48,0.182,41.9,2.22,3.75,0,0
11/30/2019,6.7572,81.2786,2.1,10.1,1.44,-0.112,41.9,2.22,3.75,0,0
10/4/2020,6.7572,81.2786,6.8,16.4,2.52,0.136,41.9,2.22,3.75,0,0
11/2/2020,6.7572,81.2786,2.8,9.2,1.83,-0.042,41.9,2.22,3.75,0,0
12/12/2020,6.7572,81.2786,7.5,22.3,1.92,0.028,41.9,2.22,3.75,0,0
5/9/2021,6.7572,81.2786,4.6,16,1.33,-0.109,41.9,2.22,3.75,0,0
10/2/2021,6.7572,81.2786,56.6,140.4,3.34,0.97,41.9,2.22,3.75,0,0
10/26/2021,6.7572,81.2786,0.3,1.2,1.71,-0.222,41.9,2.22,3.75,0,0
12/24/2021,6.7572,81.2786,0.1,7,1.28,-0.116,41.9,2.22,3.75,0,0
5/28/2022,6.7572,81.2786,156.6,338.3,5.05,2.262,41.9,2.22,3.75,1,2.88
10/3/2022,6.7572,81.2786,0.9,4.1,1.52,-0.144,41.9,2.22,3.75,0,0
10/19/2022,6.7572,81.2786,0.7,5.9,1.53,0,41.9,2.22,3.75,0,0
10/31/2022,6.7572,81.2786,0,1.1,1.19,-0.465,41.9,2.22,3.75,0,0
11/1/2022,6.7572,81.2786,41.8,119.5,3.27,0.505,41.9,2.22,3.75,0,0
11/11/2022,6.7572,81.2786,0,1.5,2.33,-0.069,41.9,2.22,3.75,0,0
11/13/2022,6.7572,81.2786,5.5,14.3,2.1,-0.165,41.9,2.22,3.75,0,0
11/26/2022,6.7572,81.2786,6.9,17.7,1.67,0.135,41.9,2.22,3.75,0,0
5/15/2023,6.7572,81.2786,59.3,150.6,3.72,0.822,41.9,2.22,3.75,0,0
5/26/2023,6.7572,81.2786,1.2,3.4,1.9,-0.142,41.9,2.22,3.75,0,0
11/6/2023,6.7572,81.2786,0,3.1,1.3,-0.092,41.9,2.22,3.75,0,0
11/21/2023,6.7572,81.2786,2.5,7.5,1.71,-0.212,41.9,2.22,3.75,0,0
11/26/2023,6.7572,81.2786,40.2,128.6,3.21,0.703,41.9,2.22,3.75,0,0
5/11/2024,6.7572,81.2786,2.3,6,2.15,-0.228,41.9,2.22,3.75,0,0
5/12/2024,6.7572,81.2786,0.1,1.4,1.56,0.011,41.9,2.22,3.75,0,0
11/8/2024,6.7572,81.2786,0.3,11.1,1.68,-0.042,41.9,2.22,3.75,0,0
12/15/2024,6.7572,81.2786,0.9,4.5,2.05,-0.057,41.9,2.22,3.75,0,0
10/9/2016,7.59082,80.9337,0.1,3.4,0.46,-0.267,47.4,0.47,0.76,0,0
10/21/2016,7.59082,80.9337,0.4,3,0.05,-0.43,47.4,0.47,0.76,0,0
11/16/2016,7.59082,80.9337,33.4,85,1.32,0.294,47.4,0.47,0.76,0,0
11/19/2016,7.59082,80.9337,0.7,5.1,1.25,-0.271,47.4,0.47,0.76,0,0
5/21/2017,7.59082,80.9337,186.5,412.1,6.39,2.3,47.4,0.47,0.76,1,3.33
5/30/2017,7.59082,80.9337,6.2,30.7,1.14,0.001,47.4,0.47,0.76,0,0
11/4/2017,7.59082,80.9337,2,9,0.9,0.099,47.4,0.47,0.76,0,0
11/7/2017,7.59082,80.9337,2.6,7.6,0.86,0.138,47.4,0.47,0.76,0,0
11/12/2017,7.59082,80.9337,0.4,2.1,0.83,-0.361,47.4,0.47,0.76,0,0
11/25/2017,7.59082,80.9337,14.7,45.3,1.05,0.135,47.4,0.47,0.76,0,0
12/1/2017,7.59082,80.9337,5.6,15.6,1.08,0.17,47.4,0.47,0.76,0,0
5/11/2018,7.59082,80.9337,71.7,212.8,3.26,1.059,47.4,0.47,0.76,0,0
10/5/2018,7.59082,80.9337,3,8.2,0.53,-0.005,47.4,0.47,0.76,0,0
12/12/2018,7.59082,80.9337,113.8,272.1,3.99,1.744,47.4,0.47,0.76,1,2.11
12/16/2018,7.59082,80.9337,1,2,0.85,-0.309,47.4,0.47,0.76,0,0
12/24/2018,7.59082,80.9337,0.2,7.6,0.96,-0.228,47.4,0.47,0.76,0,0
10/6/2019,7.59082,80.9337,3.9,11.5,0.51,-0.127,47.4,0.47,0.76,0,0
10/26/2019,7.59082,80.9337,7.2,17.6,1.28,0.123,47.4,0.47,0.76,0,0
10/29/2019,7.59082,80.9337,0,3,0.57,-0.015,47.4,0.47,0.76,0,0
11/29/2019,7.59082,80.9337,49.4,91.9,2.06,0.434,47.4,0.47,0.76,0,0
11/30/2019,7.59082,80.9337,115.9,277.1,4.03,1.783,47.4,0.47,0.76,1,1.83
10/4/2020,7.59082,80.9337,0.3,9.6,1.36,0.023,47.4,0.47,0.76,0,0
11/2/2020,7.59082,80.9337,67.9,181.9,2.85,1.001,47.4,0.47,0.76,0,0
12/12/2020,7.59082,80.9337,3.7,10.2,1.21,0.041,47.4,0.47,0.76,0,0
5/9/2021,7.59082,80.9337,6.5,22.8,0.77,0.113,47.4,0.47,0.76,0,0
10/2/2021,7.59082,80.9337,1.7,7.9,0.49,-0.158,47.4,0.47,0.76,0,0
10/26/2021,7.59082,80.9337,4.2,11.6,0.43,-0.16,47.4,0.47,0.76,0,0
12/24/2021,7.59082,80.9337,1.6,9.5,1.09,-0.044,47.4,0.47,0.76,0,0
5/28/2022,7.59082,80.9337,0.2,4,0.92,-0.04,47.4,0.47,0.76,0,0
10/3/2022,7.59082,80.9337,3.2,18.6,1.03,0.086,47.4,0.47,0.76,0,0
10/19/2022,7.59082,80.9337,0.6,3,1.29,0.029,47.4,0.47,0.76,0,0
10/31/2022,7.59082,80.9337,2.1,6.4,0.72,0.021,47.4,0.47,0.76,0,0
11/1/2022,7.59082,80.9337,3.9,10.7,1.54,0,47.4,0.47,0.76,0,0
11/11/2022,7.59082,80.9337,7.3,19.8,1.45,-0.207,47.4,0.47,0.76,0,0
11/13/2022,7.59082,80.9337,0.2,2.8,0.86,-0.214,47.4,0.47,0.76,0,0
11/26/2022,7.59082,80.9337,103.9,169.3,3,1.159,47.4,0.47,0.76,1,1.34
5/15/2023,7.59082,80.9337,0,3.1,1.33,-0.187,47.4,0.47,0.76,0,0
5/26/2023,7.59082,80.9337,0,1.2,0.69,-0.012,47.4,0.47,0.76,0,0
11/6/2023,7.59082,80.9337,19.6,63.9,1.52,0.034,47.4,0.47,0.76,0,0
11/21/2023,7.59082,80.9337,4.1,9.3,0.91,0.024,47.4,0.47,0.76,0,0
11/26/2023,7.59082,80.9337,0.6,2.3,0.52,-0.301,47.4,0.47,0.76,0,0
5/11/2024,7.59082,80.9337,0.4,5.2,0.22,-0.219,47.4,0.47,0.76,0,0
5/12/2024,7.59082,80.9337,4.8,12.9,1.17,-0.128,47.4,0.47,0.76,0,0
11/8/2024,7.59082,80.9337,3.1,27.1,1.66,-0.166,47.4,0.47,0.76,0,0
12/15/2024,7.59082,80.9337,0.2,8.1,0.41,-0.181,47.4,0.47,0.76,0,0
10/9/2016,6.36268,80.77296,51.3,125.6,2.53,0.533,35.8,0.53,0.33,0,0
10/21/2016,6.36268,80.77296,9.5,26.4,0.89,-0.117,35.8,0.53,0.33,0,0
11/16/2016,6.36268,80.77296,76.3,189.5,3.36,1.202,35.8,0.53,0.33,0,0
11/19/2016,6.36268,80.77296,5.3,17.5,0.62,-0.112,35.8,0.53,0.33,0,0
5/21/2017,6.36268,80.77296,68.5,212.6,3.62,1.083,35.8,0.53,0.33,0,0
5/30/2017,6.36268,80.77296,1.4,4.4,0.86,-0.152,35.8,0.53,0.33,0,0
11/4/2017,6.36268,80.77296,3.1,8,1.65,-0.155,35.8,0.53,0.33,0,0
11/7/2017,6.36268,80.77296,0,10.8,0.75,-0.101,35.8,0.53,0.33,0,0
11/12/2017,6.36268,80.77296,2.6,9.7,0.61,-0.104,35.8,0.53,0.33,0,0
11/25/2017,6.36268,80.77296,66.2,170.1,1.99,0.656,35.8,0.53,0.33,0,0
12/1/2017,6.36268,80.77296,10.7,24.1,1.59,0.231,35.8,0.53,0.33,0,0
5/11/2018,6.36268,80.77296,10,22.4,1.57,-0.054,35.8,0.53,0.33,0,0
10/5/2018,6.36268,80.77296,5.4,13.4,0.68,0.099,35.8,0.53,0.33,0,0
12/12/2018,6.36268,80.77296,0.9,2.1,0.66,-0.22,35.8,0.53,0.33,0,0
12/16/2018,6.36268,80.77296,3.4,10.3,0.7,-0.223,35.8,0.53,0.33,0,0
12/24/2018,6.36268,80.77296,81.5,177.7,2.53,1.089,35.8,0.53,0.33,0,0
10/6/2019,6.36268,80.77296,0.1,4.1,0.41,-0.109,35.8,0.53,0.33,0,0
10/26/2019,6.36268,80.77296,60.7,131.9,2.59,0.814,35.8,0.53,0.33,0,0
10/29/2019,6.36268,80.77296,56.6,126.5,1.62,0.715,35.8,0.53,0.33,0,0
11/29/2019,6.36268,80.77296,110.6,183.8,2.94,1.229,35.8,0.53,0.33,1,1.89
11/30/2019,6.36268,80.77296,0.2,2.2,0.56,-0.198,35.8,0.53,0.33,0,0
10/4/2020,6.36268,80.77296,16.5,44.5,1.65,0.114,35.8,0.53,0.33,1,0.47
11/2/2020,6.36268,80.77296,2.1,6.8,1.17,0.153,35.8,0.53,0.33,0,0
12/12/2020,6.36268,80.77296,79.3,219.8,3.67,1.017,35.8,0.53,0.33,1,2.24
5/9/2021,6.36268,80.77296,37.3,125.5,2.29,0.403,35.8,0.53,0.33,0,0
10/2/2021,6.36268,80.77296,1,4.8,0.65,-0.005,35.8,0.53,0.33,0,0
10/26/2021,6.36268,80.77296,0.2,4.2,0.45,-0.195,35.8,0.53,0.33,0,0
12/24/2021,6.36268,80.77296,97.1,289,4.84,1.475,35.8,0.53,0.33,1,2.34
5/28/2022,6.36268,80.77296,8.6,19.4,1.27,-0.038,35.8,0.53,0.33,0,0
10/3/2022,6.36268,80.77296,2.6,11.9,0.91,-0.083,35.8,0.53,0.33,0,0
10/19/2022,6.36268,80.77296,20.2,67.8,1.71,0.095,35.8,0.53,0.33,0,0
10/31/2022,6.36268,80.77296,69.6,216.8,3.09,1.112,35.8,0.53,0.33,0,0
11/1/2022,6.36268,80.77296,184.6,424.9,6.02,2.3,35.8,0.53,0.33,1,3.76
11/11/2022,6.36268,80.77296,8.8,28.1,1.07,0.066,35.8,0.53,0.33,0,0
11/13/2022,6.36268,80.77296,0.1,1.4,0.57,-0.042,35.8,0.53,0.33,0,0
11/26/2022,6.36268,80.77296,1.9,11.5,0.89,-0.225,35.8,0.53,0.33,0,0
5/15/2023,6.36268,80.77296,2,8.4,0.54,-0.194,35.8,0.53,0.33,0,0
5/26/2023,6.36268,80.77296,2.1,21.2,0.62,0.147,35.8,0.53,0.33,0,0
11/6/2023,6.36268,80.77296,106.3,274.2,3.86,1.376,35.8,0.53,0.33,1,1.65
11/21/2023,6.36268,80.77296,33.1,105.5,1.83,0.518,35.8,0.53,0.33,0,0
11/26/2023,6.36268,80.77296,4.2,14.8,0.35,-0.098,35.8,0.53,0.33,0,0
5/11/2024,6.36268,80.77296,2.9,16.5,1.07,-0.316,35.8,0.53,0.33,0,0
5/12/2024,6.36268,80.77296,7.7,41.1,1.96,0.021,35.8,0.53,0.33,1,0.34
11/8/2024,6.36268,80.77296,6.9,14.5,0.9,-0.093,35.8,0.53,0.33,0,0
12/15/2024,6.36268,80.77296,6.5,16.6,0.71,-0.264,35.8,0.53,0.33,0,0
10/9/2016,6.75958,79.91861,2.1,8,1.07,-0.232,8.6,4.56,1.23,0,0
10/21/2016,6.75958,79.91861,0.5,1.6,1.12,-0.103,8.6,4.56,1.23,0,0
11/16/2016,6.75958,79.91861,36.1,105.1,1.71,0.43,8.6,4.56,1.23,0,0
11/19/2016,6.75958,79.91861,0.8,3.2,0.7,-0.01,8.6,4.56,1.23,0,0
5/21/2017,6.75958,79.91861,0.7,1.8,1.12,0.209,8.6,4.56,1.23,0,0
5/30/2017,6.75958,79.91861,99,248.5,4.39,1.383,8.6,4.56,1.23,1,2.15
11/4/2017,6.75958,79.91861,0.1,2.8,1.27,-0.227,8.6,4.56,1.23,0,0
11/7/2017,6.75958,79.91861,57.3,174.7,3.5,0.91,8.6,4.56,1.23,1,2.06
11/12/2017,6.75958,79.91861,2.4,5.5,1.27,-0.132,8.6,4.56,1.23,0,0
11/25/2017,6.75958,79.91861,100.1,301.5,4.7,1.597,8.6,4.56,1.23,1,2.87
12/1/2017,6.75958,79.91861,4,7.4,1.19,0.008,8.6,4.56,1.23,0,0
5/11/2018,6.75958,79.91861,0.2,4.1,1.1,-0.008,8.6,4.56,1.23,0,0
10/5/2018,6.75958,79.91861,0.1,2.4,1.04,-0.013,8.6,4.56,1.23,1,0.27
12/12/2018,6.75958,79.91861,54,127.7,2.72,0.601,8.6,4.56,1.23,0,0
12/16/2018,6.75958,79.91861,19.3,57.1,1.5,0.254,8.6,4.56,1.23,0,0
12/24/2018,6.75958,79.91861,5.5,14.9,0.85,-0.317,8.6,4.56,1.23,0,0
10/6/2019,6.75958,79.91861,30.3,69.5,2.02,0.442,8.6,4.56,1.23,0,0
10/26/2019,6.75958,79.91861,0.9,3.3,0.98,-0.272,8.6,4.56,1.23,0,0
10/29/2019,6.75958,79.91861,3.6,10.9,1.06,-0.014,8.6,4.56,1.23,0,0
11/29/2019,6.75958,79.91861,18.6,63.4,2.01,0.302,8.6,4.56,1.23,0,0
11/30/2019,6.75958,79.91861,36.6,105.8,1.9,0.469,8.6,4.56,1.23,0,0
10/4/2020,6.75958,79.91861,7.2,19.9,1.03,0.049,8.6,4.56,1.23,0,0
11/2/2020,6.75958,79.91861,2.9,11.7,1.56,-0.05,8.6,4.56,1.23,0,0
12/12/2020,6.75958,79.91861,8.2,23.4,1.43,-0.025,8.6,4.56,1.23,0,0
5/9/2021,6.75958,79.91861,0.1,0.8,1.11,-0.14,8.6,4.56,1.23,0,0
10/2/2021,6.75958,79.91861,0,1.3,1.17,-0.103,8.6,4.56,1.23,0,0
10/26/2021,6.75958,79.91861,271.6,759.3,9.2,2.3,8.6,4.56,1.23,1,3.8
12/24/2021,6.75958,79.91861,19.2,40.8,1.55,0.031,8.6,4.56,1.23,1,0.66
5/28/2022,6.75958,79.91861,1.8,17,1.25,-0.201,8.6,4.56,1.23,0,0
10/3/2022,6.75958,79.91861,27.4,75.2,1.84,0.293,8.6,4.56,1.23,0,0
10/19/2022,6.75958,79.91861,3.4,8,0.79,0.1,8.6,4.56,1.23,0,0
10/31/2022,6.75958,79.91861,1.4,3.2,1.46,-0.223,8.6,4.56,1.23,0,0
11/1/2022,6.75958,79.91861,33.3,93.2,2.4,0.599,8.6,4.56,1.23,0,0
11/11/2022,6.75958,79.91861,0.2,1.8,0.95,-0.12,8.6,4.56,1.23,0,0
11/13/2022,6.75958,79.91861,66.5,219.7,3.42,0.951,8.6,4.56,1.23,1,1.87
11/26/2022,6.75958,79.91861,11,33,1.73,-0.11,8.6,4.56,1.23,0,0
5/15/2023,6.75958,79.91861,0.3,2.7,1.31,0.062,8.6,4.56,1.23,0,0
5/26/2023,6.75958,79.91861,0,0.8,1.34,-0.057,8.6,4.56,1.23,0,0
11/6/2023,6.75958,79.91861,4.8,11.3,1.21,-0.178,8.6,4.56,1.23,0,0
11/21/2023,6.75958,79.91861,0,1.4,1.25,-0.28,8.6,4.56,1.23,0,0
11/26/2023,6.75958,79.91861,80.2,245.5,5.12,1.334,8.6,4.56,1.23,1,2.22
5/11/2024,6.75958,79.91861,30.5,81.5,1.64,0.29,8.6,4.56,1.23,0,0
5/12/2024,6.75958,79.91861,2.4,9.8,1.03,-0.223,8.6,4.56,1.23,0,0
11/8/2024,6.75958,79.91861,47.3,94.4,2.68,0.592,8.6,4.56,1.23,0,0
12/15/2024,6.75958,79.91861,80,158.2,3.33,0.968,8.6,4.56,1.23,1,1.85
10/9/2016,6.95254,80.41189,203.8,540.4,9.08,2.3,19.9,7.14,0.95,0,0
10/21/2016,6.95254,80.41189,1.2,5.3,3.04,-0.155,19.9,7.14,0.95,0,0
11/16/2016,6.95254,80.41189,2.4,8.1,3.27,0.026,19.9,7.14,0.95,0,0
11/19/2016,6.95254,80.41189,1.9,10.6,2.9,-0.242,19.9,7.14,0.95,0,0
5/21/2017,6.95254,80.41189,100.5,276.6,6.8,1.603,19.9,7.14,0.95,1,3.03
5/30/2017,6.95254,80.41189,7.3,19.7,2.59,-0.076,19.9,7.14,0.95,0,0
11/4/2017,6.95254,80.41189,154.4,378.7,7.31,2.265,19.9,7.14,0.95,1,3.59
11/7/2017,6.95254,80.41189,0.4,4.6,2.73,-0.156,19.9,7.14,0.95,0,0
11/12/2017,6.95254,80.41189,1,5.5,2.45,-0.077,19.9,7.14,0.95,0,0
11/25/2017,6.95254,80.41189,1,2.6,2.89,-0.236,19.9,7.14,0.95,0,0
12/1/2017,6.95254,80.41189,3.2,12.8,2.56,0.027,19.9,7.14,0.95,0,0
5/11/2018,6.95254,80.41189,1.9,15.5,2.94,-0.133,19.9,7.14,0.95,0,0
10/5/2018,6.95254,80.41189,86.6,248.7,5.89,1.445,19.9,7.14,0.95,1,2.89
12/12/2018,6.95254,80.41189,7.1,18.4,2.7,0.003,19.9,7.14,0.95,0,0
12/16/2018,6.95254,80.41189,1.1,4.4,2.45,-0.062,19.9,7.14,0.95,0,0
12/24/2018,6.95254,80.41189,0,6.6,2.47,-0.203,19.9,7.14,0.95,0,0
10/6/2019,6.95254,80.41189,2.8,6.7,2.58,-0.207,19.9,7.14,0.95,0,0
10/26/2019,6.95254,80.41189,0.2,2.1,2.84,-0.23,19.9,7.14,0.95,0,0
10/29/2019,6.95254,80.41189,20.2,51.9,3.06,0.11,19.9,7.14,0.95,0,0
11/29/2019,6.95254,80.41189,108.5,306.4,6.09,1.76,19.9,7.14,0.95,1,3.43
11/30/2019,6.95254,80.41189,81.4,257.7,6.08,1.33,19.9,7.14,0.95,1,2.8
10/4/2020,6.95254,80.41189,0.7,24.9,2.78,0.107,19.9,7.14,0.95,0,0
11/2/2020,6.95254,80.41189,0.1,5.9,2.95,-0.31,19.9,7.14,0.95,0,0
12/12/2020,6.95254,80.41189,217.5,642,9.2,2.3,19.9,7.14,0.95,1,3.8
5/9/2021,6.95254,80.41189,0.6,4.3,2.52,-0.251,19.9,7.14,0.95,0,0
10/2/2021,6.95254,80.41189,0.3,4.5,2.54,-0.159,19.9,7.14,0.95,0,0
10/26/2021,6.95254,80.41189,85.6,236.4,5.21,1.241,19.9,7.14,0.95,0,0
12/24/2021,6.95254,80.41189,29.2,68.2,3.67,0.384,19.9,7.14,0.95,0,0
5/28/2022,6.95254,80.41189,8.6,16.1,2.94,-0.197,19.9,7.14,0.95,0,0
10/3/2022,6.95254,80.41189,0.8,3.3,2.2,-0.103,19.9,7.14,0.95,0,0
10/19/2022,6.95254,80.41189,2.5,5.8,2.64,-0.114,19.9,7.14,0.95,0,0
10/31/2022,6.95254,80.41189,0.2,2.5,2.66,-0.131,19.9,7.14,0.95,0,0
11/1/2022,6.95254,80.41189,0.6,2.7,2.57,-0.2,19.9,7.14,0.95,0,0
11/11/2022,6.95254,80.41189,1.3,8.5,3.51,-0.235,19.9,7.14,0.95,0,0
11/13/2022,6.95254,80.41189,21.8,54.6,3.66,0.031,19.9,7.14,0.95,0,0
11/26/2022,6.95254,80.41189,39.4,103,4.04,0.469,19.9,7.14,0.95,0,0
5/15/2023,6.95254,80.41189,152.4,313.4,6.43,1.923,19.9,7.14,0.95,1,3
5/26/2023,6.95254,80.41189,2.3,16.9,3,0.042,19.9,7.14,0.95,0,0
11/6/2023,6.95254,80.41189,0.4,1.5,2.53,0.004,19.9,7.14,0.95,0,0
11/21/2023,6.95254,80.41189,0.1,1.3,3.17,-0.148,19.9,7.14,0.95,0,0
11/26/2023,6.95254,80.41189,6.8,24.5,2.8,0.102,19.9,7.14,0.95,0,0
5/11/2024,6.95254,80.41189,13.9,28.9,3.23,-0.139,19.9,7.14,0.95,0,0
5/12/2024,6.95254,80.41189,59.3,144.4,4.71,0.555,19.9,7.14,0.95,0,0
11/8/2024,6.95254,80.41189,3.1,7.6,2.52,-0.151,19.9,7.14,0.95,0,0
12/15/2024,6.95254,80.41189,1.8,3.7,2.79,0.107,19.9,7.14,0.95,0,0
10/9/2016,7.18578,80.22736,36.7,98.1,3.01,0.328,22.8,1.16,0.98,0,0
10/21/2016,7.18578,80.22736,6.2,14.6,1.55,-0.005,22.8,1.16,0.98,0,0
11/16/2016,7.18578,80.22736,0.3,17.1,1.95,0.013,22.8,1.16,0.98,0,0
11/19/2016,7.18578,80.22736,4.6,16.8,2.13,-0.182,22.8,1.16,0.98,0,0
5/21/2017,7.18578,80.22736,0,1.2,1.71,0.024,22.8,1.16,0.98,0,0
5/30/2017,7.18578,80.22736,0.1,5.1,1.44,-0.194,22.8,1.16,0.98,0,0
11/4/2017,7.18578,80.22736,4.3,28.5,1.89,0.114,22.8,1.16,0.98,0,0
11/7/2017,7.18578,80.22736,0,0.2,2.26,-0.163,22.8,1.16,0.98,0,0
11/12/2017,7.18578,80.22736,6.4,16.4,2.11,0.096,22.8,1.16,0.98,0,0
11/25/2017,7.18578,80.22736,67.6,129.3,3.2,0.823,22.8,1.16,0.98,1,1.45
12/1/2017,7.18578,80.22736,0,1.3,2.35,-0.177,22.8,1.16,0.98,0,0
5/11/2018,7.18578,80.22736,78.8,210.5,4.71,1.241,22.8,1.16,0.98,0,0
10/5/2018,7.18578,80.22736,2.6,8.1,1.79,0.088,22.8,1.16,0.98,0,0
12/12/2018,7.18578,80.22736,0.1,1.6,1.77,-0.22,22.8,1.16,0.98,0,0
12/16/2018,7.18578,80.22736,0.3,1.4,1.72,-0.123,22.8,1.16,0.98,0,0
12/24/2018,7.18578,80.22736,3.4,10.8,2.03,-0.139,22.8,1.16,0.98,0,0
10/6/2019,7.18578,80.22736,3,9.8,1.75,0.081,22.8,1.16,0.98,0,0
10/26/2019,7.18578,80.22736,1,4.6,2.16,-0.15,22.8,1.16,0.98,0,0
10/29/2019,7.18578,80.22736,43.4,98.1,2.47,0.622,22.8,1.16,0.98,0,0
11/29/2019,7.18578,80.22736,3.9,11.8,2.47,0.003,22.8,1.16,0.98,0,0
11/30/2019,7.18578,80.22736,1,2.9,2.05,-0.216,22.8,1.16,0.98,0,0
10/4/2020,7.18578,80.22736,24.4,78.8,2.9,0.169,22.8,1.16,0.98,0,0
11/2/2020,7.18578,80.22736,2.1,10,1.71,-0.178,22.8,1.16,0.98,0,0
12/12/2020,7.18578,80.22736,178.5,485.6,7.75,2.3,22.8,1.16,0.98,1,3.8
5/9/2021,7.18578,80.22736,74.6,237.8,4.47,1.31,22.8,1.16,0.98,0,0
10/2/2021,7.18578,80.22736,8,18.9,2.38,0.08,22.8,1.16,0.98,0,0
10/26/2021,7.18578,80.22736,5.5,20.5,1.76,-0.073,22.8,1.16,0.98,0,0
12/24/2021,7.18578,80.22736,23.1,68.3,2.61,0.443,22.8,1.16,0.98,0,0
5/28/2022,7.18578,80.22736,12.7,50.9,2.76,0.122,22.8,1.16,0.98,0,0
10/3/2022,7.18578,80.22736,1.8,6.8,1.95,-0.272,22.8,1.16,0.98,0,0
10/19/2022,7.18578,80.22736,34.9,92.2,2.73,0.504,22.8,1.16,0.98,0,0
10/31/2022,7.18578,80.22736,0,14.5,1.29,-0.141,22.8,1.16,0.98,0,0
11/1/2022,7.18578,80.22736,6.5,13.9,1.71,0.063,22.8,1.16,0.98,0,0
11/11/2022,7.18578,80.22736,42.5,121.7,3.51,0.689,22.8,1.16,0.98,0,0
11/13/2022,7.18578,80.22736,73.5,193.5,4.85,1.019,22.8,1.16,0.98,1,1.98
11/26/2022,7.18578,80.22736,0.2,10.7,1.72,-0.325,22.8,1.16,0.98,0,0
5/15/2023,7.18578,80.22736,1.1,6.6,0.95,-0.211,22.8,1.16,0.98,0,0
5/26/2023,7.18578,80.22736,111.6,346.6,5.61,2.101,22.8,1.16,0.98,1,3.18
11/6/2023,7.18578,80.22736,131.3,283.2,5.43,1.82,22.8,1.16,0.98,1,2.54
11/21/2023,7.18578,80.22736,109.1,267.5,5.05,1.719,22.8,1.16,0.98,1,2.63
11/26/2023,7.18578,80.22736,4,16.4,2.34,-0.128,22.8,1.16,0.98,0,0
5/11/2024,7.18578,80.22736,31.5,93.1,3.38,0.423,22.8,1.16,0.98,0,0
5/12/2024,7.18578,80.22736,0.1,0.8,1.54,-0.177,22.8,1.16,0.98,0,0
11/8/2024,7.18578,80.22736,0.6,4.3,2.31,-0.089,22.8,1.16,0.98,0,0
12/15/2024,7.18578,80.22736,0,6.8,2.18,-0.149,22.8,1.16,0.98,0,0
10/9/2016,8.04146,80.18918,30.6,56,2.93,0.245,27.3,0.8,0.74,0,0
10/21/2016,8.04146,80.18918,102.8,259.8,6.22,1.52,27.3,0.8,0.74,1,3.13
11/16/2016,8.04146,80.18918,51.5,124.5,4.28,0.79,27.3,0.8,0.74,0,0
11/19/2016,8.04146,80.18918,4.7,13.5,2.67,-0.095,27.3,0.8,0.74,0,0
5/21/2017,8.04146,80.18918,0.9,5.2,3.05,-0.048,27.3,0.8,0.74,0,0
5/30/2017,8.04146,80.18918,14.4,36,3.14,0.189,27.3,0.8,0.74,0,0
11/4/2017,8.04146,80.18918,38,89.4,3.99,0.364,27.3,0.8,0.74,0,0
11/7/2017,8.04146,80.18918,0.1,2.8,2.23,-0.147,27.3,0.8,0.74,0,0
11/12/2017,8.04146,80.18918,53.2,115.1,4.3,0.625,27.3,0.8,0.74,1,1.37
11/25/2017,8.04146,80.18918,0.6,2.2,2.78,0.121,27.3,0.8,0.74,0,0
12/1/2017,8.04146,80.18918,102.8,206,5.08,1.159,27.3,0.8,0.74,1,2.53
5/11/2018,8.04146,80.18918,0.2,24.6,3.07,-0.143,27.3,0.8,0.74,0,0
10/5/2018,8.04146,80.18918,0.9,10.8,3.25,-0.044,27.3,0.8,0.74,0,0
12/12/2018,8.04146,80.18918,82.6,209.3,4.64,0.921,27.3,0.8,0.74,1,1.81
12/16/2018,8.04146,80.18918,30.5,84.3,3.3,0.39,27.3,0.8,0.74,0,0
12/24/2018,8.04146,80.18918,1,2.6,2.24,-0.232,27.3,0.8,0.74,0,0
10/6/2019,8.04146,80.18918,0.3,3.5,3.56,-0.139,27.3,0.8,0.74,0,0
10/26/2019,8.04146,80.18918,37.5,83.4,3.66,0.507,27.3,0.8,0.74,0,0
10/29/2019,8.04146,80.18918,3.1,40.8,3.69,0.183,27.3,0.8,0.74,0,0
11/29/2019,8.04146,80.18918,0.1,4,2.96,-0.284,27.3,0.8,0.74,0,0
11/30/2019,8.04146,80.18918,0.3,4.5,2.48,-0.107,27.3,0.8,0.74,0,0
10/4/2020,8.04146,80.18918,66.5,148.9,4.5,0.79,27.3,0.8,0.74,1,1.72
11/2/2020,8.04146,80.18918,1.2,18,2.92,-0.13,27.3,0.8,0.74,0,0
12/12/2020,8.04146,80.18918,71,184.6,5.22,0.933,27.3,0.8,0.74,1,2.23
5/9/2021,8.04146,80.18918,0.9,2.8,2.12,0.02,27.3,0.8,0.74,0,0
10/2/2021,8.04146,80.18918,0.7,2.1,2.82,-0.306,27.3,0.8,0.74,0,0
10/26/2021,8.04146,80.18918,2.7,16.9,3.02,-0.216,27.3,0.8,0.74,0,0
12/24/2021,8.04146,80.18918,19.8,64.9,3.55,0.232,27.3,0.8,0.74,0,0
5/28/2022,8.04146,80.18918,68.8,191.4,5.3,1.012,27.3,0.8,0.74,1,2.01
10/3/2022,8.04146,80.18918,0,11.9,2.95,0.137,27.3,0.8,0.74,0,0
10/19/2022,8.04146,80.18918,0.4,6.8,1.88,-0.092,27.3,0.8,0.74,0,0
10/31/2022,8.04146,80.18918,3.7,10.6,3,-0.017,27.3,0.8,0.74,0,0
11/1/2022,8.04146,80.18918,40.9,87.4,3.35,0.511,27.3,0.8,0.74,0,0
11/11/2022,8.04146,80.18918,0,1,2.47,-0.381,27.3,0.8,0.74,0,0
11/13/2022,8.04146,80.18918,103.7,247.8,5.42,1.327,27.3,0.8,0.74,1,2.57
11/26/2022,8.04146,80.18918,106,323.9,6.76,1.786,27.3,0.8,0.74,1,3.21
5/15/2023,8.04146,80.18918,2.3,5.2,2.84,-0.172,27.3,0.8,0.74,0,0
5/26/2023,8.04146,80.18918,17.6,61.1,3.36,0.065,27.3,0.8,0.74,0,0
11/6/2023,8.04146,80.18918,7.7,17.7,2.95,0.026,27.3,0.8,0.74,0,0
11/21/2023,8.04146,80.18918,49.9,89.4,3.25,0.858,27.3,0.8,0.74,0,0
11/26/2023,8.04146,80.18918,12.4,39,3.26,0.067,27.3,0.8,0.74,0,0
5/11/2024,8.04146,80.18918,54.5,147.2,4.32,0.772,27.3,0.8,0.74,0,0
5/12/2024,8.04146,80.18918,0,0.8,2.6,-0.286,27.3,0.8,0.74,0,0
11/8/2024,8.04146,80.18918,146.4,367.2,7.1,2.155,27.3,0.8,0.74,0,0
12/15/2024,8.04146,80.18918,64.3,176,4.26,0.867,27.3,0.8,0.74,0,0
10/9/2016,6.51915,81.50142,3.7,14.9,2.42,-0.122,15,2.46,0.12,0,0
10/21/2016,6.51915,81.50142,0,5.4,2.84,-0.217,15,2.46,0.12,0,0
11/16/2016,6.51915,81.50142,16.1,42,3.11,0.037,15,2.46,0.12,0,0
11/19/2016,6.51915,81.50142,57.8,153,4,0.945,15,2.46,0.12,1,1.83
5/21/2017,6.51915,81.50142,131.4,249.6,5.43,1.616,15,2.46,0.12,1,2.32
5/30/2017,6.51915,81.50142,0.2,2.5,2.5,-0.063,15,2.46,0.12,0,0
11/4/2017,6.51915,81.50142,7.2,14.5,2.57,0.081,15,2.46,0.12,0,0
11/7/2017,6.51915,81.50142,0.7,6,1.88,-0.162,15,2.46,0.12,0,0
11/12/2017,6.51915,81.50142,0.1,13.2,3.09,-0.156,15,2.46,0.12,0,0
11/25/2017,6.51915,81.50142,2,5.9,2.18,-0.1,15,2.46,0.12,0,0
12/1/2017,6.51915,81.50142,16.7,50.7,2.81,0.239,15,2.46,0.12,0,0
5/11/2018,6.51915,81.50142,7.1,16.4,2.64,0.153,15,2.46,0.12,0,0
10/5/2018,6.51915,81.50142,10.1,23.2,2.21,0.006,15,2.46,0.12,0,0
12/12/2018,6.51915,81.50142,0,0.8,2.04,-0.326,15,2.46,0.12,0,0
12/16/2018,6.51915,81.50142,36.6,111.3,3.63,0.508,15,2.46,0.12,0,0
12/24/2018,6.51915,81.50142,4.5,9.5,2.99,-0.099,15,2.46,0.12,0,0
10/6/2019,6.51915,81.50142,83.1,163.9,4.04,1.086,15,2.46,0.12,1,1.42
10/26/2019,6.51915,81.50142,0.8,5.5,1.17,-0.271,15,2.46,0.12,0,0
10/29/2019,6.51915,81.50142,7.7,24.9,2.23,-0.127,15,2.46,0.12,0,0
11/29/2019,6.51915,81.50142,75.1,158.9,3.95,0.864,15,2.46,0.12,0,0
11/30/2019,6.51915,81.50142,3.7,9,2.58,-0.033,15,2.46,0.12,0,0
10/4/2020,6.51915,81.50142,10.5,35.4,3.14,0.17,15,2.46,0.12,0,0
11/2/2020,6.51915,81.50142,0.5,8,2.06,-0.136,15,2.46,0.12,0,0
12/12/2020,6.51915,81.50142,0.4,3,2.71,-0.026,15,2.46,0.12,0,0
5/9/2021,6.51915,81.50142,60.1,193.8,4.44,1.157,15,2.46,0.12,1,1.65
10/2/2021,6.51915,81.50142,1.4,3.5,2.07,-0.057,15,2.46,0.12,0,0
10/26/2021,6.51915,81.50142,0.9,5.5,2.26,-0.181,15,2.46,0.12,0,0
12/24/2021,6.51915,81.50142,80.2,164.5,4.53,0.978,15,2.46,0.12,1,2.18
5/28/2022,6.51915,81.50142,17.7,48.4,2.87,0.011,15,2.46,0.12,0,0
10/3/2022,6.51915,81.50142,1.4,7.3,2.13,-0.204,15,2.46,0.12,0,0
10/19/2022,6.51915,81.50142,107,225.1,4.91,1.391,15,2.46,0.12,1,2.37
10/31/2022,6.51915,81.50142,0.2,5.3,1.65,-0.254,15,2.46,0.12,0,0
11/1/2022,6.51915,81.50142,32.9,98.8,3.56,0.344,15,2.46,0.12,0,0
11/11/2022,6.51915,81.50142,84.3,213.8,4.9,1.06,15,2.46,0.12,1,2.13
11/13/2022,6.51915,81.50142,0.1,9.1,2.4,-0.167,15,2.46,0.12,0,0
11/26/2022,6.51915,81.50142,10.6,33.5,3.24,0.006,15,2.46,0.12,0,0
5/15/2023,6.51915,81.50142,4.7,16.9,2.25,0.139,15,2.46,0.12,0,0
5/26/2023,6.51915,81.50142,98.6,208.7,5.07,1.078,15,2.46,0.12,1,2.3
11/6/2023,6.51915,81.50142,0.6,2.5,2.4,-0.084,15,2.46,0.12,0,0
11/21/2023,6.51915,81.50142,53.3,132.3,4.33,0.725,15,2.46,0.12,0,0
11/26/2023,6.51915,81.50142,52.9,152.9,4.24,0.94,15,2.46,0.12,0,0
5/11/2024,6.51915,81.50142,19.6,48.8,3.34,0.002,15,2.46,0.12,1,0.9
5/12/2024,6.51915,81.50142,53.2,167.7,4.05,1.048,15,2.46,0.12,1,2.05
11/8/2024,6.51915,81.50142,53.6,132.5,3.78,0.671,15,2.46,0.12,1,1.34
12/15/2024,6.51915,81.50142,83.6,208.2,5.39,1.143,15,2.46,0.12,0,0
10/9/2016,7.33701,80.45758,8.3,26.9,2.8,0.026,45.4,1.45,0.05,0,0
10/21/2016,7.33701,80.45758,10.1,26.8,2.52,-0.065,45.4,1.45,0.05,0,0
11/16/2016,7.33701,80.45758,94.4,230.6,4.97,1.212,45.4,1.45,0.05,1,1.84
11/19/2016,7.33701,80.45758,0,1.3,2.35,-0.315,45.4,1.45,0.05,0,0
5/21/2017,7.33701,80.45758,4.1,12.3,2.91,0.011,45.4,1.45,0.05,0,0
5/30/2017,7.33701,80.45758,0.9,2.5,3.2,0.171,45.4,1.45,0.05,0,0
11/4/2017,7.33701,80.45758,1.3,4.3,2.14,-0.182,45.4,1.45,0.05,0,0
11/7/2017,7.33701,80.45758,2,5.3,2.76,-0.096,45.4,1.45,0.05,0,0
11/12/2017,7.33701,80.45758,0.1,0.2,2.53,-0.101,45.4,1.45,0.05,0,0
11/25/2017,7.33701,80.45758,97.9,294.1,6.2,1.463,45.4,1.45,0.05,1,2.99
12/1/2017,7.33701,80.45758,8.5,25.7,2.19,0.165,45.4,1.45,0.05,0,0
5/11/2018,7.33701,80.45758,100.8,290.1,6.3,1.452,45.4,1.45,0.05,1,3
10/5/2018,7.33701,80.45758,5.3,17.6,3.1,-0.065,45.4,1.45,0.05,0,0
12/12/2018,7.33701,80.45758,4.9,22.2,2.56,-0.099,45.4,1.45,0.05,0,0
12/16/2018,7.33701,80.45758,5.8,14.8,2.27,-0.074,45.4,1.45,0.05,0,0
12/24/2018,7.33701,80.45758,0.5,10.8,2.18,0.068,45.4,1.45,0.05,0,0
10/6/2019,7.33701,80.45758,24,52.6,3.23,0.121,45.4,1.45,0.05,0,0
10/26/2019,7.33701,80.45758,62.2,159,4.26,0.925,45.4,1.45,0.05,1,1.58
10/29/2019,7.33701,80.45758,66,171,4.95,1.132,45.4,1.45,0.05,1,1.74
11/29/2019,7.33701,80.45758,5.7,17.3,3.29,0.118,45.4,1.45,0.05,0,0
11/30/2019,7.33701,80.45758,8.2,26.4,2.55,0,45.4,1.45,0.05,0,0
10/4/2020,7.33701,80.45758,6.7,16.4,2.97,0.126,45.4,1.45,0.05,0,0
11/2/2020,7.33701,80.45758,0,1.3,2.42,-0.304,45.4,1.45,0.05,0,0
12/12/2020,7.33701,80.45758,56.1,127.3,4.3,0.812,45.4,1.45,0.05,0,0
5/9/2021,7.33701,80.45758,164.6,490.4,9.09,2.3,45.4,1.45,0.05,1,3.8
10/2/2021,7.33701,80.45758,0.7,2.7,2.49,-0.32,45.4,1.45,0.05,0,0
10/26/2021,7.33701,80.45758,42.7,96.6,3.93,0.525,45.4,1.45,0.05,0,0
12/24/2021,7.33701,80.45758,105.6,199.2,4.44,1.294,45.4,1.45,0.05,1,2.42
5/28/2022,7.33701,80.45758,2.5,7.2,2.71,-0.239,45.4,1.45,0.05,0,0
10/3/2022,7.33701,80.45758,1,24.8,3.29,-0.039,45.4,1.45,0.05,0,0
10/19/2022,7.33701,80.45758,63.8,149.7,4,0.866,45.4,1.45,0.05,0,0
10/31/2022,7.33701,80.45758,0.2,1,2.57,-0.006,45.4,1.45,0.05,0,0
11/1/2022,7.33701,80.45758,0.3,10,2.36,0.023,45.4,1.45,0.05,0,0
11/11/2022,7.33701,80.45758,0,0.9,2.57,0.054,45.4,1.45,0.05,0,0
11/13/2022,7.33701,80.45758,1.2,3.1,3.04,-0.03,45.4,1.45,0.05,0,0
11/26/2022,7.33701,80.45758,31.7,101.8,3.54,0.407,45.4,1.45,0.05,0,0
5/15/2023,7.33701,80.45758,5.7,21.7,2.39,-0.226,45.4,1.45,0.05,0,0
5/26/2023,7.33701,80.45758,9.4,21.9,3.48,-0.104,45.4,1.45,0.05,0,0
11/6/2023,7.33701,80.45758,5,17.8,3.2,-0.03,45.4,1.45,0.05,0,0
11/21/2023,7.33701,80.45758,133.1,315,6.16,1.918,45.4,1.45,0.05,1,2.97
11/26/2023,7.33701,80.45758,28.5,68.5,3.48,0.353,45.4,1.45,0.05,0,0
5/11/2024,7.33701,80.45758,5.2,18.8,2.63,0.112,45.4,1.45,0.05,0,0
5/12/2024,7.33701,80.45758,38,81,3.83,0.392,45.4,1.45,0.05,0,0
11/8/2024,7.33701,80.45758,87.3,305.7,6.42,1.613,45.4,1.45,0.05,1,2.72
12/15/2024,7.33701,80.45758,0.3,1.6,2.74,0.067,45.4,1.45,0.05,0,0
10/9/2016,7.54028,81.35568,69.9,165,3.64,0.93,2.9,0.06,12.32,0,0
10/21/2016,7.54028,81.35568,1.7,4.5,1.77,-0.147,2.9,0.06,12.32,0,0
11/16/2016,7.54028,81.35568,0.4,8.8,1.57,-0.142,2.9,0.06,12.32,0,0
11/19/2016,7.54028,81.35568,9.2,26.8,2.17,0.005,2.9,0.06,12.32,0,0
5/21/2017,7.54028,81.35568,0,3.3,1.95,-0.02,2.9,0.06,12.32,0,0
5/30/2017,7.54028,81.35568,2.2,5.3,1.38,-0.192,2.9,0.06,12.32,0,0
11/4/2017,7.54028,81.35568,92.2,265.2,5.25,1.427,2.9,0.06,12.32,1,2.26
11/7/2017,7.54028,81.35568,1.7,10.3,1.52,-0.058,2.9,0.06,12.32,0,0
11/12/2017,7.54028,81.35568,44.8,135.6,3.12,0.624,2.9,0.06,12.32,0,0
11/25/2017,7.54028,81.35568,1.7,5.3,2.21,-0.167,2.9,0.06,12.32,0,0
12/1/2017,7.54028,81.35568,52.7,113.5,2.94,0.566,2.9,0.06,12.32,0,0
5/11/2018,7.54028,81.35568,4.1,13,2.16,-0.148,2.9,0.06,12.32,0,0
10/5/2018,7.54028,81.35568,1.4,3.1,1.52,-0.164,2.9,0.06,12.32,0,0
12/12/2018,7.54028,81.35568,0.5,4.4,1.67,-0.106,2.9,0.06,12.32,0,0
12/16/2018,7.54028,81.35568,0.7,4.5,1.52,-0.243,2.9,0.06,12.32,0,0
12/24/2018,7.54028,81.35568,5.6,11.4,1.07,-0.347,2.9,0.06,12.32,0,0
10/6/2019,7.54028,81.35568,10.1,27.7,2.09,0.031,2.9,0.06,12.32,0,0
10/26/2019,7.54028,81.35568,4.9,14.1,1.62,0.097,2.9,0.06,12.32,0,0
10/29/2019,7.54028,81.35568,8.8,39.2,1.7,0.098,2.9,0.06,12.32,0,0
11/29/2019,7.54028,81.35568,62.6,136.1,3.16,0.641,2.9,0.06,12.32,0,0
11/30/2019,7.54028,81.35568,2,5.4,1.42,-0.099,2.9,0.06,12.32,0,0
10/4/2020,7.54028,81.35568,3.6,12.3,1.61,-0.272,2.9,0.06,12.32,0,0
11/2/2020,7.54028,81.35568,1.8,11.5,1.12,-0.196,2.9,0.06,12.32,0,0
12/12/2020,7.54028,81.35568,5.9,18.7,2.67,-0.133,2.9,0.06,12.32,0,0
5/9/2021,7.54028,81.35568,4.7,11.6,1.3,-0.062,2.9,0.06,12.32,0,0
10/2/2021,7.54028,81.35568,8.4,21.1,2.26,0.169,2.9,0.06,12.32,0,0
10/26/2021,7.54028,81.35568,4.3,20.6,2.05,-0.08,2.9,0.06,12.32,0,0
12/24/2021,7.54028,81.35568,3.4,9,1.66,0.09,2.9,0.06,12.32,0,0
5/28/2022,7.54028,81.35568,4.6,13.2,1.44,-0.024,2.9,0.06,12.32,0,0
10/3/2022,7.54028,81.35568,0.6,7.6,1.77,-0.336,2.9,0.06,12.32,0,0
10/19/2022,7.54028,81.35568,93.8,282.2,5.08,1.506,2.9,0.06,12.32,1,2.29
10/31/2022,7.54028,81.35568,50.2,104.7,2.94,0.636,2.9,0.06,12.32,0,0
11/1/2022,7.54028,81.35568,65.9,177.7,3.6,1.002,2.9,0.06,12.32,0,0
11/11/2022,7.54028,81.35568,6.2,16.7,1.86,-0.043,2.9,0.06,12.32,0,0
11/13/2022,7.54028,81.35568,0.4,2.1,2,-0.261,2.9,0.06,12.32,0,0
11/26/2022,7.54028,81.35568,1.9,11.7,1.43,-0.296,2.9,0.06,12.32,0,0
5/15/2023,7.54028,81.35568,2.3,7.1,1.56,-0.002,2.9,0.06,12.32,0,0
5/26/2023,7.54028,81.35568,0.4,22,1.32,0.095,2.9,0.06,12.32,0,0
11/6/2023,7.54028,81.35568,31.2,80.7,2.39,0.538,2.9,0.06,12.32,0,0
11/21/2023,7.54028,81.35568,10.1,26,1.82,0.046,2.9,0.06,12.32,0,0
11/26/2023,7.54028,81.35568,0.4,1.9,2.38,-0.062,2.9,0.06,12.32,0,0
5/11/2024,7.54028,81.35568,0.4,4.1,1.39,-0.008,2.9,0.06,12.32,0,0
5/12/2024,7.54028,81.35568,49.8,109.3,2.58,0.556,2.9,0.06,12.32,0,0
11/8/2024,7.54028,81.35568,1.4,4.4,1.4,-0.308,2.9,0.06,12.32,0,0
12/15/2024,7.54028,81.35568,8.1,23.7,2.02,-0.074,2.9,0.06,12.32,0,0
10/9/2016,6.12077,80.88605,61.9,142,4.01,0.937,7,0.39,1.56,1,1.83
10/21/2016,6.12077,80.88605,3,8.4,2.55,0.108,7,0.39,1.56,1,0.84
11/16/2016,6.12077,80.88605,0.6,23.2,2.34,-0.157,7,0.39,1.56,1,0.69
11/19/2016,6.12077,80.88605,93.5,246.2,5.67,1.403,7,0.39,1.56,1,2.68
5/21/2017,6.12077,80.88605,58.8,157.5,4.08,0.812,7,0.39,1.56,0,0
5/30/2017,6.12077,80.88605,0.4,1.1,2.94,-0.046,7,0.39,1.56,0,0
11/4/2017,6.12077,80.88605,2.2,5.5,2.77,-0.342,7,0.39,1.56,0,0
11/7/2017,6.12077,80.88605,0.9,12.2,2.32,-0.1,7,0.39,1.56,0,0
11/12/2017,6.12077,80.88605,0.5,3.8,2.45,-0.153,7,0.39,1.56,0,0
11/25/2017,6.12077,80.88605,0.1,0.2,2.24,-0.206,7,0.39,1.56,0,0
12/1/2017,6.12077,80.88605,123.2,333.3,6.52,1.979,7,0.39,1.56,1,3.41
5/11/2018,6.12077,80.88605,3.5,12.9,2.53,-0.07,7,0.39,1.56,0,0
10/5/2018,6.12077,80.88605,0.4,3.6,2.07,-0.102,7,0.39,1.56,0,0
12/12/2018,6.12077,80.88605,2.7,8.4,2.92,-0.166,7,0.39,1.56,0,0
12/16/2018,6.12077,80.88605,1.6,6,2.7,-0.214,7,0.39,1.56,0,0
12/24/2018,6.12077,80.88605,5.4,20.6,2.89,-0.133,7,0.39,1.56,0,0
10/6/2019,6.12077,80.88605,9,25.6,2.65,-0.044,7,0.39,1.56,0,0
10/26/2019,6.12077,80.88605,197.3,376.7,7.16,2.3,7,0.39,1.56,1,3.8
10/29/2019,6.12077,80.88605,1.1,4.4,2.37,-0.097,7,0.39,1.56,0,0
11/29/2019,6.12077,80.88605,0,1.8,2.04,-0.079,7,0.39,1.56,0,0
11/30/2019,6.12077,80.88605,0,2.3,3.13,-0.099,7,0.39,1.56,0,0
10/4/2020,6.12077,80.88605,3,12.8,2.57,-0.09,7,0.39,1.56,0,0
11/2/2020,6.12077,80.88605,3.4,9.8,2.63,-0.126,7,0.39,1.56,0,0
12/12/2020,6.12077,80.88605,89.5,224.8,5.25,1.336,7,0.39,1.56,1,2.32
5/9/2021,6.12077,80.88605,209.3,596.5,9.2,2.3,7,0.39,1.56,1,3.8
10/2/2021,6.12077,80.88605,2.4,9.5,2.82,-0.103,7,0.39,1.56,0,0
10/26/2021,6.12077,80.88605,78.5,239.1,5.64,1.33,7,0.39,1.56,1,3.06
12/24/2021,6.12077,80.88605,0.8,16.9,2.61,-0.035,7,0.39,1.56,0,0
5/28/2022,6.12077,80.88605,2.5,7.3,2.67,-0.1,7,0.39,1.56,0,0
10/3/2022,6.12077,80.88605,103.7,271.8,5.61,1.359,7,0.39,1.56,1,2.73
10/19/2022,6.12077,80.88605,2.2,10.5,2.25,-0.379,7,0.39,1.56,0,0
10/31/2022,6.12077,80.88605,0,2,2.63,-0.082,7,0.39,1.56,0,0
11/1/2022,6.12077,80.88605,1.2,10,2.16,-0.044,7,0.39,1.56,0,0
11/11/2022,6.12077,80.88605,5.7,16.8,2.49,0.011,7,0.39,1.56,0,0
11/13/2022,6.12077,80.88605,18.8,68.6,3.3,0.143,7,0.39,1.56,0,0
11/26/2022,6.12077,80.88605,4.8,17.3,3.24,0.108,7,0.39,1.56,0,0
5/15/2023,6.12077,80.88605,1.5,16.9,2.86,0.011,7,0.39,1.56,0,0
5/26/2023,6.12077,80.88605,52.4,136.2,3.96,0.74,7,0.39,1.56,1,1.75
11/6/2023,6.12077,80.88605,2.1,8.5,2.43,-0.092,7,0.39,1.56,0,0
11/21/2023,6.12077,80.88605,0.1,0.8,2.62,-0.284,7,0.39,1.56,0,0
11/26/2023,6.12077,80.88605,3.4,8.3,2.41,0.104,7,0.39,1.56,0,0
5/11/2024,6.12077,80.88605,71.9,198.8,5.57,1.033,7,0.39,1.56,0,0
5/12/2024,6.12077,80.88605,3,10.2,2.27,-0.328,7,0.39,1.56,0,0
11/8/2024,6.12077,80.88605,57.6,111.6,3.95,0.505,7,0.39,1.56,0,0
12/15/2024,6.12077,80.88605,1.1,3.4,2.51,-0.143,7,0.39,1.56,0,0
10/9/2016,7.57962,81.18066,82.7,187.8,4.93,0.953,1.9,2.8,1.36,1,2.15
10/21/2016,7.57962,81.18066,5.7,13,2.99,-0.107,1.9,2.8,1.36,0,0
11/16/2016,7.57962,81.18066,0.2,6.1,2.39,-0.21,1.9,2.8,1.36,0,0
11/19/2016,7.57962,81.18066,0.8,2.3,3.08,-0.034,1.9,2.8,1.36,0,0
5/21/2017,7.57962,81.18066,5.9,13.1,3.09,0.049,1.9,2.8,1.36,0,0
5/30/2017,7.57962,81.18066,4.9,13.8,3.06,0.028,1.9,2.8,1.36,0,0
11/4/2017,7.57962,81.18066,5.7,16.5,3.67,-0.039,1.9,2.8,1.36,0,0
11/7/2017,7.57962,81.18066,0.7,1.9,3.04,0.056,1.9,2.8,1.36,0,0
11/12/2017,7.57962,81.18066,0.4,6.7,3.51,0.012,1.9,2.8,1.36,0,0
11/25/2017,7.57962,81.18066,110.3,236.4,5.85,1.61,1.9,2.8,1.36,1,2.84
12/1/2017,7.57962,81.18066,130.4,324.7,6.55,1.833,1.9,2.8,1.36,1,3.33
5/11/2018,7.57962,81.18066,8,20.5,2.9,0.006,1.9,2.8,1.36,0,0
10/5/2018,7.57962,81.18066,0,4.6,3.08,-0.172,1.9,2.8,1.36,0,0
12/12/2018,7.57962,81.18066,5,17.3,3.1,0.016,1.9,2.8,1.36,0,0
12/16/2018,7.57962,81.18066,68,178.8,4.8,0.861,1.9,2.8,1.36,0,0
12/24/2018,7.57962,81.18066,201.3,523.3,9.2,2.3,1.9,2.8,1.36,1,3.8
10/6/2019,7.57962,81.18066,40.8,103.4,4.22,0.642,1.9,2.8,1.36,0,0
10/26/2019,7.57962,81.18066,1,3.3,3.14,-0.089,1.9,2.8,1.36,0,0
10/29/2019,7.57962,81.18066,62.8,161.9,4.63,0.826,1.9,2.8,1.36,1,2
11/29/2019,7.57962,81.18066,75.5,176.5,5.43,0.993,1.9,2.8,1.36,1,2.5
11/30/2019,7.57962,81.18066,0.2,2.6,3.4,-0.033,1.9,2.8,1.36,0,0
10/4/2020,7.57962,81.18066,80.8,235.9,6.11,1.213,1.9,2.8,1.36,1,2.77
11/2/2020,7.57962,81.18066,6.7,21.4,3.31,0.039,1.9,2.8,1.36,0,0
12/12/2020,7.57962,81.18066,2.2,6,3.44,0.171,1.9,2.8,1.36,1,0.9
5/9/2021,7.57962,81.18066,65.2,186.2,5.33,0.992,1.9,2.8,1.36,1,2.7
10/2/2021,7.57962,81.18066,0.2,2.7,2.84,-0.264,1.9,2.8,1.36,0,0
10/26/2021,7.57962,81.18066,58.3,117.2,4.29,0.789,1.9,2.8,1.36,0,0
12/24/2021,7.57962,81.18066,0.8,5.7,2.55,-0.168,1.9,2.8,1.36,1,0.81
5/28/2022,7.57962,81.18066,72,126,4.67,0.607,1.9,2.8,1.36,1,1.67
10/3/2022,7.57962,81.18066,77.4,219.1,5.27,0.874,1.9,2.8,1.36,1,2.66
10/19/2022,7.57962,81.18066,52.7,135.8,4.6,0.736,1.9,2.8,1.36,0,0
10/31/2022,7.57962,81.18066,91.8,206.8,4.89,1.357,1.9,2.8,1.36,1,2.55
11/1/2022,7.57962,81.18066,1,3.2,3.17,-0.061,1.9,2.8,1.36,0,0
11/11/2022,7.57962,81.18066,0.7,8.7,3.72,-0.007,1.9,2.8,1.36,0,0
11/13/2022,7.57962,81.18066,39.4,85.2,4.22,0.516,1.9,2.8,1.36,0,0
11/26/2022,7.57962,81.18066,6,16.3,3.24,-0.022,1.9,2.8,1.36,0,0
5/15/2023,7.57962,81.18066,46.5,135.6,4.99,0.745,1.9,2.8,1.36,1,1.86
5/26/2023,7.57962,81.18066,0.6,3,2.92,-0.041,1.9,2.8,1.36,0,0
11/6/2023,7.57962,81.18066,60.1,150.8,5.01,0.838,1.9,2.8,1.36,0,0
11/21/2023,7.57962,81.18066,1.9,6.7,2.35,0.02,1.9,2.8,1.36,0,0
11/26/2023,7.57962,81.18066,75.7,171.6,4.64,1.081,1.9,2.8,1.36,1,1.85
5/11/2024,7.57962,81.18066,46.2,108.2,3.93,0.609,1.9,2.8,1.36,0,0
5/12/2024,7.57962,81.18066,2.6,14.3,2.39,-0.184,1.9,2.8,1.36,0,0
11/8/2024,7.57962,81.18066,0.6,1.7,2.67,-0.249,1.9,2.8,1.36,0,0
12/15/2024,7.57962,81.18066,52.6,125.8,4.86,0.553,1.9,2.8,1.36,0,0
10/9/2016,6.44336,80.65475,106.2,206.5,2.95,1.448,26,2.71,3.19,1,1.16
10/21/2016,6.44336,80.65475,4,17.4,0.85,0.078,26,2.71,3.19,0,0
11/16/2016,6.44336,80.65475,84.6,253.6,3.69,1.31,26,2.71,3.19,1,2.3
11/19/2016,6.44336,80.65475,0.5,1.9,1.53,-0.071,26,2.71,3.19,0,0
5/21/2017,6.44336,80.65475,2.8,10.4,1.06,-0.11,26,2.71,3.19,0,0
5/30/2017,6.44336,80.65475,0.8,3.4,1.01,-0.241,26,2.71,3.19,0,0
11/4/2017,6.44336,80.65475,9.8,30,1.15,0.09,26,2.71,3.19,0,0
11/7/2017,6.44336,80.65475,0.8,9.4,1.39,-0.18,26,2.71,3.19,0,0
11/12/2017,6.44336,80.65475,0.7,10,1.37,-0.264,26,2.71,3.19,0,0
11/25/2017,6.44336,80.65475,0.1,0.6,0.71,-0.12,26,2.71,3.19,0,0
12/1/2017,6.44336,80.65475,0.1,2.8,1.09,-0.023,26,2.71,3.19,0,0
5/11/2018,6.44336,80.65475,2.6,24,0.52,-0.024,26,2.71,3.19,0,0
10/5/2018,6.44336,80.65475,0.1,14.8,1.84,-0.123,26,2.71,3.19,0,0
12/12/2018,6.44336,80.65475,0.5,14.1,1.25,-0.129,26,2.71,3.19,0,0
12/16/2018,6.44336,80.65475,39.9,95,1.82,0.438,26,2.71,3.19,0,0
12/24/2018,6.44336,80.65475,14.2,43.1,0.94,0.244,26,2.71,3.19,0,0
10/6/2019,6.44336,80.65475,2.4,10.7,0.84,-0.144,26,2.71,3.19,0,0
10/26/2019,6.44336,80.65475,1.4,3.5,0.97,-0.124,26,2.71,3.19,0,0
10/29/2019,6.44336,80.65475,5.9,27.1,0.92,-0.118,26,2.71,3.19,0,0
11/29/2019,6.44336,80.65475,0.3,8.2,0.7,-0.217,26,2.71,3.19,0,0
11/30/2019,6.44336,80.65475,0.4,3.4,1.24,-0.169,26,2.71,3.19,0,0
10/4/2020,6.44336,80.65475,0.7,22.6,1.32,-0.037,26,2.71,3.19,0,0
11/2/2020,6.44336,80.65475,9.6,23.4,0.62,-0.152,26,2.71,3.19,0,0
12/12/2020,6.44336,80.65475,4.2,10.2,0.78,-0.171,26,2.71,3.19,0,0
5/9/2021,6.44336,80.65475,0.8,3.9,0.8,-0.219,26,2.71,3.19,0,0
10/2/2021,6.44336,80.65475,0.3,6.5,0.99,-0.249,26,2.71,3.19,0,0
10/26/2021,6.44336,80.65475,27.9,68.3,2.17,0.339,26,2.71,3.19,0,0
12/24/2021,6.44336,80.65475,19.9,53.9,1.78,0.026,26,2.71,3.19,0,0
5/28/2022,6.44336,80.65475,91,178.8,3.9,1.058,26,2.71,3.19,1,1.7
10/3/2022,6.44336,80.65475,1.7,4.9,0.91,-0.297,26,2.71,3.19,0,0
10/19/2022,6.44336,80.65475,0.4,1,1.14,-0.218,26,2.71,3.19,0,0
10/31/2022,6.44336,80.65475,1.1,2.4,0.55,-0.28,26,2.71,3.19,0,0
11/1/2022,6.44336,80.65475,9.3,19.7,0.85,0.078,26,2.71,3.19,0,0
11/11/2022,6.44336,80.65475,67.2,138.7,2.16,0.776,26,2.71,3.19,0,0
11/13/2022,6.44336,80.65475,0,3.8,0.52,-0.154,26,2.71,3.19,0,0
11/26/2022,6.44336,80.65475,1.4,10.3,0.69,-0.084,26,2.71,3.19,0,0
5/15/2023,6.44336,80.65475,3.5,9.7,0.66,-0.094,26,2.71,3.19,0,0
5/26/2023,6.44336,80.65475,1.7,9.5,1.21,-0.166,26,2.71,3.19,0,0
11/6/2023,6.44336,80.65475,126.9,334.5,4.84,1.966,26,2.71,3.19,1,2.57
11/21/2023,6.44336,80.65475,1.6,7,1.77,-0.142,26,2.71,3.19,0,0
11/26/2023,6.44336,80.65475,0.5,5.7,0.91,0.083,26,2.71,3.19,0,0
5/11/2024,6.44336,80.65475,16.4,37.5,1.77,0.087,26,2.71,3.19,0,0
5/12/2024,6.44336,80.65475,0,1,1.17,-0.382,26,2.71,3.19,0,0
11/8/2024,6.44336,80.65475,0.9,2.2,0.24,-0.194,26,2.71,3.19,0,0
12/15/2024,6.44336,80.65475,107.2,262.3,4.25,1.456,26,2.71,3.19,1,2.24
10/9/2016,6.16913,80.78843,198.3,567.7,9.2,2.3,20.3,0.07,0.69,1,3.8
10/21/2016,6.16913,80.78843,23.8,50.6,3.75,0.226,20.3,0.07,0.69,0,0
11/16/2016,6.16913,80.78843,94.4,202.2,5.49,1.124,20.3,0.07,0.69,1,2.16
11/19/2016,6.16913,80.78843,3.6,7.6,3.35,-0.286,20.3,0.07,0.69,0,0
5/21/2017,6.16913,80.78843,9.9,26.5,3.28,-0.009,20.3,0.07,0.69,0,0
5/30/2017,6.16913,80.78843,2.5,22.8,3.17,0.117,20.3,0.07,0.69,0,0
11/4/2017,6.16913,80.78843,0.7,10.8,2.38,-0.121,20.3,0.07,0.69,0,0
11/7/2017,6.16913,80.78843,0.6,4.4,3.78,0.006,20.3,0.07,0.69,0,0
11/12/2017,6.16913,80.78843,16.5,43.5,3,0.081,20.3,0.07,0.69,0,0
11/25/2017,6.16913,80.78843,0.8,2.7,2.83,-0.168,20.3,0.07,0.69,0,0
12/1/2017,6.16913,80.78843,4.1,24.5,3.34,-0.001,20.3,0.07,0.69,0,0
5/11/2018,6.16913,80.78843,22.1,56.8,4.25,0.388,20.3,0.07,0.69,1,1.19
10/5/2018,6.16913,80.78843,2.9,7.8,3.21,0.098,20.3,0.07,0.69,0,0
12/12/2018,6.16913,80.78843,0,5.1,3.52,0.083,20.3,0.07,0.69,0,0
12/16/2018,6.16913,80.78843,7.4,22.2,2.69,-0.067,20.3,0.07,0.69,0,0
12/24/2018,6.16913,80.78843,0.8,7.8,3.07,-0.102,20.3,0.07,0.69,0,0
10/6/2019,6.16913,80.78843,124.6,359.9,7.62,2.126,20.3,0.07,0.69,1,3.77
10/26/2019,6.16913,80.78843,0.2,6.9,2.85,-0.36,20.3,0.07,0.69,0,0
10/29/2019,6.16913,80.78843,38.9,102.6,3.91,0.462,20.3,0.07,0.69,0,0
11/29/2019,6.16913,80.78843,0.9,5.1,2.83,-0.064,20.3,0.07,0.69,0,0
11/30/2019,6.16913,80.78843,10.3,22.5,3.65,0.027,20.3,0.07,0.69,0,0
10/4/2020,6.16913,80.78843,1.2,7.7,3.3,-0.239,20.3,0.07,0.69,0,0
11/2/2020,6.16913,80.78843,5.2,17.2,2.98,0.089,20.3,0.07,0.69,0,0
12/12/2020,6.16913,80.78843,18.8,44.2,3.24,0.01,20.3,0.07,0.69,0,0
5/9/2021,6.16913,80.78843,56.8,151.4,4.93,1.001,20.3,0.07,0.69,1,2.01
10/2/2021,6.16913,80.78843,87.4,217,6.06,1.411,20.3,0.07,0.69,1,2.48
10/26/2021,6.16913,80.78843,79.9,148.7,4.55,0.99,20.3,0.07,0.69,0,0
12/24/2021,6.16913,80.78843,5.4,16.5,3.04,-0.037,20.3,0.07,0.69,0,0
5/28/2022,6.16913,80.78843,0.5,1.5,2.93,-0.07,20.3,0.07,0.69,0,0
10/3/2022,6.16913,80.78843,0,4.9,3.19,0.156,20.3,0.07,0.69,0,0
10/19/2022,6.16913,80.78843,0.9,4.1,3.23,-0.16,20.3,0.07,0.69,0,0
10/31/2022,6.16913,80.78843,17.6,42.1,3.27,0.183,20.3,0.07,0.69,0,0
11/1/2022,6.16913,80.78843,3.9,14.3,3.36,0.007,20.3,0.07,0.69,0,0
11/11/2022,6.16913,80.78843,73.4,208.7,5.18,1.259,20.3,0.07,0.69,1,2.2
11/13/2022,6.16913,80.78843,5.1,20.8,3.16,-0.004,20.3,0.07,0.69,0,0
11/26/2022,6.16913,80.78843,0.1,5.5,2.77,-0.207,20.3,0.07,0.69,0,0
5/15/2023,6.16913,80.78843,91.7,172,5.06,1.176,20.3,0.07,0.69,0,0
5/26/2023,6.16913,80.78843,111,205.8,5.61,1.282,20.3,0.07,0.69,1,2.37
11/6/2023,6.16913,80.78843,0,9.9,3.27,0.041,20.3,0.07,0.69,0,0
11/21/2023,6.16913,80.78843,0.6,1.4,2.95,-0.019,20.3,0.07,0.69,0,0
11/26/2023,6.16913,80.78843,4.9,18.6,4.07,-0.287,20.3,0.07,0.69,0,0
5/11/2024,6.16913,80.78843,0.2,2.3,3.05,-0.255,20.3,0.07,0.69,0,0
5/12/2024,6.16913,80.78843,86.6,268.2,6.76,1.421,20.3,0.07,0.69,1,3.17
11/8/2024,6.16913,80.78843,0.1,3.6,3.03,-0.134,20.3,0.07,0.69,0,0
12/15/2024,6.16913,80.78843,0,0.8,2.65,-0.161,20.3,0.07,0.69,0,0
10/9/2016,8.4671,80.63653,1.5,9.3,2.15,-0.209,0.5,0.55,8.39,0,0
10/21/2016,8.4671,80.63653,1.8,12.8,2.95,-0.027,0.5,0.55,8.39,0,0
11/16/2016,8.4671,80.63653,3.3,16.1,2.31,0.095,0.5,0.55,8.39,0,0
11/19/2016,8.4671,80.63653,97.3,163.8,3.66,1.136,0.5,0.55,8.39,0,0
5/21/2017,8.4671,80.63653,0.6,1.4,2.15,-0.095,0.5,0.55,8.39,0,0
5/30/2017,8.4671,80.63653,94.9,262,5.25,1.599,0.5,0.55,8.39,1,2.89
11/4/2017,8.4671,80.63653,2,6.4,2.45,-0.098,0.5,0.55,8.39,0,0
11/7/2017,8.4671,80.63653,0,4.7,2.28,-0.097,0.5,0.55,8.39,0,0
11/12/2017,8.4671,80.63653,5.8,27.3,2.66,0.086,0.5,0.55,8.39,0,0
11/25/2017,8.4671,80.63653,12.7,33.8,2.21,0.157,0.5,0.55,8.39,0,0
12/1/2017,8.4671,80.63653,1.9,6.3,1.88,-0.217,0.5,0.55,8.39,0,0
5/11/2018,8.4671,80.63653,21.7,59.6,2.82,0.225,0.5,0.55,8.39,1,0.82
10/5/2018,8.4671,80.63653,5,16.4,2.66,-0.148,0.5,0.55,8.39,0,0
12/12/2018,8.4671,80.63653,8.4,24.2,2.54,0.105,0.5,0.55,8.39,0,0
12/16/2018,8.4671,80.63653,1.7,4.7,2.14,-0.186,0.5,0.55,8.39,0,0
12/24/2018,8.4671,80.63653,0.1,18.2,2.57,-0.141,0.5,0.55,8.39,0,0
10/6/2019,8.4671,80.63653,11.1,28.9,2.25,0.067,0.5,0.55,8.39,0,0
10/26/2019,8.4671,80.63653,5.1,12,2.56,0.094,0.5,0.55,8.39,0,0
10/29/2019,8.4671,80.63653,0.6,3.6,2.85,-0.202,0.5,0.55,8.39,0,0
11/29/2019,8.4671,80.63653,7.4,25.4,1.84,0.051,0.5,0.55,8.39,0,0
11/30/2019,8.4671,80.63653,18.6,48.8,3.1,0.143,0.5,0.55,8.39,0,0
10/4/2020,8.4671,80.63653,2.8,15.2,2.03,0.097,0.5,0.55,8.39,0,0
11/2/2020,8.4671,80.63653,19.5,49.3,2.7,-0.154,0.5,0.55,8.39,0,0
12/12/2020,8.4671,80.63653,120.8,212.6,5.2,1.429,0.5,0.55,8.39,1,2.08
5/9/2021,8.4671,80.63653,4.6,12.4,2.42,0.019,0.5,0.55,8.39,0,0
10/2/2021,8.4671,80.63653,0.5,2.4,2.32,-0.154,0.5,0.55,8.39,0,0
10/26/2021,8.4671,80.63653,97.1,214.2,4.63,1.212,0.5,0.55,8.39,0,0
12/24/2021,8.4671,80.63653,73.9,179.1,4.14,0.836,0.5,0.55,8.39,0,0
5/28/2022,8.4671,80.63653,0,2,2.49,-0.134,0.5,0.55,8.39,0,0
10/3/2022,8.4671,80.63653,0,0.8,2.27,-0.21,0.5,0.55,8.39,0,0
10/19/2022,8.4671,80.63653,31.4,77.9,3.23,0.336,0.5,0.55,8.39,0,0
10/31/2022,8.4671,80.63653,0.1,1.1,1.72,-0.118,0.5,0.55,8.39,0,0
11/1/2022,8.4671,80.63653,0.2,8.6,2.63,-0.041,0.5,0.55,8.39,0,0
11/11/2022,8.4671,80.63653,8.3,24,2.34,-0.219,0.5,0.55,8.39,0,0
11/13/2022,8.4671,80.63653,1,5.8,2.42,-0.116,0.5,0.55,8.39,0,0
11/26/2022,8.4671,80.63653,7.5,27.1,2.61,-0.096,0.5,0.55,8.39,0,0
5/15/2023,8.4671,80.63653,4.9,12.4,2.49,0.231,0.5,0.55,8.39,0,0
5/26/2023,8.4671,80.63653,6,20,2.07,-0.071,0.5,0.55,8.39,0,0
11/6/2023,8.4671,80.63653,79.3,236.7,4.86,1.46,0.5,0.55,8.39,1,2.17
11/21/2023,8.4671,80.63653,55.6,146.4,3.57,0.589,0.5,0.55,8.39,0,0
11/26/2023,8.4671,80.63653,60.4,116.9,3.53,0.445,0.5,0.55,8.39,0,0
5/11/2024,8.4671,80.63653,26.3,61.7,2.39,0.267,0.5,0.55,8.39,0,0
5/12/2024,8.4671,80.63653,62.5,178.1,4.3,1.055,0.5,0.55,8.39,0,0
11/8/2024,8.4671,80.63653,62.1,156.6,4.07,0.836,0.5,0.55,8.39,0,0
12/15/2024,8.4671,80.63653,4.1,18.1,2.35,-0.143,0.5,0.55,8.39,0,0
10/9/2016,8.51064,80.10144,0.2,0.5,2.13,-0.211,15.1,0.63,4.32,0,0
10/21/2016,8.51064,80.10144,3,8.1,1.38,-0.001,15.1,0.63,4.32,0,0
11/16/2016,8.51064,80.10144,0.2,0.8,2.22,-0.251,15.1,0.63,4.32,0,0
11/19/2016,8.51064,80.10144,19.9,54.8,2.08,0.286,15.1,0.63,4.32,0,0
5/21/2017,8.51064,80.10144,4.6,16.8,1.69,-0.029,15.1,0.63,4.32,0,0
5/30/2017,8.51064,80.10144,1,17.3,2.22,0.183,15.1,0.63,4.32,0,0
11/4/2017,8.51064,80.10144,0.3,0.9,1.8,0.1,15.1,0.63,4.32,0,0
11/7/2017,8.51064,80.10144,0.7,6.5,1.93,-0.139,15.1,0.63,4.32,0,0
11/12/2017,8.51064,80.10144,0.5,3.6,2.02,0.113,15.1,0.63,4.32,0,0
11/25/2017,8.51064,80.10144,8.5,24.5,1.57,-0.02,15.1,0.63,4.32,0,0
12/1/2017,8.51064,80.10144,5.9,15.7,2.05,-0.059,15.1,0.63,4.32,0,0
5/11/2018,8.51064,80.10144,20.8,45.4,2.36,0.199,15.1,0.63,4.32,0,0
10/5/2018,8.51064,80.10144,0,8.1,1.59,-0.107,15.1,0.63,4.32,0,0
12/12/2018,8.51064,80.10144,2.3,13.9,2.24,-0.13,15.1,0.63,4.32,0,0
12/16/2018,8.51064,80.10144,2.3,9.2,1.64,-0.064,15.1,0.63,4.32,0,0
12/24/2018,8.51064,80.10144,7.1,17.5,2.49,-0.244,15.1,0.63,4.32,0,0
10/6/2019,8.51064,80.10144,0,1.5,1.97,0.002,15.1,0.63,4.32,0,0
10/26/2019,8.51064,80.10144,141.5,344.8,5.98,2.289,15.1,0.63,4.32,1,2.93
10/29/2019,8.51064,80.10144,0,1.5,1.12,-0.285,15.1,0.63,4.32,0,0
11/29/2019,8.51064,80.10144,1.4,3.6,1.95,0.072,15.1,0.63,4.32,0,0
11/30/2019,8.51064,80.10144,8.2,22.7,1.57,-0.341,15.1,0.63,4.32,0,0
10/4/2020,8.51064,80.10144,75.1,169.3,4.06,1.176,15.1,0.63,4.32,1,1.77
11/2/2020,8.51064,80.10144,4.4,32.1,2.37,-0.006,15.1,0.63,4.32,0,0
12/12/2020,8.51064,80.10144,0.1,10.1,2.07,-0.295,15.1,0.63,4.32,0,0
5/9/2021,8.51064,80.10144,0.5,2.8,2.28,-0.173,15.1,0.63,4.32,0,0
10/2/2021,8.51064,80.10144,11.7,27.6,1.92,0.136,15.1,0.63,4.32,0,0
10/26/2021,8.51064,80.10144,5.1,15.4,1.89,-0.151,15.1,0.63,4.32,0,0
12/24/2021,8.51064,80.10144,6.3,20.5,2.47,0.011,15.1,0.63,4.32,0,0
5/28/2022,8.51064,80.10144,0,1.2,1.88,-0.031,15.1,0.63,4.32,0,0
10/3/2022,8.51064,80.10144,29.5,67.2,2.73,0.236,15.1,0.63,4.32,0,0
10/19/2022,8.51064,80.10144,11.3,28.1,2.94,0.01,15.1,0.63,4.32,0,0
10/31/2022,8.51064,80.10144,1.7,8,1.61,-0.009,15.1,0.63,4.32,0,0
11/1/2022,8.51064,80.10144,5.2,15.1,1.56,-0.064,15.1,0.63,4.32,0,0
11/11/2022,8.51064,80.10144,0.7,17.9,2.03,-0.227,15.1,0.63,4.32,0,0
11/13/2022,8.51064,80.10144,0.1,8.7,2.75,-0.109,15.1,0.63,4.32,0,0
11/26/2022,8.51064,80.10144,0,21.2,1.53,-0.409,15.1,0.63,4.32,0,0
5/15/2023,8.51064,80.10144,0.3,7.2,1.6,-0.324,15.1,0.63,4.32,0,0
5/26/2023,8.51064,80.10144,3.7,21,2.89,0.11,15.1,0.63,4.32,0,0
11/6/2023,8.51064,80.10144,6.8,19.2,2.29,0.006,15.1,0.63,4.32,0,0
11/21/2023,8.51064,80.10144,12.6,26.9,2.4,0.252,15.1,0.63,4.32,0,0
11/26/2023,8.51064,80.10144,10.6,37.5,1.92,0.099,15.1,0.63,4.32,0,0
5/11/2024,8.51064,80.10144,36.6,101.9,2.3,0.337,15.1,0.63,4.32,0,0
5/12/2024,8.51064,80.10144,10,31.8,1.79,0.064,15.1,0.63,4.32,0,0
11/8/2024,8.51064,80.10144,0.1,1.5,1.8,-0.198,15.1,0.63,4.32,0,0
12/15/2024,8.51064,80.10144,2.4,11.8,1.68,-0.051,15.1,0.63,4.32,0,0
10/9/2016,8.10183,81.05041,1.4,4.6,3.16,-0.11,34.8,2.93,0.26,0,0
10/21/2016,8.10183,81.05041,0.7,1.8,3,-0.239,34.8,2.93,0.26,0,0
11/16/2016,8.10183,81.05041,5.3,11.1,2.86,-0.084,34.8,2.93,0.26,0,0
11/19/2016,8.10183,81.05041,2.6,16.2,2.7,0.006,34.8,2.93,0.26,0,0
5/21/2017,8.10183,81.05041,1.8,10.2,2.78,0.062,34.8,2.93,0.26,0,0
5/30/2017,8.10183,81.05041,1.7,8.5,2.79,-0.117,34.8,2.93,0.26,0,0
11/4/2017,8.10183,81.05041,0.8,5.3,2.03,-0.209,34.8,2.93,0.26,0,0
11/7/2017,8.10183,81.05041,0.3,23.2,3.2,-0.077,34.8,2.93,0.26,0,0
11/12/2017,8.10183,81.05041,3.5,11.7,2.59,-0.143,34.8,2.93,0.26,0,0
11/25/2017,8.10183,81.05041,13.6,31.9,3.88,0.304,34.8,2.93,0.26,0,0
12/1/2017,8.10183,81.05041,2.1,27.4,3.63,-0.013,34.8,2.93,0.26,0,0
5/11/2018,8.10183,81.05041,0.7,9.4,2.42,-0.054,34.8,2.93,0.26,0,0
10/5/2018,8.10183,81.05041,0.6,2.5,2.96,-0.152,34.8,2.93,0.26,0,0
12/12/2018,8.10183,81.05041,52.6,148.3,4.46,0.349,34.8,2.93,0.26,0,0
12/16/2018,8.10183,81.05041,78.8,187.1,5.46,1.046,34.8,2.93,0.26,1,1.72
12/24/2018,8.10183,81.05041,0.7,4.3,3.06,-0.086,34.8,2.93,0.26,0,0
10/6/2019,8.10183,81.05041,0.1,2.7,3.27,-0.241,34.8,2.93,0.26,0,0
10/26/2019,8.10183,81.05041,42.4,107.6,3.56,0.603,34.8,2.93,0.26,0,0
10/29/2019,8.10183,81.05041,4.2,11.4,3.1,-0.093,34.8,2.93,0.26,0,0
11/29/2019,8.10183,81.05041,14.7,33.1,3.62,0.053,34.8,2.93,0.26,0,0
11/30/2019,8.10183,81.05041,49.9,141.6,4.48,0.82,34.8,2.93,0.26,0,0
10/4/2020,8.10183,81.05041,3.8,12.7,3.38,-0.057,34.8,2.93,0.26,0,0
11/2/2020,8.10183,81.05041,3.5,11.2,3.11,0.094,34.8,2.93,0.26,0,0
12/12/2020,8.10183,81.05041,1.7,7.8,2.92,0.124,34.8,2.93,0.26,0,0
5/9/2021,8.10183,81.05041,0.2,5.8,3.34,-0.138,34.8,2.93,0.26,0,0
10/2/2021,8.10183,81.05041,8.5,26.2,3.04,0.075,34.8,2.93,0.26,0,0
10/26/2021,8.10183,81.05041,1.8,7.5,3.41,0.04,34.8,2.93,0.26,0,0
12/24/2021,8.10183,81.05041,2.9,10.5,2.93,-0.12,34.8,2.93,0.26,0,0
5/28/2022,8.10183,81.05041,10.4,34.9,3.62,0.095,34.8,2.93,0.26,0,0
10/3/2022,8.10183,81.05041,1.7,4.4,2.49,-0.301,34.8,2.93,0.26,0,0
10/19/2022,8.10183,81.05041,7.2,38,3.74,-0.105,34.8,2.93,0.26,0,0
10/31/2022,8.10183,81.05041,4,20.4,2.8,-0.097,34.8,2.93,0.26,0,0
11/1/2022,8.10183,81.05041,0.1,19.4,3.35,0.08,34.8,2.93,0.26,0,0
11/11/2022,8.10183,81.05041,1.5,7.9,3.06,-0.03,34.8,2.93,0.26,0,0
11/13/2022,8.10183,81.05041,0,1.3,2.62,-0.172,34.8,2.93,0.26,0,0
11/26/2022,8.10183,81.05041,4.4,11.3,2.93,0.063,34.8,2.93,0.26,0,0
5/15/2023,8.10183,81.05041,2.3,9.4,2.86,0.068,34.8,2.93,0.26,0,0
5/26/2023,8.10183,81.05041,0.6,1.5,3.46,-0.049,34.8,2.93,0.26,0,0
11/6/2023,8.10183,81.05041,6,16.1,3.49,-0.083,34.8,2.93,0.26,0,0
11/21/2023,8.10183,81.05041,0.4,7.9,2.83,-0.161,34.8,2.93,0.26,0,0
11/26/2023,8.10183,81.05041,0.1,0.6,3.32,-0.098,34.8,2.93,0.26,0,0
5/11/2024,8.10183,81.05041,183.6,463.6,8.51,2.3,34.8,2.93,0.26,1,3.8
5/12/2024,8.10183,81.05041,1.9,6.1,2.68,-0.021,34.8,2.93,0.26,0,0
11/8/2024,8.10183,81.05041,1.4,4,3.34,-0.185,34.8,2.93,0.26,0,0
12/15/2024,8.10183,81.05041,40.3,112.2,4.09,0.611,34.8,2.93,0.26,0,0
10/9/2016,6.792,80.25539,8.3,21.3,1.52,-0.053,4.6,0.05,1.51,0,0
10/21/2016,6.792,80.25539,48.9,131.9,1.78,0.69,4.6,0.05,1.51,1,0.87
11/16/2016,6.792,80.25539,58,141.7,2.79,0.755,4.6,0.05,1.51,1,1.29
11/19/2016,6.792,80.25539,4.2,13.6,1.46,-0.184,4.6,0.05,1.51,0,0
5/21/2017,6.792,80.25539,134,349.4,5.49,1.794,4.6,0.05,1.51,1,3.28
5/30/2017,6.792,80.25539,31.4,89.2,2.4,0.196,4.6,0.05,1.51,0,0
11/4/2017,6.792,80.25539,33.2,100.3,2.37,0.431,4.6,0.05,1.51,0,0
11/7/2017,6.792,80.25539,147.1,399,5.28,2.3,4.6,0.05,1.51,1,3.43
11/12/2017,6.792,80.25539,0.2,2.5,0.95,-0.046,4.6,0.05,1.51,0,0
11/25/2017,6.792,80.25539,1.1,3.5,0.92,-0.308,4.6,0.05,1.51,0,0
12/1/2017,6.792,80.25539,4.3,23,1.23,0.002,4.6,0.05,1.51,0,0
5/11/2018,6.792,80.25539,0.6,4.7,1.28,-0.072,4.6,0.05,1.51,0,0
10/5/2018,6.792,80.25539,0,1.5,1.48,-0.175,4.6,0.05,1.51,0,0
12/12/2018,6.792,80.25539,35.5,91.9,2.05,0.565,4.6,0.05,1.51,0,0
12/16/2018,6.792,80.25539,3.6,7.9,1.41,0.052,4.6,0.05,1.51,0,0
12/24/2018,6.792,80.25539,145.1,396.4,6.15,2.139,4.6,0.05,1.51,1,3.8
10/6/2019,6.792,80.25539,6.1,22,1.25,-0.201,4.6,0.05,1.51,0,0
10/26/2019,6.792,80.25539,11.1,33.4,0.82,-0.013,4.6,0.05,1.51,0,0
10/29/2019,6.792,80.25539,1.4,5.2,1.37,-0.109,4.6,0.05,1.51,0,0
11/29/2019,6.792,80.25539,0.4,0.9,1.07,-0.146,4.6,0.05,1.51,0,0
11/30/2019,6.792,80.25539,94.2,266.8,3.81,1.505,4.6,0.05,1.51,1,2.5
10/4/2020,6.792,80.25539,55.6,150.4,3.32,0.802,4.6,0.05,1.51,0,0
11/2/2020,6.792,80.25539,1.7,10.8,1.56,-0.021,4.6,0.05,1.51,0,0
12/12/2020,6.792,80.25539,9.3,42.7,1.6,0.001,4.6,0.05,1.51,0,0
5/9/2021,6.792,80.25539,4.6,15.2,1.52,-0.074,4.6,0.05,1.51,0,0
10/2/2021,6.792,80.25539,4.6,15.9,1.79,-0.017,4.6,0.05,1.51,0,0
10/26/2021,6.792,80.25539,4.7,11,1.39,0.135,4.6,0.05,1.51,0,0
12/24/2021,6.792,80.25539,6.2,17.6,2.37,0.169,4.6,0.05,1.51,0,0
5/28/2022,6.792,80.25539,0.1,10.3,1.54,-0.09,4.6,0.05,1.51,0,0
10/3/2022,6.792,80.25539,1.1,3.3,1.07,-0.376,4.6,0.05,1.51,0,0
10/19/2022,6.792,80.25539,103.7,324.7,5.21,1.824,4.6,0.05,1.51,1,3.15
10/31/2022,6.792,80.25539,6.8,18.3,1.42,-0.241,4.6,0.05,1.51,0,0
11/1/2022,6.792,80.25539,4.1,12.1,1.54,-0.377,4.6,0.05,1.51,0,0
11/11/2022,6.792,80.25539,57.4,172.3,3.03,0.967,4.6,0.05,1.51,1,1.73
11/13/2022,6.792,80.25539,72.9,159.8,2.25,0.959,4.6,0.05,1.51,1,1.62
11/26/2022,6.792,80.25539,31.5,79.9,2.31,0.216,4.6,0.05,1.51,0,0
5/15/2023,6.792,80.25539,110.3,230.3,3.91,1.486,4.6,0.05,1.51,1,2.35
5/26/2023,6.792,80.25539,6.7,14.6,1.53,-0.129,4.6,0.05,1.51,0,0
11/6/2023,6.792,80.25539,16,41.3,1.3,0.207,4.6,0.05,1.51,0,0
11/21/2023,6.792,80.25539,0.5,2,1.38,0.124,4.6,0.05,1.51,0,0
11/26/2023,6.792,80.25539,31.9,64.2,1.66,0.198,4.6,0.05,1.51,0,0
5/11/2024,6.792,80.25539,13.1,37.2,1.48,-0.193,4.6,0.05,1.51,0,0
5/12/2024,6.792,80.25539,1.1,13.1,1.35,-0.269,4.6,0.05,1.51,0,0
11/8/2024,6.792,80.25539,57.1,172.1,2.83,0.88,4.6,0.05,1.51,1,1.47
12/15/2024,6.792,80.25539,0,20.7,1.17,0.032,4.6,0.05,1.51,1,0.2
10/9/2016,6.25395,79.79377,9,30.5,1.75,-0.024,49.8,0.31,5.92,0,0
10/21/2016,6.25395,79.79377,0.6,3.4,2.42,-0.286,49.8,0.31,5.92,0,0
11/16/2016,6.25395,79.79377,0.4,14.6,1.89,-0.286,49.8,0.31,5.92,0,0
11/19/2016,6.25395,79.79377,0.4,19.9,2.76,0.092,49.8,0.31,5.92,0,0
5/21/2017,6.25395,79.79377,0.5,1.6,2.14,-0.331,49.8,0.31,5.92,0,0
5/30/2017,6.25395,79.79377,4.5,21.1,2.23,-0.311,49.8,0.31,5.92,0,0
11/4/2017,6.25395,79.79377,114.8,276.7,4.87,1.455,49.8,0.31,5.92,1,2.28
11/7/2017,6.25395,79.79377,0.1,30.2,2.47,-0.046,49.8,0.31,5.92,0,0
11/12/2017,6.25395,79.79377,1,6.1,2.75,0.067,49.8,0.31,5.92,0,0
11/25/2017,6.25395,79.79377,2.3,8.3,2.05,-0.137,49.8,0.31,5.92,0,0
12/1/2017,6.25395,79.79377,0.1,16.5,1.97,-0.12,49.8,0.31,5.92,0,0
5/11/2018,6.25395,79.79377,1.8,10,2.7,-0.039,49.8,0.31,5.92,0,0
10/5/2018,6.25395,79.79377,9.4,32.1,3,-0.086,49.8,0.31,5.92,0,0
12/12/2018,6.25395,79.79377,0.1,0.6,1.73,-0.17,49.8,0.31,5.92,0,0
12/16/2018,6.25395,79.79377,96.5,236.3,4.93,1.191,49.8,0.31,5.92,0,0
12/24/2018,6.25395,79.79377,1.2,6.8,2.56,0.12,49.8,0.31,5.92,0,0
10/6/2019,6.25395,79.79377,0,19.6,2.13,-0.013,49.8,0.31,5.92,0,0
10/26/2019,6.25395,79.79377,0.3,3.1,2.07,-0.118,49.8,0.31,5.92,0,0
10/29/2019,6.25395,79.79377,1.6,13.6,2.16,-0.238,49.8,0.31,5.92,0,0
11/29/2019,6.25395,79.79377,1.9,5.9,1.81,-0.113,49.8,0.31,5.92,0,0
11/30/2019,6.25395,79.79377,0.5,2.8,1.33,-0.065,49.8,0.31,5.92,0,0
10/4/2020,6.25395,79.79377,12.4,33.9,2.33,0.07,49.8,0.31,5.92,0,0
11/2/2020,6.25395,79.79377,0.5,2.6,2.21,-0.126,49.8,0.31,5.92,0,0
12/12/2020,6.25395,79.79377,8.3,25.7,2.26,-0.165,49.8,0.31,5.92,0,0
5/9/2021,6.25395,79.79377,37.2,97.3,3.02,0.161,49.8,0.31,5.92,0,0
10/2/2021,6.25395,79.79377,0.1,8.7,2.3,-0.201,49.8,0.31,5.92,0,0
10/26/2021,6.25395,79.79377,0.1,3.7,2.01,0.033,49.8,0.31,5.92,0,0
12/24/2021,6.25395,79.79377,19.1,47.1,2.99,0.153,49.8,0.31,5.92,0,0
5/28/2022,6.25395,79.79377,75.6,152.8,3.3,1.127,49.8,0.31,5.92,0,0
10/3/2022,6.25395,79.79377,1.9,4.6,2.56,-0.201,49.8,0.31,5.92,0,0
10/19/2022,6.25395,79.79377,0.3,11.2,2.17,-0.141,49.8,0.31,5.92,0,0
10/31/2022,6.25395,79.79377,0.9,7.8,2.34,-0.105,49.8,0.31,5.92,0,0
11/1/2022,6.25395,79.79377,137.4,422.3,6.69,2.3,49.8,0.31,5.92,1,3.27
11/11/2022,6.25395,79.79377,13.4,33.6,2.59,0.025,49.8,0.31,5.92,0,0
11/13/2022,6.25395,79.79377,33.2,73.2,2.7,0.488,49.8,0.31,5.92,0,0
11/26/2022,6.25395,79.79377,39,82.3,2.1,0.36,49.8,0.31,5.92,0,0
5/15/2023,6.25395,79.79377,21.8,64.5,2.95,0.184,49.8,0.31,5.92,0,0
5/26/2023,6.25395,79.79377,61.8,132.7,3.6,0.686,49.8,0.31,5.92,0,0
11/6/2023,6.25395,79.79377,1.5,7,2.38,0.032,49.8,0.31,5.92,0,0
11/21/2023,6.25395,79.79377,0.5,1.4,2.14,-0.079,49.8,0.31,5.92,0,0
11/26/2023,6.25395,79.79377,6.6,12.7,2.37,-0.274,49.8,0.31,5.92,0,0
5/11/2024,6.25395,79.79377,0,6.8,2.7,-0.294,49.8,0.31,5.92,0,0
5/12/2024,6.25395,79.79377,80.2,185.7,3.99,1.121,49.8,0.31,5.92,0,0
11/8/2024,6.25395,79.79377,43.7,118.1,3.58,0.663,49.8,0.31,5.92,0,0
12/15/2024,6.25395,79.79377,0.7,4.1,2.29,-0.266,49.8,0.31,5.92,0,0
10/9/2016,7.77901,80.91185,1.4,4.4,0.52,-0.264,30.4,4.14,8.11,0,0
10/21/2016,7.77901,80.91185,2.3,6.6,0.32,-0.151,30.4,4.14,8.11,0,0
11/16/2016,7.77901,80.91185,14.2,35.3,1.19,0.272,30.4,4.14,8.11,0,0
11/19/2016,7.77901,80.91185,0,21.9,1.16,-0.136,30.4,4.14,8.11,0,0
5/21/2017,7.77901,80.91185,0.2,0.9,0.64,-0.451,30.4,4.14,8.11,0,0
5/30/2017,7.77901,80.91185,5.4,24.2,1.27,0.071,30.4,4.14,8.11,0,0
11/4/2017,7.77901,80.91185,125.7,235.5,3.07,1.415,30.4,4.14,8.11,0,0
11/7/2017,7.77901,80.91185,3.3,29.6,0.78,-0.266,30.4,4.14,8.11,0,0
11/12/2017,7.77901,80.91185,1.2,3.5,1.08,-0.178,30.4,4.14,8.11,0,0
11/25/2017,7.77901,80.91185,85.4,226.6,3.59,1.23,30.4,4.14,8.11,0,0
12/1/2017,7.77901,80.91185,0,1.1,0.56,-0.245,30.4,4.14,8.11,0,0
5/11/2018,7.77901,80.91185,10.4,31.5,1.35,0.129,30.4,4.14,8.11,0,0
10/5/2018,7.77901,80.91185,1.4,6.5,1.17,-0.009,30.4,4.14,8.11,0,0
12/12/2018,7.77901,80.91185,89,225.6,3.63,1.317,30.4,4.14,8.11,1,1.73
12/16/2018,7.77901,80.91185,0.6,2.5,1.32,-0.004,30.4,4.14,8.11,0,0
12/24/2018,7.77901,80.91185,123.2,239.8,3.38,1.657,30.4,4.14,8.11,0,0
10/6/2019,7.77901,80.91185,0,7.5,0.63,0.009,30.4,4.14,8.11,0,0
10/26/2019,7.77901,80.91185,0.7,15.3,1.07,-0.162,30.4,4.14,8.11,0,0
10/29/2019,7.77901,80.91185,1.1,3.6,1.24,-0.052,30.4,4.14,8.11,0,0
11/29/2019,7.77901,80.91185,3.5,15.1,0.58,-0.169,30.4,4.14,8.11,0,0
11/30/2019,7.77901,80.91185,66.7,176,2.93,1.009,30.4,4.14,8.11,0,0
10/4/2020,7.77901,80.91185,4.6,12.7,0.8,-0.226,30.4,4.14,8.11,0,0
11/2/2020,7.77901,80.91185,41,128.4,2.86,0.774,30.4,4.14,8.11,0,0
12/12/2020,7.77901,80.91185,90.8,278.3,4.23,1.264,30.4,4.14,8.11,0,0
5/9/2021,7.77901,80.91185,6,15.1,0.89,0.018,30.4,4.14,8.11,0,0
10/2/2021,7.77901,80.91185,0.2,2.9,0.64,-0.043,30.4,4.14,8.11,0,0
10/26/2021,7.77901,80.91185,0.7,2,0.72,0.031,30.4,4.14,8.11,0,0
12/24/2021,7.77901,80.91185,1.3,3.7,0.87,-0.087,30.4,4.14,8.11,0,0
5/28/2022,7.77901,80.91185,1.1,6.8,0.66,-0.231,30.4,4.14,8.11,0,0
10/3/2022,7.77901,80.91185,0.1,6.1,0.75,0.028,30.4,4.14,8.11,0,0
10/19/2022,7.77901,80.91185,3.2,8.2,1.41,-0.109,30.4,4.14,8.11,0,0
10/31/2022,7.77901,80.91185,0,4.3,1.16,-0.273,30.4,4.14,8.11,1,0.15
11/1/2022,7.77901,80.91185,0,9.7,0.62,-0.212,30.4,4.14,8.11,0,0
11/11/2022,7.77901,80.91185,0,4,1.27,0.087,30.4,4.14,8.11,0,0
11/13/2022,7.77901,80.91185,4.9,9.7,0.8,-0.152,30.4,4.14,8.11,0,0
11/26/2022,7.77901,80.91185,0.8,10.5,1.54,0.013,30.4,4.14,8.11,0,0
5/15/2023,7.77901,80.91185,3.1,10.3,0.66,-0.002,30.4,4.14,8.11,0,0
5/26/2023,7.77901,80.91185,0.5,8.3,1.53,-0.129,30.4,4.14,8.11,0,0
11/6/2023,7.77901,80.91185,8.9,22.8,0.61,-0.078,30.4,4.14,8.11,0,0
11/21/2023,7.77901,80.91185,2,7.1,0.8,-0.162,30.4,4.14,8.11,0,0
11/26/2023,7.77901,80.91185,3.7,14,0.4,-0.114,30.4,4.14,8.11,0,0
5/11/2024,7.77901,80.91185,17.3,50.8,0.91,0.106,30.4,4.14,8.11,0,0
5/12/2024,7.77901,80.91185,0.3,1,0.65,-0.143,30.4,4.14,8.11,0,0
11/8/2024,7.77901,80.91185,0,4.7,0.54,-0.182,30.4,4.14,8.11,0,0
12/15/2024,7.77901,80.91185,10.1,21.5,0.94,0.229,30.4,4.14,8.11,0,0
10/9/2016,7.1444,80.0688,48.4,128.1,3.9,0.697,0.5,0.43,1.76,1,1.58
10/21/2016,7.1444,80.0688,3.6,9.8,2.19,-0.073,0.5,0.43,1.76,0,0
11/16/2016,7.1444,80.0688,1.6,22.5,2.31,-0.135,0.5,0.43,1.76,0,0
11/19/2016,7.1444,80.0688,24.6,56.2,1.98,0.272,0.5,0.43,1.76,0,0
5/21/2017,7.1444,80.0688,0.8,7.1,2.33,0.057,0.5,0.43,1.76,0,0
5/30/2017,7.1444,80.0688,111.2,210.6,4.31,1.469,0.5,0.43,1.76,1,2.22
11/4/2017,7.1444,80.0688,2.4,7.5,1.74,-0.248,0.5,0.43,1.76,0,0
11/7/2017,7.1444,80.0688,7.6,24.7,2.35,0.149,0.5,0.43,1.76,0,0
11/12/2017,7.1444,80.0688,0.4,4.1,1.76,-0.315,0.5,0.43,1.76,0,0
11/25/2017,7.1444,80.0688,99.5,228.7,4.36,1.422,0.5,0.43,1.76,1,2.34
12/1/2017,7.1444,80.0688,61,126.9,2.99,0.953,0.5,0.43,1.76,0,0
5/11/2018,7.1444,80.0688,10.4,27.1,2.55,0.048,0.5,0.43,1.76,0,0
10/5/2018,7.1444,80.0688,5.8,14.7,1.51,0.012,0.5,0.43,1.76,0,0
12/12/2018,7.1444,80.0688,44.6,119.8,3.01,0.448,0.5,0.43,1.76,0,0
12/16/2018,7.1444,80.0688,13.5,34.3,2.18,0.088,0.5,0.43,1.76,0,0
12/24/2018,7.1444,80.0688,86.5,270,5.19,1.126,0.5,0.43,1.76,1,2.87
10/6/2019,7.1444,80.0688,9.6,29.5,3.08,-0.101,0.5,0.43,1.76,0,0
10/26/2019,7.1444,80.0688,0.1,2.9,1.66,-0.045,0.5,0.43,1.76,0,0
10/29/2019,7.1444,80.0688,119.4,313.7,5.97,1.73,0.5,0.43,1.76,1,3.13
11/29/2019,7.1444,80.0688,0.5,19.4,2.02,0.078,0.5,0.43,1.76,0,0
11/30/2019,7.1444,80.0688,88.4,234.3,5.06,1.405,0.5,0.43,1.76,1,2.33
10/4/2020,7.1444,80.0688,40.5,95.2,3.11,0.403,0.5,0.43,1.76,0,0
11/2/2020,7.1444,80.0688,1.4,8,2.68,-0.065,0.5,0.43,1.76,0,0
12/12/2020,7.1444,80.0688,78.1,235.5,4.5,1.308,0.5,0.43,1.76,1,2.39
5/9/2021,7.1444,80.0688,87.5,262.4,4.52,1.446,0.5,0.43,1.76,1,2.52
10/2/2021,7.1444,80.0688,0,5.4,1.9,0.034,0.5,0.43,1.76,0,0
10/26/2021,7.1444,80.0688,3.2,17.3,2,-0.073,0.5,0.43,1.76,0,0
12/24/2021,7.1444,80.0688,22,73.5,3.12,0.449,0.5,0.43,1.76,0,0
5/28/2022,7.1444,80.0688,5.1,14.6,1.92,-0.128,0.5,0.43,1.76,0,0
10/3/2022,7.1444,80.0688,36.2,117,3.24,0.609,0.5,0.43,1.76,0,0
10/19/2022,7.1444,80.0688,6.4,17.6,1.82,0.006,0.5,0.43,1.76,0,0
10/31/2022,7.1444,80.0688,1,3.5,2.15,-0.279,0.5,0.43,1.76,0,0
11/1/2022,7.1444,80.0688,131.4,305.6,5.58,1.861,0.5,0.43,1.76,0,0
11/11/2022,7.1444,80.0688,0.5,2.4,1.99,-0.16,0.5,0.43,1.76,0,0
11/13/2022,7.1444,80.0688,0.1,0.4,1.89,-0.355,0.5,0.43,1.76,0,0
11/26/2022,7.1444,80.0688,20.6,46.9,3.12,0.421,0.5,0.43,1.76,0,0
5/15/2023,7.1444,80.0688,0.2,1.6,1.92,-0.191,0.5,0.43,1.76,0,0
5/26/2023,7.1444,80.0688,5.6,16.8,2.2,-0.044,0.5,0.43,1.76,0,0
11/6/2023,7.1444,80.0688,2.3,6.1,1.77,-0.156,0.5,0.43,1.76,0,0
11/21/2023,7.1444,80.0688,138.7,302.9,5.57,2.114,0.5,0.43,1.76,1,2.95
11/26/2023,7.1444,80.0688,24.9,71,2.43,0.407,0.5,0.43,1.76,0,0
5/11/2024,7.1444,80.0688,6.4,17.1,1.67,0.073,0.5,0.43,1.76,0,0
5/12/2024,7.1444,80.0688,0,9.4,1.61,0.029,0.5,0.43,1.76,0,0
11/8/2024,7.1444,80.0688,70.5,200.3,4.39,1.129,0.5,0.43,1.76,1,2.32
12/15/2024,7.1444,80.0688,4.7,13,1.87,-0.009,0.5,0.43,1.76,0,0
10/9/2016,6.3173,81.44283,72.9,172.1,1.94,0.959,14.1,2.51,2.66,0,0
10/21/2016,6.3173,81.44283,6.4,14.6,1.18,-0.144,14.1,2.51,2.66,0,0
11/16/2016,6.3173,81.44283,1.3,5.8,0.56,-0.142,14.1,2.51,2.66,0,0
11/19/2016,6.3173,81.44283,172.1,455.7,6.85,2.3,14.1,2.51,2.66,1,3.75
5/21/2017,6.3173,81.44283,1.8,22,1.03,-0.102,14.1,2.51,2.66,0,0
5/30/2017,6.3173,81.44283,0.4,18.6,1.03,-0.182,14.1,2.51,2.66,0,0
11/4/2017,6.3173,81.44283,1.2,6.1,0.56,0.027,14.1,2.51,2.66,0,0
11/7/2017,6.3173,81.44283,2.4,4.9,0.32,0.093,14.1,2.51,2.66,0,0
11/12/2017,6.3173,81.44283,7.5,21.5,0.64,0.052,14.1,2.51,2.66,0,0
11/25/2017,6.3173,81.44283,51.6,110.3,2.53,0.574,14.1,2.51,2.66,0,0
12/1/2017,6.3173,81.44283,25.1,74.4,1.8,0.309,14.1,2.51,2.66,0,0
5/11/2018,6.3173,81.44283,3,8.6,0.87,-0.244,14.1,2.51,2.66,0,0
10/5/2018,6.3173,81.44283,73.3,163.4,2.7,1.021,14.1,2.51,2.66,0,0
12/12/2018,6.3173,81.44283,14.5,54.6,1.89,0.172,14.1,2.51,2.66,0,0
12/16/2018,6.3173,81.44283,2.4,11.7,0.88,-0.027,14.1,2.51,2.66,0,0
12/24/2018,6.3173,81.44283,32.2,80.2,1.68,0.338,14.1,2.51,2.66,0,0
10/6/2019,6.3173,81.44283,0.1,4.7,1.05,-0.271,14.1,2.51,2.66,0,0
10/26/2019,6.3173,81.44283,0.3,1.8,0.55,-0.125,14.1,2.51,2.66,0,0
10/29/2019,6.3173,81.44283,40.8,122.8,1.97,0.738,14.1,2.51,2.66,0,0
11/29/2019,6.3173,81.44283,34.6,101.5,2.3,0.471,14.1,2.51,2.66,0,0
11/30/2019,6.3173,81.44283,0.1,2.2,0.81,0.019,14.1,2.51,2.66,0,0
10/4/2020,6.3173,81.44283,4.3,14.7,0.69,-0.136,14.1,2.51,2.66,0,0
11/2/2020,6.3173,81.44283,0.7,23,0.67,0.076,14.1,2.51,2.66,0,0
12/12/2020,6.3173,81.44283,61.4,157.6,2.19,1.127,14.1,2.51,2.66,0,0
5/9/2021,6.3173,81.44283,5.5,18.8,0.35,0.154,14.1,2.51,2.66,0,0
10/2/2021,6.3173,81.44283,4.1,11.3,1.02,-0.185,14.1,2.51,2.66,0,0
10/26/2021,6.3173,81.44283,81,179.9,2.96,0.962,14.1,2.51,2.66,1,1.78
12/24/2021,6.3173,81.44283,5.3,14.4,0.79,-0.307,14.1,2.51,2.66,0,0
5/28/2022,6.3173,81.44283,15.5,48.5,1.59,0.173,14.1,2.51,2.66,0,0
10/3/2022,6.3173,81.44283,1.8,7.1,0.52,-0.153,14.1,2.51,2.66,0,0
10/19/2022,6.3173,81.44283,4.5,13.7,0.93,0.119,14.1,2.51,2.66,0,0
10/31/2022,6.3173,81.44283,8.4,25.2,0.7,0.091,14.1,2.51,2.66,0,0
11/1/2022,6.3173,81.44283,0.4,4.2,0.25,-0.237,14.1,2.51,2.66,0,0
11/11/2022,6.3173,81.44283,0.7,3.2,0.5,0.022,14.1,2.51,2.66,0,0
11/13/2022,6.3173,81.44283,0.5,6.1,0.75,-0.094,14.1,2.51,2.66,0,0
11/26/2022,6.3173,81.44283,0.2,0.7,0.99,-0.306,14.1,2.51,2.66,0,0
5/15/2023,6.3173,81.44283,5.6,23,0.44,-0.022,14.1,2.51,2.66,0,0
5/26/2023,6.3173,81.44283,0,4,0.08,-0.018,14.1,2.51,2.66,0,0
11/6/2023,6.3173,81.44283,103.5,299.6,4.22,1.564,14.1,2.51,2.66,1,2.59
11/21/2023,6.3173,81.44283,5.4,24.1,0.64,0.006,14.1,2.51,2.66,0,0
11/26/2023,6.3173,81.44283,0.4,4.7,0.96,-0.182,14.1,2.51,2.66,0,0
5/11/2024,6.3173,81.44283,1.3,3.4,0.86,-0.209,14.1,2.51,2.66,0,0
5/12/2024,6.3173,81.44283,10.8,29.1,1.08,0.092,14.1,2.51,2.66,0,0
11/8/2024,6.3173,81.44283,5.4,14,0.9,-0.088,14.1,2.51,2.66,0,0
12/15/2024,6.3173,81.44283,50.8,152.8,2.42,0.419,14.1,2.51,2.66,0,0
10/9/2016,7.28746,81.46707,0.4,0.9,1.64,-0.092,101.2,0.93,0.51,0,0
10/21/2016,7.28746,81.46707,34.4,109.1,2.19,0.495,101.2,0.93,0.51,0,0
11/16/2016,7.28746,81.46707,3.5,11.6,1.3,-0.093,101.2,0.93,0.51,0,0
11/19/2016,7.28746,81.46707,4.8,21.8,1.14,-0.031,101.2,0.93,0.51,0,0
5/21/2017,7.28746,81.46707,9.9,34.1,1.37,-0.112,101.2,0.93,0.51,0,0
5/30/2017,7.28746,81.46707,1.9,8.7,0.76,-0.027,101.2,0.93,0.51,0,0
11/4/2017,7.28746,81.46707,5.7,11.4,1.7,-0.084,101.2,0.93,0.51,0,0
11/7/2017,7.28746,81.46707,6.2,17.3,0.63,-0.012,101.2,0.93,0.51,0,0
11/12/2017,7.28746,81.46707,0,0.8,1.44,0.15,101.2,0.93,0.51,0,0
11/25/2017,7.28746,81.46707,4.3,12.9,1.31,-0.004,101.2,0.93,0.51,0,0
12/1/2017,7.28746,81.46707,87.7,221.3,4.2,1.077,101.2,0.93,0.51,0,0
5/11/2018,7.28746,81.46707,4.4,10.6,1.12,-0.011,101.2,0.93,0.51,0,0
10/5/2018,7.28746,81.46707,65.7,146.6,2.97,0.856,101.2,0.93,0.51,0,0
12/12/2018,7.28746,81.46707,4.2,19.5,1.31,0.082,101.2,0.93,0.51,0,0
12/16/2018,7.28746,81.46707,5.5,23.1,0.76,0.019,101.2,0.93,0.51,0,0
12/24/2018,7.28746,81.46707,0,4.2,1.45,-0.006,101.2,0.93,0.51,0,0
10/6/2019,7.28746,81.46707,0.4,3.8,1.34,-0.413,101.2,0.93,0.51,0,0
10/26/2019,7.28746,81.46707,3.9,13.2,1.23,-0.045,101.2,0.93,0.51,0,0
10/29/2019,7.28746,81.46707,1.8,16.9,1.23,-0.032,101.2,0.93,0.51,0,0
11/29/2019,7.28746,81.46707,101.5,254.3,4.95,1.382,101.2,0.93,0.51,1,1.96
11/30/2019,7.28746,81.46707,12.1,30,1.83,-0.061,101.2,0.93,0.51,0,0
10/4/2020,7.28746,81.46707,1,12.3,2.04,-0.133,101.2,0.93,0.51,0,0
11/2/2020,7.28746,81.46707,2.2,7.5,1.02,0.038,101.2,0.93,0.51,0,0
12/12/2020,7.28746,81.46707,61.7,171,3.44,0.922,101.2,0.93,0.51,0,0
5/9/2021,7.28746,81.46707,0.6,7.6,1.53,-0.158,101.2,0.93,0.51,0,0
10/2/2021,7.28746,81.46707,58.4,161.9,3.42,0.971,101.2,0.93,0.51,0,0
10/26/2021,7.28746,81.46707,3.7,11.4,2.09,-0.221,101.2,0.93,0.51,0,0
12/24/2021,7.28746,81.46707,22.4,52.4,1.62,0.269,101.2,0.93,0.51,0,0
5/28/2022,7.28746,81.46707,38,103.1,2.16,0.466,101.2,0.93,0.51,0,0
10/3/2022,7.28746,81.46707,2.3,13,1.29,-0.02,101.2,0.93,0.51,0,0
10/19/2022,7.28746,81.46707,75.7,212.4,3.75,0.946,101.2,0.93,0.51,0,0
10/31/2022,7.28746,81.46707,2,8.9,0.87,0.136,101.2,0.93,0.51,0,0
11/1/2022,7.28746,81.46707,7.2,19.9,1.05,0.151,101.2,0.93,0.51,0,0
11/11/2022,7.28746,81.46707,80,210,3.58,1.074,101.2,0.93,0.51,0,0
11/13/2022,7.28746,81.46707,0.6,3.9,1.57,-0.253,101.2,0.93,0.51,0,0
11/26/2022,7.28746,81.46707,0.1,0.6,1.77,-0.02,101.2,0.93,0.51,0,0
5/15/2023,7.28746,81.46707,2.3,7.7,1.43,-0.02,101.2,0.93,0.51,0,0
5/26/2023,7.28746,81.46707,0,10,0.51,-0.318,101.2,0.93,0.51,0,0
11/6/2023,7.28746,81.46707,1.2,3.6,1.77,-0.085,101.2,0.93,0.51,0,0
11/21/2023,7.28746,81.46707,8,21.2,1.91,0.18,101.2,0.93,0.51,0,0
11/26/2023,7.28746,81.46707,26.7,66.1,1.99,0.368,101.2,0.93,0.51,0,0
5/11/2024,7.28746,81.46707,1.1,6,0.82,-0.03,101.2,0.93,0.51,0,0
5/12/2024,7.28746,81.46707,2.2,6.3,1.34,0.111,101.2,0.93,0.51,0,0
11/8/2024,7.28746,81.46707,64.4,142.7,2.93,0.708,101.2,0.93,0.51,0,0
12/15/2024,7.28746,81.46707,1.4,14.1,0.91,-0.058,101.2,0.93,0.51,0,0
10/9/2016,6.08941,81.39676,44.3,105.1,3.89,0.783,7.1,0.24,13.24,0,0
10/21/2016,6.08941,81.39676,59.9,144.4,3.94,0.668,7.1,0.24,13.24,0,0
11/16/2016,6.08941,81.39676,0.1,11.9,3.12,-0.175,7.1,0.24,13.24,0,0
11/19/2016,6.08941,81.39676,12.8,37,2.73,-0.007,7.1,0.24,13.24,0,0
5/21/2017,6.08941,81.39676,15.6,35.4,2.91,0.287,7.1,0.24,13.24,0,0
5/30/2017,6.08941,81.39676,45.5,139.7,3.83,0.767,7.1,0.24,13.24,0,0
11/4/2017,6.08941,81.39676,1.9,6.6,3.03,-0.055,7.1,0.24,13.24,0,0
11/7/2017,6.08941,81.39676,0.4,10.1,2.64,-0.26,7.1,0.24,13.24,0,0
11/12/2017,6.08941,81.39676,10.7,26.5,2.74,-0.117,7.1,0.24,13.24,0,0
11/25/2017,6.08941,81.39676,80.8,181.7,4.82,1.031,7.1,0.24,13.24,0,0
12/1/2017,6.08941,81.39676,45.1,125.4,3.78,0.638,7.1,0.24,13.24,0,0
5/11/2018,6.08941,81.39676,131.2,277.1,5.9,1.715,7.1,0.24,13.24,1,2.61
10/5/2018,6.08941,81.39676,24.4,53.3,3.18,0.127,7.1,0.24,13.24,0,0
12/12/2018,6.08941,81.39676,3.5,25.9,3.1,-0.074,7.1,0.24,13.24,0,0
12/16/2018,6.08941,81.39676,9.9,20.5,2.64,-0.165,7.1,0.24,13.24,0,0
12/24/2018,6.08941,81.39676,7.7,19.3,2.21,0.131,7.1,0.24,13.24,0,0
10/6/2019,6.08941,81.39676,0,0,2.87,-0.263,7.1,0.24,13.24,0,0
10/26/2019,6.08941,81.39676,47.5,140.7,4.67,0.754,7.1,0.24,13.24,0,0
10/29/2019,6.08941,81.39676,46.8,93.9,3.57,0.515,7.1,0.24,13.24,0,0
11/29/2019,6.08941,81.39676,5.8,15.1,2.5,-0.124,7.1,0.24,13.24,0,0
11/30/2019,6.08941,81.39676,5.2,11.2,2.64,-0.021,7.1,0.24,13.24,0,0
10/4/2020,6.08941,81.39676,4.8,14.8,2.86,0.023,7.1,0.24,13.24,0,0
11/2/2020,6.08941,81.39676,4.3,8.4,3.06,-0.061,7.1,0.24,13.24,0,0
12/12/2020,6.08941,81.39676,50.3,117.4,3.98,0.647,7.1,0.24,13.24,0,0
5/9/2021,6.08941,81.39676,118.7,194,5.34,1.196,7.1,0.24,13.24,1,1.6
10/2/2021,6.08941,81.39676,0,1.9,2.5,-0.118,7.1,0.24,13.24,0,0
10/26/2021,6.08941,81.39676,23.4,53.2,2.36,0.335,7.1,0.24,13.24,0,0
12/24/2021,6.08941,81.39676,70.7,194,4.36,1.177,7.1,0.24,13.24,0,0
5/28/2022,6.08941,81.39676,5.4,16.3,2.81,0.052,7.1,0.24,13.24,0,0
10/3/2022,6.08941,81.39676,1.1,3.9,3,-0.096,7.1,0.24,13.24,0,0
10/19/2022,6.08941,81.39676,2.7,6.8,2.22,0.067,7.1,0.24,13.24,0,0
10/31/2022,6.08941,81.39676,49.7,145.4,3.85,0.699,7.1,0.24,13.24,0,0
11/1/2022,6.08941,81.39676,5,14.3,2.15,0.01,7.1,0.24,13.24,0,0
11/11/2022,6.08941,81.39676,0.1,1.3,3,-0.009,7.1,0.24,13.24,0,0
11/13/2022,6.08941,81.39676,1.7,11.1,3.16,0.016,7.1,0.24,13.24,0,0
11/26/2022,6.08941,81.39676,0.9,6.2,2.19,-0.131,7.1,0.24,13.24,0,0
5/15/2023,6.08941,81.39676,11.2,36.4,2.47,0.006,7.1,0.24,13.24,0,0
5/26/2023,6.08941,81.39676,0.7,6.6,2.64,-0.039,7.1,0.24,13.24,0,0
11/6/2023,6.08941,81.39676,46.2,95.6,3.45,0.387,7.1,0.24,13.24,0,0
11/21/2023,6.08941,81.39676,1.5,9.1,2.8,-0.123,7.1,0.24,13.24,0,0
11/26/2023,6.08941,81.39676,43.5,135.2,4.24,0.605,7.1,0.24,13.24,0,0
5/11/2024,6.08941,81.39676,75.9,133.5,4.1,0.771,7.1,0.24,13.24,0,0
5/12/2024,6.08941,81.39676,90.7,166.1,4.28,1.094,7.1,0.24,13.24,0,0
11/8/2024,6.08941,81.39676,62,151.7,3.24,0.913,7.1,0.24,13.24,0,0
12/15/2024,6.08941,81.39676,28.6,64.9,2.79,0.33,7.1,0.24,13.24,0,0
10/9/2016,8.36423,80.41629,0.7,7.9,2.98,0.164,12,0.65,0.74,0,0
10/21/2016,8.36423,80.41629,45.9,140.5,4.53,0.619,12,0.65,0.74,1,1.61
11/16/2016,8.36423,80.41629,20.7,70.9,2.7,0.188,12,0.65,0.74,1,1.26
11/19/2016,8.36423,80.41629,22.4,75,2.97,0.225,12,0.65,0.74,0,0
5/21/2017,8.36423,80.41629,0.9,4.1,2.12,-0.191,12,0.65,0.74,0,0
5/30/2017,8.36423,80.41629,9.8,22.2,2.34,0.011,12,0.65,0.74,0,0
11/4/2017,8.36423,80.41629,2.5,9.3,2.96,-0.073,12,0.65,0.74,0,0
11/7/2017,8.36423,80.41629,0.6,2.5,1.99,0.142,12,0.65,0.74,0,0
11/12/2017,8.36423,80.41629,3.6,12.6,2.92,0.147,12,0.65,0.74,0,0
11/25/2017,8.36423,80.41629,94,229.3,5.95,1.5,12,0.65,0.74,1,2.59
12/1/2017,8.36423,80.41629,3.4,11.4,2.82,-0.002,12,0.65,0.74,0,0
5/11/2018,8.36423,80.41629,3.3,8.8,2.72,-0.138,12,0.65,0.74,0,0
10/5/2018,8.36423,80.41629,2.4,8,2.16,-0.144,12,0.65,0.74,0,0
12/12/2018,8.36423,80.41629,3,11,2.47,-0.251,12,0.65,0.74,0,0
12/16/2018,8.36423,80.41629,102.9,235.4,5.39,1.316,12,0.65,0.74,1,2.19
12/24/2018,8.36423,80.41629,0.3,0.9,2.79,-0.176,12,0.65,0.74,0,0
10/6/2019,8.36423,80.41629,3.8,8.4,2.33,0.065,12,0.65,0.74,0,0
10/26/2019,8.36423,80.41629,59.2,138.9,3.74,0.82,12,0.65,0.74,1,1.67
10/29/2019,8.36423,80.41629,9,32.5,3.03,0.131,12,0.65,0.74,0,0
11/29/2019,8.36423,80.41629,51.9,118.2,4.05,0.704,12,0.65,0.74,1,1.53
11/30/2019,8.36423,80.41629,3.7,17.1,2.58,-0.063,12,0.65,0.74,0,0
10/4/2020,8.36423,80.41629,1.7,9.1,2.3,-0.016,12,0.65,0.74,0,0
11/2/2020,8.36423,80.41629,9.8,32.5,2.77,0.158,12,0.65,0.74,0,0
12/12/2020,8.36423,80.41629,15.7,40.5,2.59,0.064,12,0.65,0.74,0,0
5/9/2021,8.36423,80.41629,2.6,10,3.17,0.081,12,0.65,0.74,0,0
10/2/2021,8.36423,80.41629,3,7.2,2.36,-0.119,12,0.65,0.74,0,0
10/26/2021,8.36423,80.41629,143.4,371.6,7.04,2.053,12,0.65,0.74,1,3.8
12/24/2021,8.36423,80.41629,72,149,3.94,0.768,12,0.65,0.74,1,1.33
5/28/2022,8.36423,80.41629,0.8,2.2,1.94,-0.122,12,0.65,0.74,0,0
10/3/2022,8.36423,80.41629,0.4,1.9,2.04,-0.054,12,0.65,0.74,0,0
10/19/2022,8.36423,80.41629,63.5,138.3,4.23,0.765,12,0.65,0.74,0,0
10/31/2022,8.36423,80.41629,0.9,1.9,2.87,-0.088,12,0.65,0.74,0,0
11/1/2022,8.36423,80.41629,6.7,20.5,2.45,-0.135,12,0.65,0.74,0,0
11/11/2022,8.36423,80.41629,7.5,18.5,2.52,0.035,12,0.65,0.74,0,0
11/13/2022,8.36423,80.41629,61.1,140.2,3.73,0.864,12,0.65,0.74,0,0
11/26/2022,8.36423,80.41629,1,7.7,2.1,-0.152,12,0.65,0.74,0,0
5/15/2023,8.36423,80.41629,59.3,143.3,4.01,0.622,12,0.65,0.74,0,0
5/26/2023,8.36423,80.41629,1.3,4.4,2.53,-0.245,12,0.65,0.74,0,0
11/6/2023,8.36423,80.41629,2.1,15.4,3.03,-0.05,12,0.65,0.74,0,0
11/21/2023,8.36423,80.41629,5.6,27.6,3.26,0.095,12,0.65,0.74,0,0
11/26/2023,8.36423,80.41629,3.4,12.4,2.42,-0.221,12,0.65,0.74,0,0
5/11/2024,8.36423,80.41629,1.3,10.4,2.47,-0.068,12,0.65,0.74,0,0
5/12/2024,8.36423,80.41629,37.7,102.3,3.93,0.309,12,0.65,0.74,1,1.57
11/8/2024,8.36423,80.41629,5.1,9.8,2.64,0.096,12,0.65,0.74,0,0
12/15/2024,8.36423,80.41629,62.5,172.8,4.21,1.006,12,0.65,0.74,1,1.99
10/9/2016,6.67283,79.77782,0.2,2,1.97,0.009,34.6,3.36,8.01,0,0
10/21/2016,6.67283,79.77782,3.5,9.6,1.68,-0.005,34.6,3.36,8.01,0,0
11/16/2016,6.67283,79.77782,0.8,2.8,1.62,-0.071,34.6,3.36,8.01,0,0
11/19/2016,6.67283,79.77782,0,11,1.3,-0.401,34.6,3.36,8.01,0,0
5/21/2017,6.67283,79.77782,0,0.7,1.89,-0.075,34.6,3.36,8.01,0,0
5/30/2017,6.67283,79.77782,37.3,102.2,2.58,0.379,34.6,3.36,8.01,0,0
11/4/2017,6.67283,79.77782,4.5,12.3,1.15,0.049,34.6,3.36,8.01,0,0
11/7/2017,6.67283,79.77782,4.6,13.8,1.35,-0.161,34.6,3.36,8.01,0,0
11/12/2017,6.67283,79.77782,20.7,50.3,1.87,0.033,34.6,3.36,8.01,0,0
11/25/2017,6.67283,79.77782,23.5,47,2.25,0.147,34.6,3.36,8.01,0,0
12/1/2017,6.67283,79.77782,47.1,108,2.78,0.623,34.6,3.36,8.01,0,0
5/11/2018,6.67283,79.77782,20.4,56,2.09,0.208,34.6,3.36,8.01,0,0
10/5/2018,6.67283,79.77782,0.5,5.3,1.02,-0.102,34.6,3.36,8.01,0,0
12/12/2018,6.67283,79.77782,7.5,22.1,1.21,-0.075,34.6,3.36,8.01,0,0
12/16/2018,6.67283,79.77782,3.9,14.5,1.4,0.039,34.6,3.36,8.01,0,0
12/24/2018,6.67283,79.77782,3.5,10,1.1,-0.023,34.6,3.36,8.01,0,0
10/6/2019,6.67283,79.77782,6,13.7,1.21,0.093,34.6,3.36,8.01,0,0
10/26/2019,6.67283,79.77782,59.8,127.1,3.05,0.566,34.6,3.36,8.01,0,0
10/29/2019,6.67283,79.77782,1.5,18,1.14,-0.108,34.6,3.36,8.01,0,0
11/29/2019,6.67283,79.77782,0.1,20,2.08,0.142,34.6,3.36,8.01,0,0
11/30/2019,6.67283,79.77782,2.1,5,1.29,0.023,34.6,3.36,8.01,0,0
10/4/2020,6.67283,79.77782,0.3,5.9,1.25,-0.116,34.6,3.36,8.01,0,0
11/2/2020,6.67283,79.77782,17.1,33.3,2.26,0.058,34.6,3.36,8.01,0,0
12/12/2020,6.67283,79.77782,0.6,18.9,1.6,-0.113,34.6,3.36,8.01,0,0
5/9/2021,6.67283,79.77782,1.7,8.1,1.02,-0.29,34.6,3.36,8.01,0,0
10/2/2021,6.67283,79.77782,2.4,5.5,0.92,-0.271,34.6,3.36,8.01,0,0
10/26/2021,6.67283,79.77782,175.1,426.9,6.12,2.3,34.6,3.36,8.01,1,3.02
12/24/2021,6.67283,79.77782,9.4,29.5,2.14,0.246,34.6,3.36,8.01,0,0
5/28/2022,6.67283,79.77782,4,10.6,0.95,0.018,34.6,3.36,8.01,0,0
10/3/2022,6.67283,79.77782,16.6,40.7,2.16,0.064,34.6,3.36,8.01,0,0
10/19/2022,6.67283,79.77782,1.1,3.3,1.5,-0.129,34.6,3.36,8.01,0,0
10/31/2022,6.67283,79.77782,0.4,0.8,1.33,-0.274,34.6,3.36,8.01,0,0
11/1/2022,6.67283,79.77782,0,1.9,1.71,-0.269,34.6,3.36,8.01,0,0
11/11/2022,6.67283,79.77782,10.2,30.6,1.73,0.073,34.6,3.36,8.01,0,0
11/13/2022,6.67283,79.77782,5.9,15.1,1.65,-0.105,34.6,3.36,8.01,0,0
11/26/2022,6.67283,79.77782,2.5,8.2,1.53,-0.084,34.6,3.36,8.01,0,0
5/15/2023,6.67283,79.77782,3.6,9.2,1.52,-0.017,34.6,3.36,8.01,0,0
5/26/2023,6.67283,79.77782,23.8,50.3,2.37,0.479,34.6,3.36,8.01,0,0
11/6/2023,6.67283,79.77782,14.4,39.4,0.95,0.19,34.6,3.36,8.01,0,0
11/21/2023,6.67283,79.77782,5.6,19.4,1.91,-0.051,34.6,3.36,8.01,0,0
11/26/2023,6.67283,79.77782,1.2,3.3,1.44,-0.359,34.6,3.36,8.01,0,0
5/11/2024,6.67283,79.77782,88.5,246.4,3.93,1.223,34.6,3.36,8.01,0,0
5/12/2024,6.67283,79.77782,1,7.5,1.03,-0.192,34.6,3.36,8.01,0,0
11/8/2024,6.67283,79.77782,16.6,42.5,1.6,-0.001,34.6,3.36,8.01,0,0
12/15/2024,6.67283,79.77782,5.1,26.6,1.37,-0.082,34.6,3.36,8.01,0,0
10/9/2016,7.72256,81.42097,27.9,69.8,1.12,0.238,59.4,5.66,2.94,0,0
10/21/2016,7.72256,81.42097,1,13,0.54,-0.164,59.4,5.66,2.94,0,0
11/16/2016,7.72256,81.42097,32.8,56.6,1.66,0.273,59.4,5.66,2.94,0,0
11/19/2016,7.72256,81.42097,4.3,13.7,0.78,-0.121,59.4,5.66,2.94,0,0
5/21/2017,7.72256,81.42097,5.8,11.6,0.78,0.209,59.4,5.66,2.94,0,0
5/30/2017,7.72256,81.42097,0.9,9.9,0.58,-0.185,59.4,5.66,2.94,0,0
11/4/2017,7.72256,81.42097,0.8,4.1,1.17,-0.106,59.4,5.66,2.94,0,0
11/7/2017,7.72256,81.42097,64.8,142,1.77,0.809,59.4,5.66,2.94,0,0
11/12/2017,7.72256,81.42097,0.8,39.2,1.25,0.048,59.4,5.66,2.94,0,0
11/25/2017,7.72256,81.42097,3.1,6.3,0.84,0.02,59.4,5.66,2.94,0,0
12/1/2017,7.72256,81.42097,1.4,4.3,0.93,-0.104,59.4,5.66,2.94,0,0
5/11/2018,7.72256,81.42097,64,170.7,2.93,0.73,59.4,5.66,2.94,0,0
10/5/2018,7.72256,81.42097,0.2,2.4,0.81,-0.166,59.4,5.66,2.94,0,0
12/12/2018,7.72256,81.42097,1.1,8.1,0.79,-0.14,59.4,5.66,2.94,0,0
12/16/2018,7.72256,81.42097,2.6,9.4,0.7,-0.03,59.4,5.66,2.94,0,0
12/24/2018,7.72256,81.42097,82.7,174.2,2.55,0.961,59.4,5.66,2.94,0,0
10/6/2019,7.72256,81.42097,151.2,382.2,4.63,2.215,59.4,5.66,2.94,1,2.67
10/26/2019,7.72256,81.42097,0,5.3,0.82,-0.191,59.4,5.66,2.94,0,0
10/29/2019,7.72256,81.42097,78.7,210.2,3.48,1.259,59.4,5.66,2.94,0,0
11/29/2019,7.72256,81.42097,4.1,30.2,0.82,-0.035,59.4,5.66,2.94,0,0
11/30/2019,7.72256,81.42097,62.5,121.6,1.85,0.747,59.4,5.66,2.94,0,0
10/4/2020,7.72256,81.42097,56.5,164.8,2.54,0.847,59.4,5.66,2.94,0,0
11/2/2020,7.72256,81.42097,5.2,14.4,0.78,-0.245,59.4,5.66,2.94,0,0
12/12/2020,7.72256,81.42097,0.6,3.9,0.53,-0.239,59.4,5.66,2.94,0,0
5/9/2021,7.72256,81.42097,0.3,8.5,0.76,0.152,59.4,5.66,2.94,0,0
10/2/2021,7.72256,81.42097,3.4,7.7,1.1,-0.134,59.4,5.66,2.94,0,0
10/26/2021,7.72256,81.42097,1.4,3.8,0.87,-0.322,59.4,5.66,2.94,0,0
12/24/2021,7.72256,81.42097,0,8.8,0.05,-0.26,59.4,5.66,2.94,0,0
5/28/2022,7.72256,81.42097,13.8,32.4,1.14,0.285,59.4,5.66,2.94,0,0
10/3/2022,7.72256,81.42097,27.5,81.3,1.57,0.291,59.4,5.66,2.94,0,0
10/19/2022,7.72256,81.42097,0.4,5.4,0.64,-0.097,59.4,5.66,2.94,0,0
10/31/2022,7.72256,81.42097,1.9,8,0.58,0.018,59.4,5.66,2.94,0,0
11/1/2022,7.72256,81.42097,8.3,24.8,1.19,0.01,59.4,5.66,2.94,0,0
11/11/2022,7.72256,81.42097,6.9,17.7,1.12,-0.027,59.4,5.66,2.94,0,0
11/13/2022,7.72256,81.42097,152.2,354,4.61,2.184,59.4,5.66,2.94,1,2.44
11/26/2022,7.72256,81.42097,0,1.7,1.01,-0.39,59.4,5.66,2.94,0,0
5/15/2023,7.72256,81.42097,2.4,6.1,0.58,-0.083,59.4,5.66,2.94,0,0
5/26/2023,7.72256,81.42097,108.8,267.2,3.78,1.47,59.4,5.66,2.94,0,0
11/6/2023,7.72256,81.42097,0.4,8.7,0.73,-0.201,59.4,5.66,2.94,0,0
11/21/2023,7.72256,81.42097,29.3,79.8,1.55,0.368,59.4,5.66,2.94,0,0
11/26/2023,7.72256,81.42097,6.9,19.4,1.34,-0.188,59.4,5.66,2.94,0,0
5/11/2024,7.72256,81.42097,0.1,0.9,0.45,-0.081,59.4,5.66,2.94,0,0
5/12/2024,7.72256,81.42097,5.8,26.5,0.54,0.147,59.4,5.66,2.94,0,0
11/8/2024,7.72256,81.42097,149.7,419.8,5.82,2.3,59.4,5.66,2.94,1,3.25
12/15/2024,7.72256,81.42097,17.3,45.2,1.05,0.011,59.4,5.66,2.94,0,0
10/9/2016,6.81045,80.52073,0.1,3.3,0.51,-0.149,102.5,6.12,2.62,0,0
10/21/2016,6.81045,80.52073,117.4,213.2,3.81,1.181,102.5,6.12,2.62,1,0.88
11/16/2016,6.81045,80.52073,1.5,8.1,0.74,0.07,102.5,6.12,2.62,0,0
11/19/2016,6.81045,80.52073,0.5,17,0.75,0.207,102.5,6.12,2.62,0,0
5/21/2017,6.81045,80.52073,4.8,12.3,0.91,-0.041,102.5,6.12,2.62,0,0
5/30/2017,6.81045,80.52073,2.1,6.1,0.46,-0.258,102.5,6.12,2.62,0,0
11/4/2017,6.81045,80.52073,5.3,20.3,1.37,-0.133,102.5,6.12,2.62,0,0
11/7/2017,6.81045,80.52073,64.6,189.9,2.91,1.16,102.5,6.12,2.62,0,0
11/12/2017,6.81045,80.52073,110.7,291.7,3.81,1.668,102.5,6.12,2.62,0,0
11/25/2017,6.81045,80.52073,1.5,13.1,0.92,0.1,102.5,6.12,2.62,0,0
12/1/2017,6.81045,80.52073,3,10.1,0.49,-0.299,102.5,6.12,2.62,0,0
5/11/2018,6.81045,80.52073,0.2,1.7,0.48,-0.227,102.5,6.12,2.62,0,0
10/5/2018,6.81045,80.52073,5.5,13.2,1.1,-0.072,102.5,6.12,2.62,0,0
12/12/2018,6.81045,80.52073,1.2,13.5,0.55,-0.243,102.5,6.12,2.62,0,0
12/16/2018,6.81045,80.52073,136.8,441,5.43,2.226,102.5,6.12,2.62,1,3.65
12/24/2018,6.81045,80.52073,17.7,45.6,1.11,0.5,102.5,6.12,2.62,0,0
10/6/2019,6.81045,80.52073,7.3,15.1,0.61,0.047,102.5,6.12,2.62,0,0
10/26/2019,6.81045,80.52073,3.8,15.9,0.16,-0.039,102.5,6.12,2.62,0,0
10/29/2019,6.81045,80.52073,0,0.3,0.08,-0.195,102.5,6.12,2.62,0,0
11/29/2019,6.81045,80.52073,2.8,15.7,0.64,0.192,102.5,6.12,2.62,0,0
11/30/2019,6.81045,80.52073,2.4,13,0.31,-0.235,102.5,6.12,2.62,0,0
10/4/2020,6.81045,80.52073,0,1.4,1.13,-0.077,102.5,6.12,2.62,0,0
11/2/2020,6.81045,80.52073,11.6,39.8,1.31,0.098,102.5,6.12,2.62,0,0
12/12/2020,6.81045,80.52073,0,2.7,0.65,-0.172,102.5,6.12,2.62,0,0
5/9/2021,6.81045,80.52073,2.4,8.6,0.51,-0.075,102.5,6.12,2.62,0,0
10/2/2021,6.81045,80.52073,0.8,3.6,0.11,-0.092,102.5,6.12,2.62,0,0
10/26/2021,6.81045,80.52073,0.4,2.6,0.7,-0.19,102.5,6.12,2.62,0,0
12/24/2021,6.81045,80.52073,7.7,27.8,1.1,0.109,102.5,6.12,2.62,0,0
5/28/2022,6.81045,80.52073,55.4,108.3,2.17,0.62,102.5,6.12,2.62,0,0
10/3/2022,6.81045,80.52073,2,7.7,0.31,-0.195,102.5,6.12,2.62,0,0
10/19/2022,6.81045,80.52073,1.2,10.3,0.74,0.042,102.5,6.12,2.62,0,0
10/31/2022,6.81045,80.52073,111.4,281.1,3.84,1.342,102.5,6.12,2.62,0,0
11/1/2022,6.81045,80.52073,0,4.9,0.3,-0.273,102.5,6.12,2.62,0,0
11/11/2022,6.81045,80.52073,42.2,121.3,1.76,0.787,102.5,6.12,2.62,0,0
11/13/2022,6.81045,80.52073,10,31,0.87,-0.013,102.5,6.12,2.62,0,0
11/26/2022,6.81045,80.52073,69.4,146.1,2.62,0.905,102.5,6.12,2.62,0,0
5/15/2023,6.81045,80.52073,0.5,2.8,0.41,-0.18,102.5,6.12,2.62,0,0
5/26/2023,6.81045,80.52073,2.1,6.6,0.49,-0.069,102.5,6.12,2.62,0,0
11/6/2023,6.81045,80.52073,0.5,3.7,0.68,-0.118,102.5,6.12,2.62,0,0
11/21/2023,6.81045,80.52073,0,1.6,0.57,0.04,102.5,6.12,2.62,0,0
11/26/2023,6.81045,80.52073,4.9,14.2,0.65,-0.087,102.5,6.12,2.62,0,0
5/11/2024,6.81045,80.52073,1.9,10.2,1.37,0.034,102.5,6.12,2.62,0,0
5/12/2024,6.81045,80.52073,12.4,37,1.29,0.094,102.5,6.12,2.62,0,0
11/8/2024,6.81045,80.52073,5.9,18.5,0.89,-0.047,102.5,6.12,2.62,0,0
12/15/2024,6.81045,80.52073,2.9,7.2,0.22,-0.008,102.5,6.12,2.62,0,0
10/9/2016,7.35218,81.48998,0,6.4,3.26,-0.135,45.3,1.39,2.01,0,0
10/21/2016,7.35218,81.48998,10.4,28.6,3.03,-0.059,45.3,1.39,2.01,0,0
11/16/2016,7.35218,81.48998,0,2.2,2.27,-0.337,45.3,1.39,2.01,0,0
11/19/2016,7.35218,81.48998,4.1,10.4,2.3,-0.142,45.3,1.39,2.01,0,0
5/21/2017,7.35218,81.48998,28.2,92.3,3.79,0.672,45.3,1.39,2.01,0,0
5/30/2017,7.35218,81.48998,6.4,21.2,3.12,-0.244,45.3,1.39,2.01,0,0
11/4/2017,7.35218,81.48998,3.7,11.7,2.67,0.064,45.3,1.39,2.01,0,0
11/7/2017,7.35218,81.48998,5.7,15.1,2.78,0.053,45.3,1.39,2.01,0,0
11/12/2017,7.35218,81.48998,1.6,3.6,2.49,-0.027,45.3,1.39,2.01,0,0
11/25/2017,7.35218,81.48998,0.1,2.8,2.62,0.106,45.3,1.39,2.01,0,0
12/1/2017,7.35218,81.48998,3,16,2.88,0.028,45.3,1.39,2.01,0,0
5/11/2018,7.35218,81.48998,63.5,206.9,4.76,0.97,45.3,1.39,2.01,0,0
10/5/2018,7.35218,81.48998,45.8,114.8,4.02,0.611,45.3,1.39,2.01,0,0
12/12/2018,7.35218,81.48998,0.1,3,2.59,-0.017,45.3,1.39,2.01,0,0
12/16/2018,7.35218,81.48998,2.6,15.9,2.49,-0.018,45.3,1.39,2.01,0,0
12/24/2018,7.35218,81.48998,2.3,6.5,2.7,-0.165,45.3,1.39,2.01,0,0
10/6/2019,7.35218,81.48998,0.7,7,3.05,-0.007,45.3,1.39,2.01,0,0
10/26/2019,7.35218,81.48998,2.2,6.7,3.02,-0.064,45.3,1.39,2.01,0,0
10/29/2019,7.35218,81.48998,16.2,51.4,3.23,0.171,45.3,1.39,2.01,0,0
11/29/2019,7.35218,81.48998,7.8,20.8,2.83,-0.018,45.3,1.39,2.01,0,0
11/30/2019,7.35218,81.48998,68,206.7,4.69,1.016,45.3,1.39,2.01,1,1.66
10/4/2020,7.35218,81.48998,3,10.7,2.34,-0.1,45.3,1.39,2.01,0,0
11/2/2020,7.35218,81.48998,115.2,287.3,5.93,1.668,45.3,1.39,2.01,1,2.57
12/12/2020,7.35218,81.48998,3.2,15.6,3.48,-0.132,45.3,1.39,2.01,0,0
5/9/2021,7.35218,81.48998,1.4,5.5,2.69,0.007,45.3,1.39,2.01,0,0
10/2/2021,7.35218,81.48998,19.3,51.2,3.16,0.173,45.3,1.39,2.01,0,0
10/26/2021,7.35218,81.48998,2.8,8.3,2.42,-0.258,45.3,1.39,2.01,0,0
12/24/2021,7.35218,81.48998,0.1,9.9,2.54,-0.16,45.3,1.39,2.01,0,0
5/28/2022,7.35218,81.48998,0.6,5.2,3.14,-0.16,45.3,1.39,2.01,0,0
10/3/2022,7.35218,81.48998,0.2,2,2.75,0.111,45.3,1.39,2.01,0,0
10/19/2022,7.35218,81.48998,2.9,14.1,2.4,-0.052,45.3,1.39,2.01,0,0
10/31/2022,7.35218,81.48998,1.2,2.3,2.79,-0.227,45.3,1.39,2.01,0,0
11/1/2022,7.35218,81.48998,7.2,34.5,2.57,-0.056,45.3,1.39,2.01,0,0
11/11/2022,7.35218,81.48998,23.3,53.7,3.77,0.21,45.3,1.39,2.01,0,0
11/13/2022,7.35218,81.48998,50.8,88.5,3,0.559,45.3,1.39,2.01,0,0
11/26/2022,7.35218,81.48998,0.1,2,2.65,-0.165,45.3,1.39,2.01,0,0
5/15/2023,7.35218,81.48998,4.2,18.4,2.91,0.06,45.3,1.39,2.01,0,0
5/26/2023,7.35218,81.48998,2.5,11.1,3.07,-0.096,45.3,1.39,2.01,0,0
11/6/2023,7.35218,81.48998,3.2,10.1,3.39,-0.106,45.3,1.39,2.01,0,0
11/21/2023,7.35218,81.48998,7.6,16.5,2.35,0.044,45.3,1.39,2.01,0,0
11/26/2023,7.35218,81.48998,6.6,16.5,3.13,0.212,45.3,1.39,2.01,0,0
5/11/2024,7.35218,81.48998,10.1,30.5,3,0.065,45.3,1.39,2.01,0,0
5/12/2024,7.35218,81.48998,1,4.2,2.9,-0.386,45.3,1.39,2.01,0,0
11/8/2024,7.35218,81.48998,1.2,3.4,3.13,-0.035,45.3,1.39,2.01,0,0
12/15/2024,7.35218,81.48998,88.7,151.3,4.61,1.249,45.3,1.39,2.01,0,0
10/9/2016,7.42145,81.48452,0.8,2.2,2,-0.074,5,2.49,0.73,0,0
10/21/2016,7.42145,81.48452,32,94.7,2.56,0.275,5,2.49,0.73,0,0
11/16/2016,7.42145,81.48452,80.3,193.9,4.07,1.268,5,2.49,0.73,1,2.01
11/19/2016,7.42145,81.48452,106.6,225.6,3.84,1.441,5,2.49,0.73,1,2.81
5/21/2017,7.42145,81.48452,80,173.1,4.32,0.911,5,2.49,0.73,1,2.36
5/30/2017,7.42145,81.48452,1.4,8.6,1.23,-0.3,5,2.49,0.73,0,0
11/4/2017,7.42145,81.48452,93.7,221.5,4.61,1.062,5,2.49,0.73,1,2.77
11/7/2017,7.42145,81.48452,4.6,9.8,1.81,-0.01,5,2.49,0.73,0,0
11/12/2017,7.42145,81.48452,0.1,2.9,1.9,0.017,5,2.49,0.73,0,0
11/25/2017,7.42145,81.48452,5.6,13.2,1.22,0.024,5,2.49,0.73,0,0
12/1/2017,7.42145,81.48452,79.5,243.2,4.2,1.34,5,2.49,0.73,1,2.01
5/11/2018,7.42145,81.48452,30,78.8,2.54,0.567,5,2.49,0.73,0,0
10/5/2018,7.42145,81.48452,8.2,18.8,2.77,0.075,5,2.49,0.73,0,0
12/12/2018,7.42145,81.48452,0.4,3.3,1.88,-0.332,5,2.49,0.73,0,0
12/16/2018,7.42145,81.48452,127.2,270.9,5.6,1.631,5,2.49,0.73,1,2.92
12/24/2018,7.42145,81.48452,89.1,201.2,4.21,1.241,5,2.49,0.73,0,0
10/6/2019,7.42145,81.48452,1.6,15,1.68,0.048,5,2.49,0.73,0,0
10/26/2019,7.42145,81.48452,1,3,1.25,-0.141,5,2.49,0.73,0,0
10/29/2019,7.42145,81.48452,44.8,112,3.26,0.679,5,2.49,0.73,0,0
11/29/2019,7.42145,81.48452,14.3,37.3,1.84,0.091,5,2.49,0.73,0,0
11/30/2019,7.42145,81.48452,0,0.2,1.5,-0.165,5,2.49,0.73,0,0
10/4/2020,7.42145,81.48452,73.8,215.4,3.99,1.084,5,2.49,0.73,1,2.33
11/2/2020,7.42145,81.48452,0,1.1,1.61,-0.303,5,2.49,0.73,0,0
12/12/2020,7.42145,81.48452,34.1,106,3.19,0.472,5,2.49,0.73,1,1.56
5/9/2021,7.42145,81.48452,2,20.4,2.22,-0.136,5,2.49,0.73,0,0
10/2/2021,7.42145,81.48452,2.2,6.4,1.18,0.216,5,2.49,0.73,0,0
10/26/2021,7.42145,81.48452,60.9,155.8,3.81,0.854,5,2.49,0.73,1,1.42
12/24/2021,7.42145,81.48452,0.1,1.9,1.79,-0.07,5,2.49,0.73,0,0
5/28/2022,7.42145,81.48452,37,99.7,3.37,0.33,5,2.49,0.73,1,1.46
10/3/2022,7.42145,81.48452,123.3,314.9,5.4,1.894,5,2.49,0.73,1,3.01
10/19/2022,7.42145,81.48452,151.3,351.4,5.87,2.246,5,2.49,0.73,1,3.37
10/31/2022,7.42145,81.48452,6.4,18.6,1.96,-0.161,5,2.49,0.73,0,0
11/1/2022,7.42145,81.48452,78.8,176.6,4.68,0.84,5,2.49,0.73,1,2.45
11/11/2022,7.42145,81.48452,91.9,213.9,4.26,1.492,5,2.49,0.73,1,2.24
11/13/2022,7.42145,81.48452,68.7,178.2,3.84,1.077,5,2.49,0.73,1,1.88
11/26/2022,7.42145,81.48452,16.8,38.2,1.89,0.048,5,2.49,0.73,0,0
5/15/2023,7.42145,81.48452,1.3,10.3,1.94,-0.047,5,2.49,0.73,0,0
5/26/2023,7.42145,81.48452,4.3,14.1,2.24,-0.022,5,2.49,0.73,0,0
11/6/2023,7.42145,81.48452,0.1,5.1,2.61,-0.117,5,2.49,0.73,0,0
11/21/2023,7.42145,81.48452,39.9,112.7,3.1,0.414,5,2.49,0.73,0,0
11/26/2023,7.42145,81.48452,9.9,30,2.19,-0.079,5,2.49,0.73,0,0
5/11/2024,7.42145,81.48452,98.8,260.3,4.97,1.276,5,2.49,0.73,1,2.52
5/12/2024,7.42145,81.48452,1.3,5.1,2.04,-0.119,5,2.49,0.73,0,0
11/8/2024,7.42145,81.48452,5.3,16.6,1.87,-0.104,5,2.49,0.73,0,0
12/15/2024,7.42145,81.48452,4,20.6,2.58,0.018,5,2.49,0.73,0,0
10/9/2016,6.48062,81.28542,0.3,1.7,2.32,-0.312,8.3,0.53,0.54,0,0
10/21/2016,6.48062,81.28542,2.8,8.1,2.73,-0.114,8.3,0.53,0.54,0,0
11/16/2016,6.48062,81.28542,6.2,17.2,3.1,-0.277,8.3,0.53,0.54,0,0
11/19/2016,6.48062,81.28542,19.6,76.8,3.38,0.22,8.3,0.53,0.54,1,0.86
5/21/2017,6.48062,81.28542,0,4.7,2.01,-0.136,8.3,0.53,0.54,0,0
5/30/2017,6.48062,81.28542,91.2,214.1,5.77,1.371,8.3,0.53,0.54,1,2.56
11/4/2017,6.48062,81.28542,85.5,204.7,4.73,1.036,8.3,0.53,0.54,1,2.38
11/7/2017,6.48062,81.28542,29.3,79.6,3.79,0.397,8.3,0.53,0.54,1,1.44
11/12/2017,6.48062,81.28542,89.2,220.3,4.8,1.315,8.3,0.53,0.54,1,2.05
11/25/2017,6.48062,81.28542,138.2,392.1,6.99,2.288,8.3,0.53,0.54,1,3.8
12/1/2017,6.48062,81.28542,12.5,40.9,3.08,0.02,8.3,0.53,0.54,0,0
5/11/2018,6.48062,81.28542,1.5,7.1,2.52,-0.093,8.3,0.53,0.54,0,0
10/5/2018,6.48062,81.28542,146,436.5,6.89,2.3,8.3,0.53,0.54,1,3.8
12/12/2018,6.48062,81.28542,60.6,133.9,3.4,0.872,8.3,0.53,0.54,0,0
12/16/2018,6.48062,81.28542,17.8,42.1,3.43,0.067,8.3,0.53,0.54,0,0
12/24/2018,6.48062,81.28542,1.6,9.2,2.41,-0.198,8.3,0.53,0.54,0,0
10/6/2019,6.48062,81.28542,13.9,35.7,3.48,0.037,8.3,0.53,0.54,0,0
10/26/2019,6.48062,81.28542,0.1,6.3,2.22,-0.164,8.3,0.53,0.54,0,0
10/29/2019,6.48062,81.28542,3.8,10,1.91,0.116,8.3,0.53,0.54,0,0
11/29/2019,6.48062,81.28542,136.5,397.6,7.12,2.138,8.3,0.53,0.54,1,3.8
11/30/2019,6.48062,81.28542,1.3,14.5,2.52,-0.076,8.3,0.53,0.54,0,0
10/4/2020,6.48062,81.28542,0.2,1.8,2,-0.259,8.3,0.53,0.54,0,0
11/2/2020,6.48062,81.28542,64.5,192.8,5.36,0.902,8.3,0.53,0.54,1,2.67
12/12/2020,6.48062,81.28542,1.1,5.1,2.43,-0.205,8.3,0.53,0.54,0,0
5/9/2021,6.48062,81.28542,1.9,12.9,2.75,-0.1,8.3,0.53,0.54,0,0
10/2/2021,6.48062,81.28542,19.5,50.5,3.52,0.093,8.3,0.53,0.54,1,1.63
10/26/2021,6.48062,81.28542,44.4,132.6,4.37,0.57,8.3,0.53,0.54,0,0
12/24/2021,6.48062,81.28542,34.5,78.9,3.18,0.357,8.3,0.53,0.54,1,1.53
5/28/2022,6.48062,81.28542,4.7,15.1,3.04,-0.279,8.3,0.53,0.54,0,0
10/3/2022,6.48062,81.28542,13.3,40.7,3.45,0.094,8.3,0.53,0.54,0,0
10/19/2022,6.48062,81.28542,1.8,7.4,2.49,-0.032,8.3,0.53,0.54,0,0
10/31/2022,6.48062,81.28542,98,265.5,5.48,1.463,8.3,0.53,0.54,1,3.05
11/1/2022,6.48062,81.28542,4.1,25.3,2.98,0.044,8.3,0.53,0.54,0,0
11/11/2022,6.48062,81.28542,71.1,157.2,4.06,0.941,8.3,0.53,0.54,1,1.69
11/13/2022,6.48062,81.28542,60.2,148.8,3.8,0.795,8.3,0.53,0.54,0,0
11/26/2022,6.48062,81.28542,9.1,33,3.24,0.077,8.3,0.53,0.54,0,0
5/15/2023,6.48062,81.28542,121.1,226.7,5.27,1.356,8.3,0.53,0.54,1,2.37
5/26/2023,6.48062,81.28542,55.6,166.7,4.03,0.822,8.3,0.53,0.54,0,0
11/6/2023,6.48062,81.28542,3.3,12.6,2.78,-0.016,8.3,0.53,0.54,0,0
11/21/2023,6.48062,81.28542,0,0.5,2.47,-0.198,8.3,0.53,0.54,0,0
11/26/2023,6.48062,81.28542,96.1,240.4,5.1,1.488,8.3,0.53,0.54,1,2.19
5/11/2024,6.48062,81.28542,5.7,18.8,2.67,-0.106,8.3,0.53,0.54,0,0
5/12/2024,6.48062,81.28542,10.4,28.2,3.33,-0.089,8.3,0.53,0.54,0,0
11/8/2024,6.48062,81.28542,5.5,22.4,2.29,0.135,8.3,0.53,0.54,0,0
12/15/2024,6.48062,81.28542,0,1,2.26,0.073,8.3,0.53,0.54,0,0
10/9/2016,8.52092,80.28001,22.8,52.3,3.98,0.426,32.1,0.9,0.7,0,0
10/21/2016,8.52092,80.28001,3.7,12.7,3.29,-0.133,32.1,0.9,0.7,0,0
11/16/2016,8.52092,80.28001,88.3,171.8,4.93,1.058,32.1,0.9,0.7,0,0
11/19/2016,8.52092,80.28001,10.7,25,3.24,0.009,32.1,0.9,0.7,0,0
5/21/2017,8.52092,80.28001,3.1,10.7,3.3,-0.202,32.1,0.9,0.7,0,0
5/30/2017,8.52092,80.28001,0,1.5,2.73,-0.096,32.1,0.9,0.7,0,0
11/4/2017,8.52092,80.28001,0.1,9.9,2.7,-0.36,32.1,0.9,0.7,0,0
11/7/2017,8.52092,80.28001,7.1,21,2.79,0.002,32.1,0.9,0.7,0,0
11/12/2017,8.52092,80.28001,85.9,197.4,4.89,1.147,32.1,0.9,0.7,0,0
11/25/2017,8.52092,80.28001,8.8,22.7,3.49,-0.059,32.1,0.9,0.7,0,0
12/1/2017,8.52092,80.28001,1.9,32.4,3.45,-0.033,32.1,0.9,0.7,0,0
5/11/2018,8.52092,80.28001,1.9,6.6,2.84,0.108,32.1,0.9,0.7,0,0
10/5/2018,8.52092,80.28001,1.8,9.3,3.24,-0.12,32.1,0.9,0.7,0,0
12/12/2018,8.52092,80.28001,40.4,120.2,3.59,0.555,32.1,0.9,0.7,0,0
12/16/2018,8.52092,80.28001,0,0.5,2.18,-0.083,32.1,0.9,0.7,0,0
12/24/2018,8.52092,80.28001,1.7,5.6,3.05,-0.079,32.1,0.9,0.7,0,0
10/6/2019,8.52092,80.28001,1.8,7.6,1.97,-0.22,32.1,0.9,0.7,0,0
10/26/2019,8.52092,80.28001,1.3,4.9,2.34,-0.06,32.1,0.9,0.7,0,0
10/29/2019,8.52092,80.28001,144.4,349.8,7.2,2.3,32.1,0.9,0.7,1,3.19
11/29/2019,8.52092,80.28001,0,2.2,3.29,-0.109,32.1,0.9,0.7,0,0
11/30/2019,8.52092,80.28001,7.8,23.5,2.89,0.078,32.1,0.9,0.7,0,0
10/4/2020,8.52092,80.28001,79.1,166.9,4.82,1.134,32.1,0.9,0.7,0,0
11/2/2020,8.52092,80.28001,0.6,15.6,3.44,-0.091,32.1,0.9,0.7,0,0
12/12/2020,8.52092,80.28001,1.8,11.4,3.11,-0.169,32.1,0.9,0.7,0,0
5/9/2021,8.52092,80.28001,23.1,57.7,3.44,0.16,32.1,0.9,0.7,0,0
10/2/2021,8.52092,80.28001,39.1,122.6,3.97,0.257,32.1,0.9,0.7,0,0
10/26/2021,8.52092,80.28001,0,1.6,2.12,-0.062,32.1,0.9,0.7,0,0
12/24/2021,8.52092,80.28001,2,7.6,3.09,-0.132,32.1,0.9,0.7,0,0
5/28/2022,8.52092,80.28001,0.9,11.9,2.82,0.079,32.1,0.9,0.7,0,0
10/3/2022,8.52092,80.28001,9.3,32.5,3.16,0.002,32.1,0.9,0.7,0,0
10/19/2022,8.52092,80.28001,85.5,261.6,5.9,1.254,32.1,0.9,0.7,1,2.86
10/31/2022,8.52092,80.28001,1,5.8,2.31,-0.071,32.1,0.9,0.7,0,0
11/1/2022,8.52092,80.28001,0.9,3.3,2.29,-0.232,32.1,0.9,0.7,0,0
11/11/2022,8.52092,80.28001,71.2,185.6,4.69,1.022,32.1,0.9,0.7,1,2.39
11/13/2022,8.52092,80.28001,168.6,414.4,8.09,2.3,32.1,0.9,0.7,1,3.8
11/26/2022,8.52092,80.28001,94.1,184.2,4.6,1.102,32.1,0.9,0.7,0,0
5/15/2023,8.52092,80.28001,4.6,17.6,3.13,0.097,32.1,0.9,0.7,0,0
5/26/2023,8.52092,80.28001,7.1,20.3,2.33,0.252,32.1,0.9,0.7,0,0
11/6/2023,8.52092,80.28001,4.8,18.6,2.63,0.107,32.1,0.9,0.7,0,0
11/21/2023,8.52092,80.28001,98.2,300,6.52,1.724,32.1,0.9,0.7,1,2.72
11/26/2023,8.52092,80.28001,17.4,52.5,3.08,0.229,32.1,0.9,0.7,0,0
5/11/2024,8.52092,80.28001,78.5,185.9,5.23,1.021,32.1,0.9,0.7,0,0
5/12/2024,8.52092,80.28001,143.7,279.5,6.27,1.567,32.1,0.9,0.7,1,2.71
11/8/2024,8.52092,80.28001,0.3,12.4,2.48,-0.16,32.1,0.9,0.7,0,0
12/15/2024,8.52092,80.28001,14.8,38.9,3.06,0.062,32.1,0.9,0.7,0,0
10/9/2016,8.01535,80.44318,2.4,8.4,2.21,-0.188,18.1,5.49,0.58,0,0
10/21/2016,8.01535,80.44318,28.1,97.7,3.68,0.253,18.1,5.49,0.58,0,0
11/16/2016,8.01535,80.44318,0.4,2,2.25,0.031,18.1,5.49,0.58,0,0
11/19/2016,8.01535,80.44318,5.6,14.8,2.99,-0.049,18.1,5.49,0.58,0,0
5/21/2017,8.01535,80.44318,4,8,2.58,-0.193,18.1,5.49,0.58,0,0
5/30/2017,8.01535,80.44318,3.5,10.2,2.51,-0.001,18.1,5.49,0.58,0,0
11/4/2017,8.01535,80.44318,118,340,6.52,1.938,18.1,5.49,0.58,1,3.42
11/7/2017,8.01535,80.44318,0.1,4.1,2.43,-0.104,18.1,5.49,0.58,0,0
11/12/2017,8.01535,80.44318,30.7,115,3.4,0.479,18.1,5.49,0.58,1,1.52
11/25/2017,8.01535,80.44318,0.7,19.9,2.99,-0.164,18.1,5.49,0.58,0,0
12/1/2017,8.01535,80.44318,3,11.4,2.52,-0.09,18.1,5.49,0.58,0,0
5/11/2018,8.01535,80.44318,0.9,5.6,2.67,0.001,18.1,5.49,0.58,0,0
10/5/2018,8.01535,80.44318,89.4,169.8,4.01,0.926,18.1,5.49,0.58,1,1.99
12/12/2018,8.01535,80.44318,0.1,5,2.59,-0.3,18.1,5.49,0.58,0,0
12/16/2018,8.01535,80.44318,2.1,13.4,1.95,0.056,18.1,5.49,0.58,0,0
12/24/2018,8.01535,80.44318,3.3,7.7,2.33,-0.128,18.1,5.49,0.58,0,0
10/6/2019,8.01535,80.44318,0.2,7.2,2.71,-0.051,18.1,5.49,0.58,0,0
10/26/2019,8.01535,80.44318,0.7,3.2,2.9,-0.11,18.1,5.49,0.58,0,0
10/29/2019,8.01535,80.44318,8.3,26.3,1.64,-0.206,18.1,5.49,0.58,0,0
11/29/2019,8.01535,80.44318,109.9,295.1,6.35,1.582,18.1,5.49,0.58,1,3.26
11/30/2019,8.01535,80.44318,37.6,89.7,3.62,0.104,18.1,5.49,0.58,0,0
10/4/2020,8.01535,80.44318,3.9,11.4,2.55,-0.021,18.1,5.49,0.58,0,0
11/2/2020,8.01535,80.44318,60.7,124.8,3.51,0.738,18.1,5.49,0.58,1,1.56
12/12/2020,8.01535,80.44318,39,95.2,3.42,0.293,18.1,5.49,0.58,0,0
5/9/2021,8.01535,80.44318,80.4,213.5,4.83,1.271,18.1,5.49,0.58,1,2.09
10/2/2021,8.01535,80.44318,0.3,1.9,2.1,-0.224,18.1,5.49,0.58,0,0
10/26/2021,8.01535,80.44318,0.6,8.5,2.47,-0.355,18.1,5.49,0.58,0,0
12/24/2021,8.01535,80.44318,18.9,50.2,2.51,0.161,18.1,5.49,0.58,0,0
5/28/2022,8.01535,80.44318,39.1,77,3.26,0.261,18.1,5.49,0.58,0,0
10/3/2022,8.01535,80.44318,12.4,40,3.19,0.218,18.1,5.49,0.58,0,0
10/19/2022,8.01535,80.44318,0.5,1.3,2.28,-0.168,18.1,5.49,0.58,0,0
10/31/2022,8.01535,80.44318,0.7,11.5,2.55,0.029,18.1,5.49,0.58,0,0
11/1/2022,8.01535,80.44318,3.7,14.5,2.82,-0.204,18.1,5.49,0.58,0,0
11/11/2022,8.01535,80.44318,0.1,3.2,2.56,-0.198,18.1,5.49,0.58,0,0
11/13/2022,8.01535,80.44318,0.8,2.8,2.19,-0.267,18.1,5.49,0.58,0,0
11/26/2022,8.01535,80.44318,1.7,4.6,2.73,-0.08,18.1,5.49,0.58,0,0
5/15/2023,8.01535,80.44318,1.6,13.6,2.68,-0.085,18.1,5.49,0.58,0,0
5/26/2023,8.01535,80.44318,13.9,46.7,3.86,0.013,18.1,5.49,0.58,0,0
11/6/2023,8.01535,80.44318,0.1,4.3,2.44,0.067,18.1,5.49,0.58,0,0
11/21/2023,8.01535,80.44318,6.9,22,2.57,-0.062,18.1,5.49,0.58,0,0
11/26/2023,8.01535,80.44318,0.1,1.7,2.38,-0.116,18.1,5.49,0.58,0,0
5/11/2024,8.01535,80.44318,0,0.4,2.58,-0.076,18.1,5.49,0.58,0,0
5/12/2024,8.01535,80.44318,2.5,21.4,2.68,-0.112,18.1,5.49,0.58,0,0
11/8/2024,8.01535,80.44318,0.6,6.6,2.33,-0.101,18.1,5.49,0.58,0,0
12/15/2024,8.01535,80.44318,2.6,9.5,2.36,-0.045,18.1,5.49,0.58,0,0
10/9/2016,8.4427,81.28205,1.1,3.9,2.03,-0.08,11.6,0.05,4.23,0,0
10/21/2016,8.4427,81.28205,0.1,2.1,1.51,-0.226,11.6,0.05,4.23,0,0
11/16/2016,8.4427,81.28205,40.6,106,2.97,0.568,11.6,0.05,4.23,0,0
11/19/2016,8.4427,81.28205,4.7,11.2,2.64,-0.076,11.6,0.05,4.23,0,0
5/21/2017,8.4427,81.28205,167.9,382.8,6.08,2.3,11.6,0.05,4.23,1,3.57
5/30/2017,8.4427,81.28205,6.9,28.2,2.06,-0.255,11.6,0.05,4.23,0,0
11/4/2017,8.4427,81.28205,103.3,263.7,4.55,1.455,11.6,0.05,4.23,1,2.46
11/7/2017,8.4427,81.28205,8.6,42.1,2.41,0.166,11.6,0.05,4.23,1,0.97
11/12/2017,8.4427,81.28205,2,13.9,1.29,0.034,11.6,0.05,4.23,0,0
11/25/2017,8.4427,81.28205,0.3,1.3,1.01,-0.413,11.6,0.05,4.23,0,0
12/1/2017,8.4427,81.28205,61.4,158.9,3.55,0.73,11.6,0.05,4.23,1,1.52
5/11/2018,8.4427,81.28205,17.2,48.4,1.95,0.17,11.6,0.05,4.23,0,0
10/5/2018,8.4427,81.28205,80.3,225,3.99,1.086,11.6,0.05,4.23,1,2
12/12/2018,8.4427,81.28205,35,102.2,2.93,0.386,11.6,0.05,4.23,0,0
12/16/2018,8.4427,81.28205,16.6,40.2,1.54,0.38,11.6,0.05,4.23,0,0
12/24/2018,8.4427,81.28205,17.3,45.4,2.86,0.173,11.6,0.05,4.23,0,0
10/6/2019,8.4427,81.28205,146.5,320.9,5.41,1.882,11.6,0.05,4.23,1,2.89
10/26/2019,8.4427,81.28205,5.9,17.5,1.69,-0.281,11.6,0.05,4.23,0,0
10/29/2019,8.4427,81.28205,0,2,1.4,-0.248,11.6,0.05,4.23,0,0
11/29/2019,8.4427,81.28205,1.7,17.2,2,-0.186,11.6,0.05,4.23,0,0
11/30/2019,8.4427,81.28205,0.2,0.5,1.01,-0.072,11.6,0.05,4.23,0,0
10/4/2020,8.4427,81.28205,0.1,6.6,1.71,0.141,11.6,0.05,4.23,0,0
11/2/2020,8.4427,81.28205,1.6,8,2.01,-0.15,11.6,0.05,4.23,0,0
12/12/2020,8.4427,81.28205,0,12.2,2.12,-0.232,11.6,0.05,4.23,0,0
5/9/2021,8.4427,81.28205,46,92.8,3.21,0.588,11.6,0.05,4.23,1,1.25
10/2/2021,8.4427,81.28205,8.6,24.3,1.97,0.049,11.6,0.05,4.23,0,0
10/26/2021,8.4427,81.28205,16.9,39.7,1.95,0.019,11.6,0.05,4.23,0,0
12/24/2021,8.4427,81.28205,2.7,7.2,1.77,-0.126,11.6,0.05,4.23,0,0
5/28/2022,8.4427,81.28205,88,236,4.51,1.349,11.6,0.05,4.23,1,2.47
10/3/2022,8.4427,81.28205,0.1,1.2,1.97,-0.175,11.6,0.05,4.23,0,0
10/19/2022,8.4427,81.28205,3,18.5,2.64,-0.104,11.6,0.05,4.23,0,0
10/31/2022,8.4427,81.28205,75.7,190.7,4.49,1.005,11.6,0.05,4.23,1,2.22
11/1/2022,8.4427,81.28205,26.1,75.5,2.22,0.379,11.6,0.05,4.23,0,0
11/11/2022,8.4427,81.28205,3.6,9.9,1.47,-0.188,11.6,0.05,4.23,0,0
11/13/2022,8.4427,81.28205,55.2,146.8,4.08,0.636,11.6,0.05,4.23,0,0
11/26/2022,8.4427,81.28205,0.1,3.1,1.34,0.076,11.6,0.05,4.23,0,0
5/15/2023,8.4427,81.28205,84.2,157.2,3.59,0.853,11.6,0.05,4.23,0,0
5/26/2023,8.4427,81.28205,70.5,151.1,4.16,0.776,11.6,0.05,4.23,1,1.41
11/6/2023,8.4427,81.28205,4.2,7.7,1.93,-0.199,11.6,0.05,4.23,0,0
11/21/2023,8.4427,81.28205,3.3,8.1,1.39,-0.179,11.6,0.05,4.23,0,0
11/26/2023,8.4427,81.28205,0.9,2.9,1.83,0.038,11.6,0.05,4.23,0,0
5/11/2024,8.4427,81.28205,30.1,87.8,2.48,0.523,11.6,0.05,4.23,0,0
5/12/2024,8.4427,81.28205,1.4,11.2,0.91,-0.077,11.6,0.05,4.23,0,0
11/8/2024,8.4427,81.28205,8.1,23.9,1.92,0.092,11.6,0.05,4.23,0,0
12/15/2024,8.4427,81.28205,4.1,21.7,2.37,0.175,11.6,0.05,4.23,0,0
10/9/2016,8.32655,80.32046,56.7,160.7,4.04,0.699,49.9,0.25,1.21,0,0
10/21/2016,8.32655,80.32046,2.7,13.8,1.36,-0.012,49.9,0.25,1.21,0,0
11/16/2016,8.32655,80.32046,0,4.4,1.66,-0.165,49.9,0.25,1.21,0,0
11/19/2016,8.32655,80.32046,16.1,49.2,1.72,0.108,49.9,0.25,1.21,0,0
5/21/2017,8.32655,80.32046,61.6,194.2,3.56,1.258,49.9,0.25,1.21,0,0
5/30/2017,8.32655,80.32046,1.1,3.8,1.23,-0.053,49.9,0.25,1.21,0,0
11/4/2017,8.32655,80.32046,116.3,290.5,4.83,1.616,49.9,0.25,1.21,1,2.09
11/7/2017,8.32655,80.32046,3.5,17.3,1.13,0.106,49.9,0.25,1.21,0,0
11/12/2017,8.32655,80.32046,6.8,14,1.43,-0.08,49.9,0.25,1.21,0,0
11/25/2017,8.32655,80.32046,0.3,5.6,1.62,-0.187,49.9,0.25,1.21,0,0
12/1/2017,8.32655,80.32046,0.1,3.6,1.29,-0.177,49.9,0.25,1.21,0,0
5/11/2018,8.32655,80.32046,60,181.3,3.37,0.995,49.9,0.25,1.21,0,0
10/5/2018,8.32655,80.32046,4.9,20.2,1.71,-0.134,49.9,0.25,1.21,0,0
12/12/2018,8.32655,80.32046,100.1,233.5,4.18,1.499,49.9,0.25,1.21,1,1.78
12/16/2018,8.32655,80.32046,1.4,9.7,1.56,-0.053,49.9,0.25,1.21,0,0
12/24/2018,8.32655,80.32046,5.5,10.6,1.01,0.172,49.9,0.25,1.21,0,0
10/6/2019,8.32655,80.32046,30.1,86.7,2.49,0.504,49.9,0.25,1.21,0,0
10/26/2019,8.32655,80.32046,75.6,184,3.61,1.203,49.9,0.25,1.21,0,0
10/29/2019,8.32655,80.32046,2.3,9.5,1.45,-0.21,49.9,0.25,1.21,0,0
11/29/2019,8.32655,80.32046,15.1,29.8,1.7,0.058,49.9,0.25,1.21,0,0
11/30/2019,8.32655,80.32046,0.7,5.7,1.31,-0.391,49.9,0.25,1.21,0,0
10/4/2020,8.32655,80.32046,59,134.2,2.6,0.719,49.9,0.25,1.21,0,0
11/2/2020,8.32655,80.32046,4.5,17.1,1.11,-0.107,49.9,0.25,1.21,0,0
12/12/2020,8.32655,80.32046,2.2,7.2,1.48,-0.11,49.9,0.25,1.21,0,0
5/9/2021,8.32655,80.32046,9.4,34.2,1.6,-0.084,49.9,0.25,1.21,0,0
10/2/2021,8.32655,80.32046,36.6,116.9,2.58,0.504,49.9,0.25,1.21,0,0
10/26/2021,8.32655,80.32046,1.1,5.3,1.61,-0.179,49.9,0.25,1.21,0,0
12/24/2021,8.32655,80.32046,16.2,47.5,1.67,0.486,49.9,0.25,1.21,0,0
5/28/2022,8.32655,80.32046,30.7,85.5,2.37,0.279,49.9,0.25,1.21,0,0
10/3/2022,8.32655,80.32046,5.7,16.7,1.21,-0.31,49.9,0.25,1.21,0,0
10/19/2022,8.32655,80.32046,4.6,9.6,1.19,-0.101,49.9,0.25,1.21,0,0
10/31/2022,8.32655,80.32046,3.5,13.8,1.5,-0.243,49.9,0.25,1.21,0,0
11/1/2022,8.32655,80.32046,1.9,13,1.64,0.039,49.9,0.25,1.21,0,0
11/11/2022,8.32655,80.32046,3,6.6,1.26,0.037,49.9,0.25,1.21,0,0
11/13/2022,8.32655,80.32046,101.7,222.6,3.89,1.37,49.9,0.25,1.21,1,1.99
11/26/2022,8.32655,80.32046,0.1,0.3,1.52,0.205,49.9,0.25,1.21,0,0
5/15/2023,8.32655,80.32046,88.9,184.9,3.5,1.214,49.9,0.25,1.21,0,0
5/26/2023,8.32655,80.32046,2.3,6.2,1.19,-0.267,49.9,0.25,1.21,0,0
11/6/2023,8.32655,80.32046,4.6,13.4,1.03,0.047,49.9,0.25,1.21,0,0
11/21/2023,8.32655,80.32046,0.8,4.5,1.09,-0.014,49.9,0.25,1.21,0,0
11/26/2023,8.32655,80.32046,84.4,223.5,4.24,1.325,49.9,0.25,1.21,0,0
5/11/2024,8.32655,80.32046,4,7.3,1.14,-0.058,49.9,0.25,1.21,0,0
5/12/2024,8.32655,80.32046,88.2,226.5,3.52,1.127,49.9,0.25,1.21,1,1.43
11/8/2024,8.32655,80.32046,5.6,17,1.56,-0.159,49.9,0.25,1.21,0,0
12/15/2024,8.32655,80.32046,29.5,75.2,2.44,0.312,49.9,0.25,1.21,0,0
10/9/2016,7.55454,80.05509,183.5,587.7,9.2,2.3,5.9,0.53,0.17,1,3.8
10/21/2016,7.55454,80.05509,86.1,184.7,4.64,1.158,5.9,0.53,0.17,1,2.53
11/16/2016,7.55454,80.05509,9.5,24.2,3.44,-0.251,5.9,0.53,0.17,0,0
11/19/2016,7.55454,80.05509,0,0.8,2.81,-0.206,5.9,0.53,0.17,0,0
5/21/2017,7.55454,80.05509,66.6,151,4.46,0.944,5.9,0.53,0.17,1,1.78
5/30/2017,7.55454,80.05509,6.1,19.6,3.31,0.138,5.9,0.53,0.17,0,0
11/4/2017,7.55454,80.05509,84.1,258.7,6.28,1.3,5.9,0.53,0.17,1,2.8
11/7/2017,7.55454,80.05509,93.2,203.2,5.15,1.241,5.9,0.53,0.17,1,2.28
11/12/2017,7.55454,80.05509,9,26.6,3.04,-0.031,5.9,0.53,0.17,1,0.96
11/25/2017,7.55454,80.05509,12.9,38.2,3.43,0.022,5.9,0.53,0.17,0,0
12/1/2017,7.55454,80.05509,4.4,14.3,2.95,-0.177,5.9,0.53,0.17,0,0
5/11/2018,7.55454,80.05509,0.1,1.9,1.99,-0.24,5.9,0.53,0.17,0,0
10/5/2018,7.55454,80.05509,73.5,182.2,5.16,1.029,5.9,0.53,0.17,1,2.54
12/12/2018,7.55454,80.05509,20.2,52.7,3.12,0.251,5.9,0.53,0.17,0,0
12/16/2018,7.55454,80.05509,9.6,27.3,2.72,-0.188,5.9,0.53,0.17,0,0
12/24/2018,7.55454,80.05509,44.7,97.7,3.62,0.561,5.9,0.53,0.17,0,0
10/6/2019,7.55454,80.05509,2.7,8.3,3.33,-0.122,5.9,0.53,0.17,0,0
10/26/2019,7.55454,80.05509,9.1,32.7,3.67,0.04,5.9,0.53,0.17,0,0
10/29/2019,7.55454,80.05509,4.8,11.9,2.97,-0.185,5.9,0.53,0.17,0,0
11/29/2019,7.55454,80.05509,81.6,183.6,4.9,1.399,5.9,0.53,0.17,1,2.13
11/30/2019,7.55454,80.05509,37.5,104,4.03,0.665,5.9,0.53,0.17,0,0
10/4/2020,7.55454,80.05509,4.8,21.1,3.95,0.041,5.9,0.53,0.17,0,0
11/2/2020,7.55454,80.05509,0.2,0.6,3.16,-0.188,5.9,0.53,0.17,0,0
12/12/2020,7.55454,80.05509,0,10.8,3.19,-0.154,5.9,0.53,0.17,0,0
5/9/2021,7.55454,80.05509,16,47.6,3.85,0.338,5.9,0.53,0.17,0,0
10/2/2021,7.55454,80.05509,0.1,1.5,2.95,-0.18,5.9,0.53,0.17,0,0
10/26/2021,7.55454,80.05509,0.6,2.8,2.91,-0.16,5.9,0.53,0.17,0,0
12/24/2021,7.55454,80.05509,43.3,109.2,4.31,0.403,5.9,0.53,0.17,1,1.65
5/28/2022,7.55454,80.05509,12.2,40.2,4.04,0.276,5.9,0.53,0.17,0,0
10/3/2022,7.55454,80.05509,10.4,33.8,3.42,0.325,5.9,0.53,0.17,0,0
10/19/2022,7.55454,80.05509,0.3,0.8,3.49,-0.176,5.9,0.53,0.17,0,0
10/31/2022,7.55454,80.05509,22.1,62.6,4,0.338,5.9,0.53,0.17,1,1.39
11/1/2022,7.55454,80.05509,35.3,90.8,3.95,0.364,5.9,0.53,0.17,1,1.33
11/11/2022,7.55454,80.05509,21.8,57.3,4.19,0.142,5.9,0.53,0.17,0,0
11/13/2022,7.55454,80.05509,2.2,6.1,3.12,-0.104,5.9,0.53,0.17,0,0
11/26/2022,7.55454,80.05509,0.7,3.4,3.26,0.029,5.9,0.53,0.17,1,1.03
5/15/2023,7.55454,80.05509,0.5,6.3,3.19,0.087,5.9,0.53,0.17,0,0
5/26/2023,7.55454,80.05509,37.4,93.1,4.4,0.356,5.9,0.53,0.17,0,0
11/6/2023,7.55454,80.05509,2.7,14.7,3.16,-0.3,5.9,0.53,0.17,0,0
11/21/2023,7.55454,80.05509,0.5,8.6,2.47,-0.238,5.9,0.53,0.17,0,0
11/26/2023,7.55454,80.05509,58.7,138.8,4.5,0.75,5.9,0.53,0.17,1,1.74
5/11/2024,7.55454,80.05509,2,12.2,2.93,-0.18,5.9,0.53,0.17,0,0
5/12/2024,7.55454,80.05509,51.4,132.5,4.04,0.669,5.9,0.53,0.17,0,0
11/8/2024,7.55454,80.05509,7,20.8,3.3,0.214,5.9,0.53,0.17,1,0.65
12/15/2024,7.55454,80.05509,5.3,15.6,3.24,-0.161,5.9,0.53,0.17,0,0
10/9/2016,8.39687,80.75224,23.6,66.8,1.77,0.412,12.9,0.06,9.74,0,0
10/21/2016,8.39687,80.75224,7.2,19.7,0.71,-0.19,12.9,0.06,9.74,0,0
11/16/2016,8.39687,80.75224,153,398.3,6.09,2.13,12.9,0.06,9.74,1,3.22
11/19/2016,8.39687,80.75224,1.6,4.1,0.42,-0.051,12.9,0.06,9.74,0,0
5/21/2017,8.39687,80.75224,1.3,5.7,1.72,-0.3,12.9,0.06,9.74,0,0
5/30/2017,8.39687,80.75224,0.2,5.2,1.42,-0.279,12.9,0.06,9.74,0,0
11/4/2017,8.39687,80.75224,127,337.5,5.27,1.963,12.9,0.06,9.74,0,0
11/7/2017,8.39687,80.75224,8.9,31.1,1.24,-0.016,12.9,0.06,9.74,0,0
11/12/2017,8.39687,80.75224,11.5,41.2,2.15,0.079,12.9,0.06,9.74,0,0
11/25/2017,8.39687,80.75224,1.5,14.3,1.02,-0.127,12.9,0.06,9.74,0,0
12/1/2017,8.39687,80.75224,55.7,138,3.06,0.77,12.9,0.06,9.74,1,1.1
5/11/2018,8.39687,80.75224,0.6,21,1.71,-0.092,12.9,0.06,9.74,0,0
10/5/2018,8.39687,80.75224,3.2,12.9,1.53,-0.218,12.9,0.06,9.74,0,0
12/12/2018,8.39687,80.75224,2.9,10.6,1.59,-0.119,12.9,0.06,9.74,0,0
12/16/2018,8.39687,80.75224,10.2,52.7,1.04,0.257,12.9,0.06,9.74,0,0
12/24/2018,8.39687,80.75224,99.1,225.1,4.45,1.273,12.9,0.06,9.74,0,0
10/6/2019,8.39687,80.75224,2.5,18.6,2.06,-0.059,12.9,0.06,9.74,0,0
10/26/2019,8.39687,80.75224,2.9,12.5,1.47,0.02,12.9,0.06,9.74,0,0
10/29/2019,8.39687,80.75224,57.2,138.6,2.38,0.731,12.9,0.06,9.74,0,0
11/29/2019,8.39687,80.75224,1.1,2.9,0.81,-0.142,12.9,0.06,9.74,0,0
11/30/2019,8.39687,80.75224,1.4,10.8,1.17,-0.146,12.9,0.06,9.74,0,0
10/4/2020,8.39687,80.75224,9,26,2.28,0.183,12.9,0.06,9.74,0,0
11/2/2020,8.39687,80.75224,5.6,16.5,1.17,-0.004,12.9,0.06,9.74,0,0
12/12/2020,8.39687,80.75224,21.5,47.5,1.65,0.173,12.9,0.06,9.74,0,0
5/9/2021,8.39687,80.75224,5,10.4,1.13,0.041,12.9,0.06,9.74,0,0
10/2/2021,8.39687,80.75224,1.5,3.6,0.88,-0.116,12.9,0.06,9.74,0,0
10/26/2021,8.39687,80.75224,17.7,62.4,2.21,0.149,12.9,0.06,9.74,0,0
12/24/2021,8.39687,80.75224,108.2,285.6,4.93,1.585,12.9,0.06,9.74,1,2.78
5/28/2022,8.39687,80.75224,12.5,47.5,1.66,0.154,12.9,0.06,9.74,0,0
10/3/2022,8.39687,80.75224,4.3,12.5,1.8,-0.046,12.9,0.06,9.74,0,0
10/19/2022,8.39687,80.75224,95.2,252.3,3.76,1.531,12.9,0.06,9.74,0,0
10/31/2022,8.39687,80.75224,0.5,7.2,1.72,-0.11,12.9,0.06,9.74,0,0
11/1/2022,8.39687,80.75224,26.7,58.1,1.71,0.09,12.9,0.06,9.74,0,0
11/11/2022,8.39687,80.75224,9.9,49,1.59,0.283,12.9,0.06,9.74,0,0
11/13/2022,8.39687,80.75224,12.4,37.5,0.86,-0.016,12.9,0.06,9.74,0,0
11/26/2022,8.39687,80.75224,1.3,15,1.32,0.13,12.9,0.06,9.74,0,0
5/15/2023,8.39687,80.75224,5.6,14.9,2.09,0.135,12.9,0.06,9.74,0,0
5/26/2023,8.39687,80.75224,0.3,1.6,1.24,0.069,12.9,0.06,9.74,0,0
11/6/2023,8.39687,80.75224,0.9,7.9,1,-0.065,12.9,0.06,9.74,0,0
11/21/2023,8.39687,80.75224,124.9,291,4.79,1.818,12.9,0.06,9.74,1,2.31
11/26/2023,8.39687,80.75224,6.6,18,1.12,-0.189,12.9,0.06,9.74,0,0
5/11/2024,8.39687,80.75224,7.8,22.3,1.38,-0.114,12.9,0.06,9.74,0,0
5/12/2024,8.39687,80.75224,73.8,226.8,3.71,1.27,12.9,0.06,9.74,1,1.59
11/8/2024,8.39687,80.75224,9.4,25,1.26,-0.215,12.9,0.06,9.74,0,0
12/15/2024,8.39687,80.75224,95.2,192.2,3.17,1.294,12.9,0.06,9.74,0,0
10/9/2016,6.23008,81.43508,0,1.3,1.52,-0.284,4.9,0.45,6.03,0,0
10/21/2016,6.23008,81.43508,4.4,13.9,1.23,-0.225,4.9,0.45,6.03,0,0
11/16/2016,6.23008,81.43508,5.5,59.5,1.96,0.007,4.9,0.45,6.03,0,0
11/19/2016,6.23008,81.43508,8.9,28.8,1.15,-0.058,4.9,0.45,6.03,0,0
5/21/2017,6.23008,81.43508,0.2,10.2,1.32,-0.18,4.9,0.45,6.03,0,0
5/30/2017,6.23008,81.43508,0.1,3,1.04,-0.188,4.9,0.45,6.03,0,0
11/4/2017,6.23008,81.43508,0,0.9,1.28,-0.089,4.9,0.45,6.03,0,0
11/7/2017,6.23008,81.43508,44.6,144.3,3.47,0.727,4.9,0.45,6.03,0,0
11/12/2017,6.23008,81.43508,12.1,35,1.46,0.302,4.9,0.45,6.03,0,0
11/25/2017,6.23008,81.43508,0.1,1,0.73,-0.261,4.9,0.45,6.03,0,0
12/1/2017,6.23008,81.43508,2.7,17.1,1.76,-0.141,4.9,0.45,6.03,0,0
5/11/2018,6.23008,81.43508,1.1,6.8,1.37,-0.292,4.9,0.45,6.03,0,0
10/5/2018,6.23008,81.43508,6.2,16.5,1.27,-0.155,4.9,0.45,6.03,0,0
12/12/2018,6.23008,81.43508,0.2,0.5,1.07,-0.21,4.9,0.45,6.03,0,0
12/16/2018,6.23008,81.43508,4.5,14.3,1.42,0.008,4.9,0.45,6.03,0,0
12/24/2018,6.23008,81.43508,0,0.5,0.92,-0.294,4.9,0.45,6.03,0,0
10/6/2019,6.23008,81.43508,2.8,8.5,1.54,0.067,4.9,0.45,6.03,0,0
10/26/2019,6.23008,81.43508,7.9,34.5,1.33,0.058,4.9,0.45,6.03,0,0
10/29/2019,6.23008,81.43508,0.1,0.6,1.28,0.044,4.9,0.45,6.03,0,0
11/29/2019,6.23008,81.43508,0.3,1.6,1.46,-0.244,4.9,0.45,6.03,0,0
11/30/2019,6.23008,81.43508,5.4,15.9,1.13,-0.047,4.9,0.45,6.03,0,0
10/4/2020,6.23008,81.43508,70,159.7,3.39,0.913,4.9,0.45,6.03,0,0
11/2/2020,6.23008,81.43508,5.4,14.3,1.53,0.152,4.9,0.45,6.03,0,0
12/12/2020,6.23008,81.43508,1.5,4.5,1.4,-0.013,4.9,0.45,6.03,0,0
5/9/2021,6.23008,81.43508,0.3,3.4,1.39,-0.278,4.9,0.45,6.03,0,0
10/2/2021,6.23008,81.43508,29.8,80.8,1.53,0.419,4.9,0.45,6.03,0,0
10/26/2021,6.23008,81.43508,2.3,8.3,1.6,-0.146,4.9,0.45,6.03,0,0
12/24/2021,6.23008,81.43508,2.3,7.2,1.2,-0.09,4.9,0.45,6.03,0,0
5/28/2022,6.23008,81.43508,0.7,24.5,1.63,-0.073,4.9,0.45,6.03,0,0
10/3/2022,6.23008,81.43508,79,219,4.09,1.323,4.9,0.45,6.03,1,2.16
10/19/2022,6.23008,81.43508,20.1,46.1,1.68,0.059,4.9,0.45,6.03,0,0
10/31/2022,6.23008,81.43508,2.1,14.7,1.33,-0.079,4.9,0.45,6.03,0,0
11/1/2022,6.23008,81.43508,0.3,9.7,1.27,-0.149,4.9,0.45,6.03,0,0
11/11/2022,6.23008,81.43508,5.2,22.4,1.77,-0.151,4.9,0.45,6.03,0,0
11/13/2022,6.23008,81.43508,5.7,15.9,1.81,0.064,4.9,0.45,6.03,0,0
11/26/2022,6.23008,81.43508,12.1,34.4,1.84,0.021,4.9,0.45,6.03,0,0
5/15/2023,6.23008,81.43508,0.2,1.4,1.83,-0.217,4.9,0.45,6.03,0,0
5/26/2023,6.23008,81.43508,9.6,21.1,2.2,0.152,4.9,0.45,6.03,0,0
11/6/2023,6.23008,81.43508,66,211.7,4.02,1.079,4.9,0.45,6.03,0,0
11/21/2023,6.23008,81.43508,0.1,3.1,2.08,-0.236,4.9,0.45,6.03,0,0
11/26/2023,6.23008,81.43508,2.7,14.4,1.41,-0.005,4.9,0.45,6.03,0,0
5/11/2024,6.23008,81.43508,7.4,28.5,1.91,-0.166,4.9,0.45,6.03,0,0
5/12/2024,6.23008,81.43508,0,1.4,1.42,-0.059,4.9,0.45,6.03,0,0
11/8/2024,6.23008,81.43508,0,3.7,2.31,-0.229,4.9,0.45,6.03,0,0
12/15/2024,6.23008,81.43508,1,2.5,0.86,-0.022,4.9,0.45,6.03,0,0
10/9/2016,6.50956,81.00285,0.7,8.7,2.33,-0.009,16.6,2.1,7.36,0,0
10/21/2016,6.50956,81.00285,0,0.7,1.75,-0.129,16.6,2.1,7.36,0,0
11/16/2016,6.50956,81.00285,4.7,13.2,1.92,-0.024,16.6,2.1,7.36,0,0
11/19/2016,6.50956,81.00285,0.1,16.8,2.7,-0.043,16.6,2.1,7.36,0,0
5/21/2017,6.50956,81.00285,1.6,13.2,1.69,0.051,16.6,2.1,7.36,0,0
5/30/2017,6.50956,81.00285,1.8,9,1.25,0.063,16.6,2.1,7.36,0,0
11/4/2017,6.50956,81.00285,0.3,1,2.61,-0.189,16.6,2.1,7.36,1,0.35
11/7/2017,6.50956,81.00285,1.3,6.6,3.13,-0.033,16.6,2.1,7.36,0,0
11/12/2017,6.50956,81.00285,11.5,34.1,2.79,0.05,16.6,2.1,7.36,0,0
11/25/2017,6.50956,81.00285,2.3,6.3,2.52,-0.098,16.6,2.1,7.36,0,0
12/1/2017,6.50956,81.00285,2.9,8.1,2.08,-0.105,16.6,2.1,7.36,0,0
5/11/2018,6.50956,81.00285,4.3,12.2,1.75,-0.081,16.6,2.1,7.36,0,0
10/5/2018,6.50956,81.00285,68.6,198,4.69,1.071,16.6,2.1,7.36,0,0
12/12/2018,6.50956,81.00285,1.3,7.2,2.45,-0.155,16.6,2.1,7.36,0,0
12/16/2018,6.50956,81.00285,42.7,120.5,3.4,0.496,16.6,2.1,7.36,0,0
12/24/2018,6.50956,81.00285,1.7,4.9,1.77,-0.139,16.6,2.1,7.36,0,0
10/6/2019,6.50956,81.00285,134.4,307.9,5.92,1.804,16.6,2.1,7.36,1,2.75
10/26/2019,6.50956,81.00285,94.3,227,5.08,1.43,16.6,2.1,7.36,1,2.03
10/29/2019,6.50956,81.00285,24.3,62.6,3.23,0.324,16.6,2.1,7.36,0,0
11/29/2019,6.50956,81.00285,0.1,2.5,1.79,0.065,16.6,2.1,7.36,0,0
11/30/2019,6.50956,81.00285,18.3,46.6,2.42,0.225,16.6,2.1,7.36,0,0
10/4/2020,6.50956,81.00285,7.2,20,2.13,0.099,16.6,2.1,7.36,0,0
11/2/2020,6.50956,81.00285,61.3,154.5,3.97,0.793,16.6,2.1,7.36,0,0
12/12/2020,6.50956,81.00285,1.9,9.8,1.87,-0.138,16.6,2.1,7.36,0,0
5/9/2021,6.50956,81.00285,35.7,82.7,2.69,0.381,16.6,2.1,7.36,0,0
10/2/2021,6.50956,81.00285,0.5,6.1,2.1,-0.033,16.6,2.1,7.36,0,0
10/26/2021,6.50956,81.00285,3.6,9.5,2.2,-0.173,16.6,2.1,7.36,0,0
12/24/2021,6.50956,81.00285,78.9,206.6,4.44,1.192,16.6,2.1,7.36,0,0
5/28/2022,6.50956,81.00285,3.6,10.3,2.55,0.086,16.6,2.1,7.36,0,0
10/3/2022,6.50956,81.00285,3.7,10,2.22,-0.014,16.6,2.1,7.36,0,0
10/19/2022,6.50956,81.00285,0.8,2.5,2.25,-0.297,16.6,2.1,7.36,0,0
10/31/2022,6.50956,81.00285,50.5,96.2,3.63,0.566,16.6,2.1,7.36,0,0
11/1/2022,6.50956,81.00285,4.4,9.9,1.92,-0.118,16.6,2.1,7.36,0,0
11/11/2022,6.50956,81.00285,81.3,200.6,5.1,1.153,16.6,2.1,7.36,0,0
11/13/2022,6.50956,81.00285,3.2,9.6,2.8,-0.024,16.6,2.1,7.36,0,0
11/26/2022,6.50956,81.00285,0.4,10.6,1.79,0.03,16.6,2.1,7.36,0,0
5/15/2023,6.50956,81.00285,10.2,37.2,2.26,0.285,16.6,2.1,7.36,0,0
5/26/2023,6.50956,81.00285,0.4,5.8,1.71,-0.029,16.6,2.1,7.36,0,0
11/6/2023,6.50956,81.00285,7.6,19.5,2.15,0.016,16.6,2.1,7.36,0,0
11/21/2023,6.50956,81.00285,4.3,14.1,2.03,-0.023,16.6,2.1,7.36,0,0
11/26/2023,6.50956,81.00285,1.3,16.7,1.93,-0.132,16.6,2.1,7.36,0,0
5/11/2024,6.50956,81.00285,0.6,28.7,3.27,0.074,16.6,2.1,7.36,0,0
5/12/2024,6.50956,81.00285,9.6,21.9,2.5,0.137,16.6,2.1,7.36,0,0
11/8/2024,6.50956,81.00285,1.5,4.6,2.29,-0.046,16.6,2.1,7.36,0,0
12/15/2024,6.50956,81.00285,2,5.7,1.8,-0.023,16.6,2.1,7.36,0,0
10/9/2016,6.11759,80.77611,1.2,12.9,1.75,-0.198,2.8,1.22,14.78,0,0
10/21/2016,6.11759,80.77611,3.5,11,2.02,-0.119,2.8,1.22,14.78,0,0
11/16/2016,6.11759,80.77611,57.1,107.5,2.94,0.628,2.8,1.22,14.78,0,0
11/19/2016,6.11759,80.77611,22,55.7,2.93,0.226,2.8,1.22,14.78,0,0
5/21/2017,6.11759,80.77611,75.8,242.6,4.72,1.043,2.8,1.22,14.78,0,0
5/30/2017,6.11759,80.77611,10.2,23.5,2.51,0.082,2.8,1.22,14.78,0,0
11/4/2017,6.11759,80.77611,0.3,18.1,2.39,0.121,2.8,1.22,14.78,0,0
11/7/2017,6.11759,80.77611,1.4,5.7,1.67,-0.102,2.8,1.22,14.78,0,0
11/12/2017,6.11759,80.77611,0.2,18.1,1.72,0.012,2.8,1.22,14.78,0,0
11/25/2017,6.11759,80.77611,0,15.8,2.13,0.062,2.8,1.22,14.78,0,0
12/1/2017,6.11759,80.77611,4.1,14.5,1.38,-0.182,2.8,1.22,14.78,0,0
5/11/2018,6.11759,80.77611,80.3,212.1,4.9,1.106,2.8,1.22,14.78,0,0
10/5/2018,6.11759,80.77611,1.9,4.7,1.58,-0.034,2.8,1.22,14.78,0,0
12/12/2018,6.11759,80.77611,0.5,3.8,1.7,-0.033,2.8,1.22,14.78,0,0
12/16/2018,6.11759,80.77611,0.2,0.6,1.39,-0.166,2.8,1.22,14.78,0,0
12/24/2018,6.11759,80.77611,9.5,23.1,2.15,-0.039,2.8,1.22,14.78,0,0
10/6/2019,6.11759,80.77611,3.8,6.8,2.44,-0.131,2.8,1.22,14.78,0,0
10/26/2019,6.11759,80.77611,9.2,32.1,2.08,0.155,2.8,1.22,14.78,0,0
10/29/2019,6.11759,80.77611,0.2,4.5,2.02,-0.234,2.8,1.22,14.78,0,0
11/29/2019,6.11759,80.77611,1.5,17.4,2.24,0.078,2.8,1.22,14.78,0,0
11/30/2019,6.11759,80.77611,12,39.9,2.91,0.239,2.8,1.22,14.78,0,0
10/4/2020,6.11759,80.77611,2.9,8.6,1.84,-0.288,2.8,1.22,14.78,0,0
11/2/2020,6.11759,80.77611,1.3,14.9,2.23,-0.099,2.8,1.22,14.78,0,0
12/12/2020,6.11759,80.77611,1.6,4,1.31,-0.304,2.8,1.22,14.78,0,0
5/9/2021,6.11759,80.77611,0.8,10.8,1.39,-0.101,2.8,1.22,14.78,0,0
10/2/2021,6.11759,80.77611,6.8,18.3,2.02,0.089,2.8,1.22,14.78,0,0
10/26/2021,6.11759,80.77611,96.3,259.3,4.96,1.616,2.8,1.22,14.78,1,1.88
12/24/2021,6.11759,80.77611,1.7,6.7,2.1,-0.024,2.8,1.22,14.78,0,0
5/28/2022,6.11759,80.77611,1.3,3.7,2.16,-0.175,2.8,1.22,14.78,0,0
10/3/2022,6.11759,80.77611,50.2,155.6,3.05,0.738,2.8,1.22,14.78,0,0
10/19/2022,6.11759,80.77611,2.3,10.6,1.93,0.031,2.8,1.22,14.78,0,0
10/31/2022,6.11759,80.77611,2.1,5.6,2.19,-0.154,2.8,1.22,14.78,0,0
11/1/2022,6.11759,80.77611,1.3,2.5,2.42,0.019,2.8,1.22,14.78,0,0
11/11/2022,6.11759,80.77611,93.6,254.7,4.45,1.476,2.8,1.22,14.78,0,0
11/13/2022,6.11759,80.77611,8.6,31.5,2.35,0.152,2.8,1.22,14.78,0,0
11/26/2022,6.11759,80.77611,0.1,2.3,1.08,-0.062,2.8,1.22,14.78,0,0
5/15/2023,6.11759,80.77611,2,6.5,1.32,-0.269,2.8,1.22,14.78,0,0
5/26/2023,6.11759,80.77611,1.5,7.5,1.71,-0.169,2.8,1.22,14.78,0,0
11/6/2023,6.11759,80.77611,1,7.7,1.82,-0.191,2.8,1.22,14.78,0,0
11/21/2023,6.11759,80.77611,6.2,22,1.56,-0.148,2.8,1.22,14.78,0,0
11/26/2023,6.11759,80.77611,134.2,354.2,6.18,2.022,2.8,1.22,14.78,1,2.84
5/11/2024,6.11759,80.77611,150,468.8,6.9,2.3,2.8,1.22,14.78,1,3.8
5/12/2024,6.11759,80.77611,0.1,0.8,1.73,0.081,2.8,1.22,14.78,0,0
11/8/2024,6.11759,80.77611,4.2,17.4,2.26,0.136,2.8,1.22,14.78,0,0
12/15/2024,6.11759,80.77611,1.6,4.3,2.33,-0.14,2.8,1.22,14.78,0,0
10/9/2016,6.84586,79.92492,60.3,123,3.95,0.814,0.5,4.92,0.53,0,0
10/21/2016,6.84586,79.92492,1.7,10,1.71,-0.095,0.5,4.92,0.53,0,0
11/16/2016,6.84586,79.92492,165.9,425.8,7.11,2.3,0.5,4.92,0.53,1,3.8
11/19/2016,6.84586,79.92492,1.7,9.1,2.35,-0.15,0.5,4.92,0.53,0,0
5/21/2017,6.84586,79.92492,63.8,124.9,4.08,0.87,0.5,4.92,0.53,1,1.75
5/30/2017,6.84586,79.92492,128.7,248.4,5.09,1.574,0.5,4.92,0.53,1,2.75
11/4/2017,6.84586,79.92492,0.1,2.2,1.53,-0.027,0.5,4.92,0.53,0,0
11/7/2017,6.84586,79.92492,63.6,141.9,3.34,0.88,0.5,4.92,0.53,1,2.15
11/12/2017,6.84586,79.92492,108.2,232.3,4.88,1.483,0.5,4.92,0.53,1,2.69
11/25/2017,6.84586,79.92492,83.7,192.6,4.17,1.23,0.5,4.92,0.53,1,2.16
12/1/2017,6.84586,79.92492,2.8,13.1,1.84,0.059,0.5,4.92,0.53,0,0
5/11/2018,6.84586,79.92492,0.4,25.6,2.68,-0.049,0.5,4.92,0.53,0,0
10/5/2018,6.84586,79.92492,61,139.2,2.81,0.636,0.5,4.92,0.53,1,1.59
12/12/2018,6.84586,79.92492,55.2,154.8,3.47,0.77,0.5,4.92,0.53,1,2
12/16/2018,6.84586,79.92492,122.2,343.9,6.44,1.907,0.5,4.92,0.53,1,3.57
12/24/2018,6.84586,79.92492,4.7,24.6,1.92,-0.035,0.5,4.92,0.53,0,0
10/6/2019,6.84586,79.92492,8.7,25.8,1.78,0.063,0.5,4.92,0.53,0,0
10/26/2019,6.84586,79.92492,62.6,182.4,4.77,1.048,0.5,4.92,0.53,1,2.03
10/29/2019,6.84586,79.92492,0.6,3,1.89,-0.125,0.5,4.92,0.53,0,0
11/29/2019,6.84586,79.92492,50.5,112.7,3.37,0.617,0.5,4.92,0.53,0,0
11/30/2019,6.84586,79.92492,34.9,98.7,3.81,0.463,0.5,4.92,0.53,1,1.26
10/4/2020,6.84586,79.92492,0.2,0.8,2.01,-0.223,0.5,4.92,0.53,0,0
11/2/2020,6.84586,79.92492,4.6,18.3,1.51,-0.208,0.5,4.92,0.53,0,0
12/12/2020,6.84586,79.92492,17.9,48.3,2.67,0.288,0.5,4.92,0.53,1,1.33
5/9/2021,6.84586,79.92492,25.5,69.6,2.8,0.309,0.5,4.92,0.53,1,1.11
10/2/2021,6.84586,79.92492,130.3,319,5.24,2.135,0.5,4.92,0.53,1,2.94
10/26/2021,6.84586,79.92492,0.7,3.7,2.09,-0.239,0.5,4.92,0.53,0,0
12/24/2021,6.84586,79.92492,3.4,13,2.58,0.128,0.5,4.92,0.53,0,0
5/28/2022,6.84586,79.92492,50.3,124.7,3.49,0.449,0.5,4.92,0.53,0,0
10/3/2022,6.84586,79.92492,2,4.2,2.07,-0.267,0.5,4.92,0.53,0,0
10/19/2022,6.84586,79.92492,100.6,257.2,5.29,1.459,0.5,4.92,0.53,1,2.7
10/31/2022,6.84586,79.92492,82.6,220.9,4.85,1.257,0.5,4.92,0.53,1,2.55
11/1/2022,6.84586,79.92492,4.6,13,1.91,-0.007,0.5,4.92,0.53,0,0
11/11/2022,6.84586,79.92492,27.2,66.9,2.9,0.249,0.5,4.92,0.53,1,0.82
11/13/2022,6.84586,79.92492,103.7,221.5,4.18,1.331,0.5,4.92,0.53,1,2.49
11/26/2022,6.84586,79.92492,71.5,189,4.58,1.225,0.5,4.92,0.53,1,2.18
5/15/2023,6.84586,79.92492,4.9,17.9,2.33,-0.093,0.5,4.92,0.53,0,0
5/26/2023,6.84586,79.92492,69.9,163.9,3.45,0.896,0.5,4.92,0.53,0,0
11/6/2023,6.84586,79.92492,8.4,22.4,2.84,-0.135,0.5,4.92,0.53,0,0
11/21/2023,6.84586,79.92492,4.3,9.3,1.51,-0.149,0.5,4.92,0.53,0,0
11/26/2023,6.84586,79.92492,4.3,14,1.71,-0.234,0.5,4.92,0.53,0,0
5/11/2024,6.84586,79.92492,1.4,3.2,1.66,-0.135,0.5,4.92,0.53,0,0
5/12/2024,6.84586,79.92492,1.4,5.9,2.17,-0.175,0.5,4.92,0.53,0,0
11/8/2024,6.84586,79.92492,7.7,28.5,2.35,-0.001,0.5,4.92,0.53,0,0
12/15/2024,6.84586,79.92492,62.7,158,3.96,0.811,0.5,4.92,0.53,1,1.42
10/9/2016,7.01056,80.85701,0.6,2.1,2.41,-0.081,2.3,3.79,1.41,0,0
10/21/2016,7.01056,80.85701,3.1,13.1,1.54,-0.154,2.3,3.79,1.41,0,0
11/16/2016,7.01056,80.85701,5.9,17.7,2.57,0.01,2.3,3.79,1.41,0,0
11/19/2016,7.01056,80.85701,0,0.3,1.51,-0.25,2.3,3.79,1.41,0,0
5/21/2017,7.01056,80.85701,8.5,24.4,1.91,0.163,2.3,3.79,1.41,0,0
5/30/2017,7.01056,80.85701,3.3,10.2,1.5,0.135,2.3,3.79,1.41,0,0
11/4/2017,7.01056,80.85701,23.4,55.3,2.39,0.282,2.3,3.79,1.41,1,0.9
11/7/2017,7.01056,80.85701,46.4,135.3,3.89,0.619,2.3,3.79,1.41,0,0
11/12/2017,7.01056,80.85701,0.7,5.6,2.33,-0.175,2.3,3.79,1.41,0,0
11/25/2017,7.01056,80.85701,1.8,5.8,1.92,-0.245,2.3,3.79,1.41,0,0
12/1/2017,7.01056,80.85701,12.5,31.9,1.61,-0.048,2.3,3.79,1.41,0,0
5/11/2018,7.01056,80.85701,5.8,10.4,1.67,0.026,2.3,3.79,1.41,0,0
10/5/2018,7.01056,80.85701,0.7,5.7,1.6,0.069,2.3,3.79,1.41,0,0
12/12/2018,7.01056,80.85701,51.7,163.7,3.27,0.886,2.3,3.79,1.41,1,1.88
12/16/2018,7.01056,80.85701,0.1,9.5,1.63,-0.337,2.3,3.79,1.41,0,0
12/24/2018,7.01056,80.85701,47.8,144.6,3.71,0.767,2.3,3.79,1.41,0,0
10/6/2019,7.01056,80.85701,6.7,26.5,1.98,-0.033,2.3,3.79,1.41,0,0
10/26/2019,7.01056,80.85701,0.3,6.6,1.88,-0.091,2.3,3.79,1.41,0,0
10/29/2019,7.01056,80.85701,1,2.6,1.76,-0.197,2.3,3.79,1.41,0,0
11/29/2019,7.01056,80.85701,0.2,2.1,1.73,-0.286,2.3,3.79,1.41,0,0
11/30/2019,7.01056,80.85701,1.4,5,2.38,-0.163,2.3,3.79,1.41,0,0
10/4/2020,7.01056,80.85701,0.6,2.6,1.88,-0.131,2.3,3.79,1.41,0,0
11/2/2020,7.01056,80.85701,0.4,7,1.94,-0.223,2.3,3.79,1.41,0,0
12/12/2020,7.01056,80.85701,0.2,1.4,1.43,-0.067,2.3,3.79,1.41,0,0
5/9/2021,7.01056,80.85701,0.1,2.1,2.06,-0.171,2.3,3.79,1.41,0,0
10/2/2021,7.01056,80.85701,0.8,15.8,2.13,0,2.3,3.79,1.41,1,0.89
10/26/2021,7.01056,80.85701,5.5,18.9,1.81,-0.108,2.3,3.79,1.41,0,0
12/24/2021,7.01056,80.85701,17.5,38.7,2.1,0.074,2.3,3.79,1.41,0,0
5/28/2022,7.01056,80.85701,1.2,3.5,1.28,-0.112,2.3,3.79,1.41,0,0
10/3/2022,7.01056,80.85701,5.7,19.2,2.48,-0.029,2.3,3.79,1.41,1,0.73
10/19/2022,7.01056,80.85701,82.7,171.8,3.36,1.093,2.3,3.79,1.41,0,0
10/31/2022,7.01056,80.85701,135.1,375.5,6.51,2.162,2.3,3.79,1.41,1,3.8
11/1/2022,7.01056,80.85701,35.2,81.1,3.01,0.223,2.3,3.79,1.41,1,1.19
11/11/2022,7.01056,80.85701,1.2,11.9,1.65,0.06,2.3,3.79,1.41,0,0
11/13/2022,7.01056,80.85701,2.7,14.7,2.38,-0.161,2.3,3.79,1.41,0,0
11/26/2022,7.01056,80.85701,153,479.6,7.75,2.3,2.3,3.79,1.41,1,3.8
5/15/2023,7.01056,80.85701,1.5,11.4,1.78,0.122,2.3,3.79,1.41,0,0
5/26/2023,7.01056,80.85701,0.1,2.8,1.73,-0.014,2.3,3.79,1.41,0,0
11/6/2023,7.01056,80.85701,7.9,23.6,2.12,0.133,2.3,3.79,1.41,0,0
11/21/2023,7.01056,80.85701,1.3,3.6,2.19,-0.144,2.3,3.79,1.41,0,0
11/26/2023,7.01056,80.85701,131.4,366,5.57,2.189,2.3,3.79,1.41,1,3.51
5/11/2024,7.01056,80.85701,1.6,4.7,1.54,0.004,2.3,3.79,1.41,1,0.54
5/12/2024,7.01056,80.85701,3.6,16.3,2.1,0.028,2.3,3.79,1.41,0,0
11/8/2024,7.01056,80.85701,59.6,148.2,3.88,0.879,2.3,3.79,1.41,0,0
12/15/2024,7.01056,80.85701,0,1.3,1.97,-0.197,2.3,3.79,1.41,0,0
10/9/2016,6.70551,81.5321,1,4.4,1.71,-0.186,30.6,1.08,3.98,0,0
10/21/2016,6.70551,81.5321,46.3,125.6,3.21,0.392,30.6,1.08,3.98,0,0
11/16/2016,6.70551,81.5321,3.1,10.2,2.14,-0.026,30.6,1.08,3.98,0,0
11/19/2016,6.70551,81.5321,69.9,218.5,4.66,1.009,30.6,1.08,3.98,0,0
5/21/2017,6.70551,81.5321,0,3.9,2.17,0.158,30.6,1.08,3.98,0,0
5/30/2017,6.70551,81.5321,2.8,8.6,1.68,0.022,30.6,1.08,3.98,0,0
11/4/2017,6.70551,81.5321,56.5,128.8,3.08,0.569,30.6,1.08,3.98,0,0
11/7/2017,6.70551,81.5321,0.2,2.7,2.57,0.025,30.6,1.08,3.98,0,0
11/12/2017,6.70551,81.5321,3.4,9.9,1.81,-0.101,30.6,1.08,3.98,0,0
11/25/2017,6.70551,81.5321,1.4,12.1,1.97,-0.164,30.6,1.08,3.98,0,0
12/1/2017,6.70551,81.5321,1.5,7.3,1.71,-0.184,30.6,1.08,3.98,0,0
5/11/2018,6.70551,81.5321,32.2,83,2.68,0.496,30.6,1.08,3.98,0,0
10/5/2018,6.70551,81.5321,5,13.2,1.45,0.022,30.6,1.08,3.98,0,0
12/12/2018,6.70551,81.5321,0.9,2.5,1.82,-0.044,30.6,1.08,3.98,0,0
12/16/2018,6.70551,81.5321,36.5,107.3,2.94,0.32,30.6,1.08,3.98,0,0
12/24/2018,6.70551,81.5321,4.3,12,2.07,-0.09,30.6,1.08,3.98,0,0
10/6/2019,6.70551,81.5321,77.5,210.7,4.18,1.199,30.6,1.08,3.98,0,0
10/26/2019,6.70551,81.5321,4.9,15.4,1.52,0.042,30.6,1.08,3.98,0,0
10/29/2019,6.70551,81.5321,11.1,26.2,1.85,-0.174,30.6,1.08,3.98,0,0
11/29/2019,6.70551,81.5321,4.4,14.4,2.37,-0.226,30.6,1.08,3.98,0,0
11/30/2019,6.70551,81.5321,53.6,164.1,3.47,0.696,30.6,1.08,3.98,1,1.79
10/4/2020,6.70551,81.5321,5.3,17.3,2.48,0.065,30.6,1.08,3.98,0,0
11/2/2020,6.70551,81.5321,0.1,2.8,1.96,-0.023,30.6,1.08,3.98,0,0
12/12/2020,6.70551,81.5321,7.8,21.5,2.07,0.089,30.6,1.08,3.98,0,0
5/9/2021,6.70551,81.5321,3.9,13,2.28,-0.016,30.6,1.08,3.98,0,0
10/2/2021,6.70551,81.5321,0.6,3.6,1.86,0.138,30.6,1.08,3.98,0,0
10/26/2021,6.70551,81.5321,14.6,47.8,2.8,0.124,30.6,1.08,3.98,0,0
12/24/2021,6.70551,81.5321,0.4,4.8,1.91,-0.17,30.6,1.08,3.98,0,0
5/28/2022,6.70551,81.5321,0,1.6,2.07,-0.076,30.6,1.08,3.98,0,0
10/3/2022,6.70551,81.5321,0.5,2.9,1.83,-0.389,30.6,1.08,3.98,0,0
10/19/2022,6.70551,81.5321,0.4,3.4,2.14,-0.275,30.6,1.08,3.98,0,0
10/31/2022,6.70551,81.5321,91.2,263.1,5.76,1.518,30.6,1.08,3.98,0,0
11/1/2022,6.70551,81.5321,0.2,2.9,1.34,0.003,30.6,1.08,3.98,0,0
11/11/2022,6.70551,81.5321,1.1,9.6,2.01,-0.065,30.6,1.08,3.98,0,0
11/13/2022,6.70551,81.5321,3,7.4,1.89,0.09,30.6,1.08,3.98,0,0
11/26/2022,6.70551,81.5321,83,193.6,3.71,1.138,30.6,1.08,3.98,0,0
5/15/2023,6.70551,81.5321,0,0.2,1.81,-0.227,30.6,1.08,3.98,0,0
5/26/2023,6.70551,81.5321,77.8,162.5,3.05,0.922,30.6,1.08,3.98,0,0
11/6/2023,6.70551,81.5321,6.6,20.2,1.69,-0.215,30.6,1.08,3.98,0,0
11/21/2023,6.70551,81.5321,79.7,157.7,4.5,0.943,30.6,1.08,3.98,0,0
11/26/2023,6.70551,81.5321,11.5,33.7,1.71,0.024,30.6,1.08,3.98,0,0
5/11/2024,6.70551,81.5321,34.1,97.4,3.09,0.656,30.6,1.08,3.98,0,0
5/12/2024,6.70551,81.5321,13.4,40.4,1.83,0.034,30.6,1.08,3.98,0,0
11/8/2024,6.70551,81.5321,106.9,260.7,4.8,1.379,30.6,1.08,3.98,1,2.11
12/15/2024,6.70551,81.5321,5.4,16.7,1.52,-0.24,30.6,1.08,3.98,1,0.15
10/9/2016,8.15472,80.00215,7.8,24.8,1.91,-0.139,36.2,0.79,3.33,0,0
10/21/2016,8.15472,80.00215,0.6,11,1.59,-0.029,36.2,0.79,3.33,0,0
11/16/2016,8.15472,80.00215,172.6,419.6,6.68,2.3,36.2,0.79,3.33,1,3.48
11/19/2016,8.15472,80.00215,30.4,64.2,1.61,0.127,36.2,0.79,3.33,0,0
5/21/2017,8.15472,80.00215,0.9,4.1,1.74,-0.192,36.2,0.79,3.33,0,0
5/30/2017,8.15472,80.00215,1.7,9.6,0.67,-0.013,36.2,0.79,3.33,0,0
11/4/2017,8.15472,80.00215,0,1.1,1.67,-0.085,36.2,0.79,3.33,0,0
11/7/2017,8.15472,80.00215,1,2.9,1.66,-0.003,36.2,0.79,3.33,0,0
11/12/2017,8.15472,80.00215,5.5,15.1,1.85,-0.039,36.2,0.79,3.33,0,0
11/25/2017,8.15472,80.00215,71.1,196.4,3.51,1.229,36.2,0.79,3.33,1,1.3
12/1/2017,8.15472,80.00215,43.4,119.6,2.84,0.706,36.2,0.79,3.33,0,0
5/11/2018,8.15472,80.00215,7.7,30.3,2.4,-0.148,36.2,0.79,3.33,0,0
10/5/2018,8.15472,80.00215,0.4,1.3,1.58,-0.099,36.2,0.79,3.33,0,0
12/12/2018,8.15472,80.00215,0.3,6.4,1.69,-0.19,36.2,0.79,3.33,0,0
12/16/2018,8.15472,80.00215,1,2.2,0.97,-0.163,36.2,0.79,3.33,0,0
12/24/2018,8.15472,80.00215,2.1,17.5,1.02,-0.104,36.2,0.79,3.33,0,0
10/6/2019,8.15472,80.00215,0.9,2.9,1.53,-0.067,36.2,0.79,3.33,0,0
10/26/2019,8.15472,80.00215,70,134.4,2.25,0.802,36.2,0.79,3.33,0,0
10/29/2019,8.15472,80.00215,8.2,32.4,1.53,-0.139,36.2,0.79,3.33,0,0
11/29/2019,8.15472,80.00215,8.2,22.5,2.12,-0.126,36.2,0.79,3.33,0,0
11/30/2019,8.15472,80.00215,0.2,0.4,1.27,-0.023,36.2,0.79,3.33,0,0
10/4/2020,8.15472,80.00215,118,244.9,4.81,1.412,36.2,0.79,3.33,1,2.11
11/2/2020,8.15472,80.00215,0,0.5,1.3,-0.157,36.2,0.79,3.33,0,0
12/12/2020,8.15472,80.00215,3.3,10.4,1.68,0.013,36.2,0.79,3.33,0,0
5/9/2021,8.15472,80.00215,36.7,108.4,1.93,0.653,36.2,0.79,3.33,0,0
10/2/2021,8.15472,80.00215,7.5,28.8,2.06,0.051,36.2,0.79,3.33,0,0
10/26/2021,8.15472,80.00215,13.9,30.5,2.1,0.309,36.2,0.79,3.33,0,0
12/24/2021,8.15472,80.00215,13.4,30.5,1.8,0.123,36.2,0.79,3.33,0,0
5/28/2022,8.15472,80.00215,48.9,104.7,2.67,0.63,36.2,0.79,3.33,0,0
10/3/2022,8.15472,80.00215,0.1,0.3,1.22,-0.103,36.2,0.79,3.33,0,0
10/19/2022,8.15472,80.00215,73.6,160.5,3.52,0.899,36.2,0.79,3.33,0,0
10/31/2022,8.15472,80.00215,44.7,110.1,3.17,0.637,36.2,0.79,3.33,0,0
11/1/2022,8.15472,80.00215,2,23.5,1.65,0.146,36.2,0.79,3.33,0,0
11/11/2022,8.15472,80.00215,0.6,2.7,1.21,-0.14,36.2,0.79,3.33,0,0
11/13/2022,8.15472,80.00215,3,13.7,1.58,-0.013,36.2,0.79,3.33,0,0
11/26/2022,8.15472,80.00215,7.4,20.6,0.98,0.082,36.2,0.79,3.33,0,0
5/15/2023,8.15472,80.00215,10.5,33.1,1.37,0.07,36.2,0.79,3.33,0,0
5/26/2023,8.15472,80.00215,17.3,50.1,2.29,0.29,36.2,0.79,3.33,0,0
11/6/2023,8.15472,80.00215,0.1,11.6,1.11,-0.137,36.2,0.79,3.33,0,0
11/21/2023,8.15472,80.00215,82.6,261,4.85,1.296,36.2,0.79,3.33,0,0
11/26/2023,8.15472,80.00215,66.3,154.9,3.33,0.915,36.2,0.79,3.33,0,0
5/11/2024,8.15472,80.00215,2.6,15.9,1.27,-0.057,36.2,0.79,3.33,0,0
5/12/2024,8.15472,80.00215,0.4,1.1,0.57,-0.069,36.2,0.79,3.33,0,0
11/8/2024,8.15472,80.00215,56.2,134,2.95,0.771,36.2,0.79,3.33,0,0
12/15/2024,8.15472,80.00215,23.4,79.3,2.4,0.286,36.2,0.79,3.33,0,0
10/9/2016,6.92756,80.68299,0.2,3.9,2.62,-0.138,16.4,1.15,0.47,0,0
10/21/2016,6.92756,80.68299,1.4,15,1.75,0.132,16.4,1.15,0.47,0,0
11/16/2016,6.92756,80.68299,0.3,2.8,1.48,-0.295,16.4,1.15,0.47,0,0
11/19/2016,6.92756,80.68299,3.3,10.5,1.8,-0.17,16.4,1.15,0.47,0,0
5/21/2017,6.92756,80.68299,0.3,2.9,1.59,-0.244,16.4,1.15,0.47,0,0
5/30/2017,6.92756,80.68299,104.5,277,5.42,1.548,16.4,1.15,0.47,1,2.74
11/4/2017,6.92756,80.68299,21.3,46.8,1.97,0.051,16.4,1.15,0.47,0,0
11/7/2017,6.92756,80.68299,0.1,0.8,1.83,0.114,16.4,1.15,0.47,0,0
11/12/2017,6.92756,80.68299,24.7,62.9,2.22,0.252,16.4,1.15,0.47,0,0
11/25/2017,6.92756,80.68299,2.1,12.1,1.69,-0.287,16.4,1.15,0.47,0,0
12/1/2017,6.92756,80.68299,9,32.2,1.88,0.077,16.4,1.15,0.47,0,0
5/11/2018,6.92756,80.68299,12.9,37.7,1.32,0.041,16.4,1.15,0.47,0,0
10/5/2018,6.92756,80.68299,79.2,166.7,3.78,1.095,16.4,1.15,0.47,1,1.96
12/12/2018,6.92756,80.68299,9.5,22.9,1.41,0.135,16.4,1.15,0.47,0,0
12/16/2018,6.92756,80.68299,0,1.9,1.78,-0.013,16.4,1.15,0.47,0,0
12/24/2018,6.92756,80.68299,4.9,13.8,1.32,-0.047,16.4,1.15,0.47,0,0
10/6/2019,6.92756,80.68299,26.7,54.9,1.89,0.12,16.4,1.15,0.47,0,0
10/26/2019,6.92756,80.68299,132.2,268.4,4.35,1.842,16.4,1.15,0.47,1,2.36
10/29/2019,6.92756,80.68299,124.3,327.6,4.79,1.851,16.4,1.15,0.47,1,3
11/29/2019,6.92756,80.68299,1.9,4.8,1.67,-0.218,16.4,1.15,0.47,0,0
11/30/2019,6.92756,80.68299,41.7,89.6,2.41,0.436,16.4,1.15,0.47,0,0
10/4/2020,6.92756,80.68299,0.3,3,1.31,-0.059,16.4,1.15,0.47,0,0
11/2/2020,6.92756,80.68299,1,3.5,1.59,0.073,16.4,1.15,0.47,0,0
12/12/2020,6.92756,80.68299,0.1,3.7,1.47,-0.172,16.4,1.15,0.47,0,0
5/9/2021,6.92756,80.68299,2.7,8.4,1.43,-0.049,16.4,1.15,0.47,0,0
10/2/2021,6.92756,80.68299,4.9,19,1.24,-0.15,16.4,1.15,0.47,0,0
10/26/2021,6.92756,80.68299,1.9,13.3,1.81,-0.021,16.4,1.15,0.47,0,0
12/24/2021,6.92756,80.68299,6.5,21.2,2.16,-0.085,16.4,1.15,0.47,0,0
5/28/2022,6.92756,80.68299,5.9,12.7,1.27,-0.008,16.4,1.15,0.47,0,0
10/3/2022,6.92756,80.68299,42.1,82.1,1.81,0.372,16.4,1.15,0.47,0,0
10/19/2022,6.92756,80.68299,1.2,10.5,1.47,-0.053,16.4,1.15,0.47,0,0
10/31/2022,6.92756,80.68299,32.4,98.9,2.62,0.372,16.4,1.15,0.47,0,0
11/1/2022,6.92756,80.68299,0.9,16.7,1.83,-0.024,16.4,1.15,0.47,0,0
11/11/2022,6.92756,80.68299,105.1,226.8,4.57,1.518,16.4,1.15,0.47,1,1.73
11/13/2022,6.92756,80.68299,9,20.7,1.37,-0.027,16.4,1.15,0.47,0,0
11/26/2022,6.92756,80.68299,0,10.8,2.06,-0.025,16.4,1.15,0.47,0,0
5/15/2023,6.92756,80.68299,1.1,9.9,1.84,-0.046,16.4,1.15,0.47,0,0
5/26/2023,6.92756,80.68299,6.6,33.4,1.7,-0.118,16.4,1.15,0.47,0,0
11/6/2023,6.92756,80.68299,55.7,128.1,3.07,0.884,16.4,1.15,0.47,0,0
11/21/2023,6.92756,80.68299,41.4,97.9,2.57,0.381,16.4,1.15,0.47,0,0
11/26/2023,6.92756,80.68299,5.9,20,1.41,-0.077,16.4,1.15,0.47,0,0
5/11/2024,6.92756,80.68299,1.9,18.8,1.81,0.048,16.4,1.15,0.47,0,0
5/12/2024,6.92756,80.68299,14.4,41.4,1.69,0.09,16.4,1.15,0.47,0,0
11/8/2024,6.92756,80.68299,7,13.1,1.42,0.023,16.4,1.15,0.47,0,0
12/15/2024,6.92756,80.68299,39.1,92.4,2.64,0.331,16.4,1.15,0.47,0,0
10/9/2016,6.73043,81.32927,0.7,8.4,2.97,-0.16,75.6,2.79,4.74,0,0
10/21/2016,6.73043,81.32927,1.5,8.5,2.22,-0.265,75.6,2.79,4.74,0,0
11/16/2016,6.73043,81.32927,1,5,2.33,-0.049,75.6,2.79,4.74,0,0
11/19/2016,6.73043,81.32927,4.2,20.2,2.32,-0.228,75.6,2.79,4.74,0,0
5/21/2017,6.73043,81.32927,5.9,18.5,2.47,-0.152,75.6,2.79,4.74,0,0
5/30/2017,6.73043,81.32927,2.5,9.1,2.51,-0.006,75.6,2.79,4.74,0,0
11/4/2017,6.73043,81.32927,3,9.6,2.38,-0.117,75.6,2.79,4.74,0,0
11/7/2017,6.73043,81.32927,0.6,2.2,2.28,-0.203,75.6,2.79,4.74,0,0
11/12/2017,6.73043,81.32927,13.3,33.5,2.55,0.061,75.6,2.79,4.74,0,0
11/25/2017,6.73043,81.32927,5.5,13,2.98,0.199,75.6,2.79,4.74,0,0
12/1/2017,6.73043,81.32927,75.2,162,4.46,1.156,75.6,2.79,4.74,0,0
5/11/2018,6.73043,81.32927,52.2,125.3,4.57,0.692,75.6,2.79,4.74,0,0
10/5/2018,6.73043,81.32927,52.8,148.8,4.07,1.166,75.6,2.79,4.74,0,0
12/12/2018,6.73043,81.32927,48.1,97.2,3.91,0.563,75.6,2.79,4.74,0,0
12/16/2018,6.73043,81.32927,2.4,9.9,3.06,0.051,75.6,2.79,4.74,0,0
12/24/2018,6.73043,81.32927,0.9,13.7,2.31,-0.178,75.6,2.79,4.74,0,0
10/6/2019,6.73043,81.32927,0,5.7,3.33,-0.026,75.6,2.79,4.74,0,0
10/26/2019,6.73043,81.32927,105,229.2,4.88,1.355,75.6,2.79,4.74,1,1.44
10/29/2019,6.73043,81.32927,5.3,12.1,2.9,-0.074,75.6,2.79,4.74,0,0
11/29/2019,6.73043,81.32927,2.3,7.4,2.13,0.093,75.6,2.79,4.74,0,0
11/30/2019,6.73043,81.32927,90.6,195,4.86,1.254,75.6,2.79,4.74,0,0
10/4/2020,6.73043,81.32927,1.5,3.3,2.65,-0.105,75.6,2.79,4.74,0,0
11/2/2020,6.73043,81.32927,0,0.2,2.5,0.047,75.6,2.79,4.74,0,0
12/12/2020,6.73043,81.32927,6.4,14.1,3.36,-0.048,75.6,2.79,4.74,0,0
5/9/2021,6.73043,81.32927,7.6,20.9,2.52,-0.084,75.6,2.79,4.74,0,0
10/2/2021,6.73043,81.32927,19.2,39.3,2.96,0.024,75.6,2.79,4.74,0,0
10/26/2021,6.73043,81.32927,0.8,2.1,2.54,-0.163,75.6,2.79,4.74,0,0
12/24/2021,6.73043,81.32927,0,1.6,2.21,-0.25,75.6,2.79,4.74,0,0
5/28/2022,6.73043,81.32927,2.7,6.4,2.78,-0.016,75.6,2.79,4.74,0,0
10/3/2022,6.73043,81.32927,16.8,49.5,4.17,0.208,75.6,2.79,4.74,0,0
10/19/2022,6.73043,81.32927,4.6,16.4,2.57,0.166,75.6,2.79,4.74,0,0
10/31/2022,6.73043,81.32927,39.3,103.9,3.91,0.523,75.6,2.79,4.74,0,0
11/1/2022,6.73043,81.32927,26.9,96.1,3.05,0.411,75.6,2.79,4.74,0,0
11/11/2022,6.73043,81.32927,113.1,239.2,4.85,1.574,75.6,2.79,4.74,1,1.71
11/13/2022,6.73043,81.32927,10.3,28.6,2.57,0.01,75.6,2.79,4.74,0,0
11/26/2022,6.73043,81.32927,0.2,1.6,2.1,-0.095,75.6,2.79,4.74,0,0
5/15/2023,6.73043,81.32927,2,4.4,2.53,-0.114,75.6,2.79,4.74,0,0
5/26/2023,6.73043,81.32927,1.1,3.8,2.55,-0.032,75.6,2.79,4.74,0,0
11/6/2023,6.73043,81.32927,2.1,7.2,2.66,0.043,75.6,2.79,4.74,0,0
11/21/2023,6.73043,81.32927,4.1,26.3,2.96,-0.033,75.6,2.79,4.74,0,0
11/26/2023,6.73043,81.32927,2,5.8,2.43,-0.129,75.6,2.79,4.74,0,0
5/11/2024,6.73043,81.32927,70.9,180.8,4.95,1.149,75.6,2.79,4.74,0,0
5/12/2024,6.73043,81.32927,3.5,8.2,2.11,-0.079,75.6,2.79,4.74,0,0
11/8/2024,6.73043,81.32927,154,386,7.61,2.3,75.6,2.79,4.74,1,3.11
12/15/2024,6.73043,81.32927,1.5,10.7,2.8,-0.188,75.6,2.79,4.74,0,0
10/9/2016,7.41101,81.08338,0.2,5.8,2.13,-0.338,17.8,0.75,0.71,0,0
10/21/2016,7.41101,81.08338,0.8,4.9,1.66,-0.249,17.8,0.75,0.71,0,0
11/16/2016,7.41101,81.08338,31.7,81,3,0.471,17.8,0.75,0.71,1,1.04
11/19/2016,7.41101,81.08338,77.8,214.6,4.38,1.096,17.8,0.75,0.71,1,2.33
5/21/2017,7.41101,81.08338,41.3,98.5,3.46,0.415,17.8,0.75,0.71,0,0
5/30/2017,7.41101,81.08338,1,6.2,1.64,-0.081,17.8,0.75,0.71,0,0
11/4/2017,7.41101,81.08338,7.7,18.2,1.91,0.083,17.8,0.75,0.71,0,0
11/7/2017,7.41101,81.08338,0.1,13.1,1.43,0.02,17.8,0.75,0.71,0,0
11/12/2017,7.41101,81.08338,0.1,0.3,1.62,-0.328,17.8,0.75,0.71,0,0
11/25/2017,7.41101,81.08338,82.2,216.3,4.2,1.155,17.8,0.75,0.71,1,2.19
12/1/2017,7.41101,81.08338,47.6,120.3,3.24,0.747,17.8,0.75,0.71,0,0
5/11/2018,7.41101,81.08338,1.5,5.9,2.22,-0.179,17.8,0.75,0.71,0,0
10/5/2018,7.41101,81.08338,159,412.9,6.96,2.3,17.8,0.75,0.71,1,3.61
12/12/2018,7.41101,81.08338,2,9.8,2.12,-0.194,17.8,0.75,0.71,0,0
12/16/2018,7.41101,81.08338,0.4,5.1,2.23,-0.026,17.8,0.75,0.71,0,0
12/24/2018,7.41101,81.08338,0.4,4.3,2.31,-0.061,17.8,0.75,0.71,0,0
10/6/2019,7.41101,81.08338,1,4.8,2.09,-0.145,17.8,0.75,0.71,0,0
10/26/2019,7.41101,81.08338,0.8,11.5,1.89,-0.2,17.8,0.75,0.71,0,0
10/29/2019,7.41101,81.08338,0.3,2.4,1.61,-0.1,17.8,0.75,0.71,0,0
11/29/2019,7.41101,81.08338,106.5,350.7,6.22,1.755,17.8,0.75,0.71,1,3.03
11/30/2019,7.41101,81.08338,7.8,22,2.39,0.075,17.8,0.75,0.71,0,0
10/4/2020,7.41101,81.08338,6.8,23.6,1.68,-0.046,17.8,0.75,0.71,0,0
11/2/2020,7.41101,81.08338,2.5,8.5,1.32,-0.094,17.8,0.75,0.71,0,0
12/12/2020,7.41101,81.08338,99,225.5,4.92,1.288,17.8,0.75,0.71,1,2.6
5/9/2021,7.41101,81.08338,3.2,10.7,2.45,-0.042,17.8,0.75,0.71,0,0
10/2/2021,7.41101,81.08338,57.1,153.7,4.25,0.632,17.8,0.75,0.71,0,0
10/26/2021,7.41101,81.08338,0.1,0.7,1.8,-0.284,17.8,0.75,0.71,0,0
12/24/2021,7.41101,81.08338,2.1,8.7,1.7,-0.131,17.8,0.75,0.71,0,0
5/28/2022,7.41101,81.08338,8.5,19,1.71,-0.103,17.8,0.75,0.71,0,0
10/3/2022,7.41101,81.08338,2,5.6,1.93,-0.243,17.8,0.75,0.71,0,0
10/19/2022,7.41101,81.08338,0.1,4.1,1.63,-0.059,17.8,0.75,0.71,0,0
10/31/2022,7.41101,81.08338,0.3,3.4,1.92,-0.241,17.8,0.75,0.71,0,0
11/1/2022,7.41101,81.08338,1,2.8,2.42,-0.267,17.8,0.75,0.71,0,0
11/11/2022,7.41101,81.08338,2.9,37.8,1.86,-0.036,17.8,0.75,0.71,0,0
11/13/2022,7.41101,81.08338,1.4,7.8,1.74,0.063,17.8,0.75,0.71,0,0
11/26/2022,7.41101,81.08338,93.2,237.2,4.29,1.248,17.8,0.75,0.71,1,2.08
5/15/2023,7.41101,81.08338,56.5,141.7,3.59,0.611,17.8,0.75,0.71,0,0
5/26/2023,7.41101,81.08338,116,300.3,4.96,1.972,17.8,0.75,0.71,1,2.84
11/6/2023,7.41101,81.08338,9.1,32.2,2.27,0.022,17.8,0.75,0.71,1,0.15
11/21/2023,7.41101,81.08338,1.1,2.6,1.88,0.029,17.8,0.75,0.71,0,0
11/26/2023,7.41101,81.08338,98.5,218.2,4.49,1.096,17.8,0.75,0.71,1,2.32
5/11/2024,7.41101,81.08338,0.6,2.7,1.94,-0.275,17.8,0.75,0.71,0,0
5/12/2024,7.41101,81.08338,45.2,85.6,2.4,0.648,17.8,0.75,0.71,0,0
11/8/2024,7.41101,81.08338,32.7,78.5,3,0.321,17.8,0.75,0.71,0,0
12/15/2024,7.41101,81.08338,20.5,74.3,3.27,0.03,17.8,0.75,0.71,0,0
10/9/2016,6.3664,81.00463,12.4,33.5,1.06,0.221,0.5,2.16,0.71,0,0
10/21/2016,6.3664,81.00463,126.7,392.7,5.71,1.956,0.5,2.16,0.71,1,3.63
11/16/2016,6.3664,81.00463,172.9,447.8,6.55,2.3,0.5,2.16,0.71,0,0
11/19/2016,6.3664,81.00463,63.6,158.6,3.55,0.8,0.5,2.16,0.71,0,0
5/21/2017,6.3664,81.00463,16.9,49.5,2.02,0.128,0.5,2.16,0.71,0,0
5/30/2017,6.3664,81.00463,1.5,3.6,1.31,-0.106,0.5,2.16,0.71,0,0
11/4/2017,6.3664,81.00463,6.5,20.6,1.67,-0.232,0.5,2.16,0.71,0,0
11/7/2017,6.3664,81.00463,1.7,5.2,1.64,0.087,0.5,2.16,0.71,0,0
11/12/2017,6.3664,81.00463,13.3,35.4,1.36,0.138,0.5,2.16,0.71,0,0
11/25/2017,6.3664,81.00463,84.7,168.4,2.81,1.096,0.5,2.16,0.71,0,0
12/1/2017,6.3664,81.00463,13.5,32.7,1.6,0.058,0.5,2.16,0.71,0,0
5/11/2018,6.3664,81.00463,56.8,154.2,3.33,0.876,0.5,2.16,0.71,1,1.52
10/5/2018,6.3664,81.00463,0,4.4,1.43,-0.158,0.5,2.16,0.71,1,0.5
12/12/2018,6.3664,81.00463,0.5,2.5,2.06,-0.188,0.5,2.16,0.71,0,0
12/16/2018,6.3664,81.00463,71.8,201,2.77,1.129,0.5,2.16,0.71,1,1.28
12/24/2018,6.3664,81.00463,29.5,78,2.02,0.311,0.5,2.16,0.71,0,0
10/6/2019,6.3664,81.00463,1.4,4.3,1.12,-0.178,0.5,2.16,0.71,0,0
10/26/2019,6.3664,81.00463,12,31.2,1.07,0.061,0.5,2.16,0.71,1,0.89
10/29/2019,6.3664,81.00463,4.5,11,1.81,0.039,0.5,2.16,0.71,0,0
11/29/2019,6.3664,81.00463,3.9,13.2,1.6,-0.226,0.5,2.16,0.71,0,0
11/30/2019,6.3664,81.00463,3.3,13.6,1.14,-0.07,0.5,2.16,0.71,0,0
10/4/2020,6.3664,81.00463,0,4.4,1.38,-0.172,0.5,2.16,0.71,1,0.36
11/2/2020,6.3664,81.00463,42.8,101.8,2.79,0.501,0.5,2.16,0.71,1,1.12
12/12/2020,6.3664,81.00463,0,2,1.29,-0.143,0.5,2.16,0.71,0,0
5/9/2021,6.3664,81.00463,0,0.6,1.33,-0.306,0.5,2.16,0.71,0,0
10/2/2021,6.3664,81.00463,93.9,234.3,4.04,1.381,0.5,2.16,0.71,1,2.17
10/26/2021,6.3664,81.00463,93.9,246.8,3.88,1.355,0.5,2.16,0.71,1,1.94
12/24/2021,6.3664,81.00463,38.1,84.5,2.72,0.319,0.5,2.16,0.71,0,0
5/28/2022,6.3664,81.00463,45.2,142.9,3.14,0.549,0.5,2.16,0.71,1,1.56
10/3/2022,6.3664,81.00463,10.7,32.8,1.99,0.035,0.5,2.16,0.71,0,0
10/19/2022,6.3664,81.00463,0.5,2.3,1.53,0.095,0.5,2.16,0.71,0,0
10/31/2022,6.3664,81.00463,81.4,260.1,3.99,1.378,0.5,2.16,0.71,1,2.74
11/1/2022,6.3664,81.00463,57.6,159.6,3.22,0.916,0.5,2.16,0.71,1,1.68
11/11/2022,6.3664,81.00463,96.9,217,3.91,1.2,0.5,2.16,0.71,1,2.46
11/13/2022,6.3664,81.00463,0,8.1,1.28,-0.056,0.5,2.16,0.71,0,0
11/26/2022,6.3664,81.00463,13.7,60.6,1.9,0.126,0.5,2.16,0.71,1,0.77
5/15/2023,6.3664,81.00463,44,91.4,2.66,0.598,0.5,2.16,0.71,0,0
5/26/2023,6.3664,81.00463,5.4,22.9,1.18,-0.189,0.5,2.16,0.71,0,0
11/6/2023,6.3664,81.00463,158.9,459.4,6.46,2.3,0.5,2.16,0.71,1,3.78
11/21/2023,6.3664,81.00463,52.3,116,2.61,0.506,0.5,2.16,0.71,0,0
11/26/2023,6.3664,81.00463,137.2,325.7,5.08,1.827,0.5,2.16,0.71,1,3.07
5/11/2024,6.3664,81.00463,0.2,4.2,1.62,-0.373,0.5,2.16,0.71,0,0
5/12/2024,6.3664,81.00463,2.2,5.4,0.48,-0.086,0.5,2.16,0.71,0,0
11/8/2024,6.3664,81.00463,0.7,17.7,1.24,0.076,0.5,2.16,0.71,0,0
12/15/2024,6.3664,81.00463,17,52.6,2.65,0.111,0.5,2.16,0.71,0,0
10/9/2016,8.08571,81.01447,0.3,1.3,0.78,-0.231,50.9,1.49,2.16,0,0
10/21/2016,8.08571,81.01447,0.5,3,0.62,0.027,50.9,1.49,2.16,0,0
11/16/2016,8.08571,81.01447,0,0.4,0.84,-0.376,50.9,1.49,2.16,0,0
11/19/2016,8.08571,81.01447,6.3,17,1.19,0.105,50.9,1.49,2.16,0,0
5/21/2017,8.08571,81.01447,76.1,172.5,3.06,1.185,50.9,1.49,2.16,0,0
5/30/2017,8.08571,81.01447,69.7,134.2,2.87,0.765,50.9,1.49,2.16,0,0
11/4/2017,8.08571,81.01447,6.8,18.3,0.3,-0.155,50.9,1.49,2.16,0,0
11/7/2017,8.08571,81.01447,126.2,310.8,4.28,1.746,50.9,1.49,2.16,1,2.19
11/12/2017,8.08571,81.01447,1.3,3.4,1.06,0.126,50.9,1.49,2.16,0,0
11/25/2017,8.08571,81.01447,1.5,4,1.08,0.057,50.9,1.49,2.16,0,0
12/1/2017,8.08571,81.01447,0.1,0.4,1.21,-0.013,50.9,1.49,2.16,0,0
5/11/2018,8.08571,81.01447,0.6,3,1.13,-0.263,50.9,1.49,2.16,0,0
10/5/2018,8.08571,81.01447,0,3.6,0.94,-0.232,50.9,1.49,2.16,0,0
12/12/2018,8.08571,81.01447,2.5,10.3,1.13,-0.355,50.9,1.49,2.16,0,0
12/16/2018,8.08571,81.01447,141.5,364.4,4.78,1.914,50.9,1.49,2.16,1,3.04
12/24/2018,8.08571,81.01447,0,0.5,0.85,0.14,50.9,1.49,2.16,0,0
10/6/2019,8.08571,81.01447,4.9,16.3,0.72,-0.109,50.9,1.49,2.16,0,0
10/26/2019,8.08571,81.01447,0.1,2.6,0.36,-0.198,50.9,1.49,2.16,0,0
10/29/2019,8.08571,81.01447,6.6,16,0.81,-0.143,50.9,1.49,2.16,0,0
11/29/2019,8.08571,81.01447,8.1,22.3,0.82,-0.051,50.9,1.49,2.16,0,0
11/30/2019,8.08571,81.01447,0.3,7.1,1.13,-0.24,50.9,1.49,2.16,0,0
10/4/2020,8.08571,81.01447,0.2,1.2,0.92,-0.134,50.9,1.49,2.16,0,0
11/2/2020,8.08571,81.01447,0.1,10.7,1.04,0.066,50.9,1.49,2.16,0,0
12/12/2020,8.08571,81.01447,71.2,169.8,2.57,0.934,50.9,1.49,2.16,0,0
5/9/2021,8.08571,81.01447,3.6,12.6,0.55,-0.13,50.9,1.49,2.16,0,0
10/2/2021,8.08571,81.01447,2.1,9.3,0.7,-0.131,50.9,1.49,2.16,0,0
10/26/2021,8.08571,81.01447,0.3,2.1,1.62,0.285,50.9,1.49,2.16,0,0
12/24/2021,8.08571,81.01447,2.1,16.1,1.78,-0.131,50.9,1.49,2.16,0,0
5/28/2022,8.08571,81.01447,23.2,70,1.47,0.392,50.9,1.49,2.16,0,0
10/3/2022,8.08571,81.01447,6.1,15.9,1.29,-0.043,50.9,1.49,2.16,0,0
10/19/2022,8.08571,81.01447,27.4,72,1.29,0.255,50.9,1.49,2.16,0,0
10/31/2022,8.08571,81.01447,86.3,209.9,3.35,1.451,50.9,1.49,2.16,0,0
11/1/2022,8.08571,81.01447,39.3,86.8,1.8,0.476,50.9,1.49,2.16,0,0
11/11/2022,8.08571,81.01447,6.3,21.4,1.74,-0.003,50.9,1.49,2.16,0,0
11/13/2022,8.08571,81.01447,1.8,6.9,0.96,-0.098,50.9,1.49,2.16,0,0
11/26/2022,8.08571,81.01447,3.6,11.4,0.45,-0.015,50.9,1.49,2.16,0,0
5/15/2023,8.08571,81.01447,26.8,72.8,1.92,0.437,50.9,1.49,2.16,0,0
5/26/2023,8.08571,81.01447,0.2,6.1,1.6,-0.361,50.9,1.49,2.16,0,0
11/6/2023,8.08571,81.01447,1.3,3,1.02,-0.017,50.9,1.49,2.16,0,0
11/21/2023,8.08571,81.01447,9.5,27.9,0.65,-0.033,50.9,1.49,2.16,0,0
11/26/2023,8.08571,81.01447,0,8.9,0.65,-0.225,50.9,1.49,2.16,0,0
5/11/2024,8.08571,81.01447,0,5,1.2,-0.176,50.9,1.49,2.16,0,0
5/12/2024,8.08571,81.01447,100.3,224.1,3.74,1.33,50.9,1.49,2.16,1,1.77
11/8/2024,8.08571,81.01447,0.8,2.7,1.48,-0.181,50.9,1.49,2.16,0,0
12/15/2024,8.08571,81.01447,7,19.5,0.55,0.064,50.9,1.49,2.16,0,0
10/9/2016,6.19383,80.39708,0.8,7.6,1.69,-0.001,4.6,1.81,2.52,0,0
10/21/2016,6.19383,80.39708,79.3,183.4,3.12,1.1,4.6,1.81,2.52,1,1.56
11/16/2016,6.19383,80.39708,68.2,197.6,3.26,0.991,4.6,1.81,2.52,1,2.26
11/19/2016,6.19383,80.39708,2.3,7.3,1.37,0.024,4.6,1.81,2.52,0,0
5/21/2017,6.19383,80.39708,35.9,117.2,2.27,0.622,4.6,1.81,2.52,0,0
5/30/2017,6.19383,80.39708,0.2,3.8,0.82,-0.407,4.6,1.81,2.52,0,0
11/4/2017,6.19383,80.39708,1.7,8,1.57,-0.065,4.6,1.81,2.52,0,0
11/7/2017,6.19383,80.39708,1.5,8.2,1.52,-0.251,4.6,1.81,2.52,0,0
11/12/2017,6.19383,80.39708,0.1,2.5,1.71,-0.129,4.6,1.81,2.52,0,0
11/25/2017,6.19383,80.39708,0.6,1.9,1.34,-0.111,4.6,1.81,2.52,0,0
12/1/2017,6.19383,80.39708,7,26.8,1.75,-0.049,4.6,1.81,2.52,0,0
5/11/2018,6.19383,80.39708,5.3,17.7,1.79,-0.028,4.6,1.81,2.52,0,0
10/5/2018,6.19383,80.39708,0.4,4.9,1.83,-0.292,4.6,1.81,2.52,0,0
12/12/2018,6.19383,80.39708,4.6,12.2,1.87,-0.18,4.6,1.81,2.52,0,0
12/16/2018,6.19383,80.39708,80.8,191.6,3.57,1.383,4.6,1.81,2.52,1,1.83
12/24/2018,6.19383,80.39708,0.1,9.4,1.38,-0.214,4.6,1.81,2.52,0,0
10/6/2019,6.19383,80.39708,2.7,5.8,1.05,0.024,4.6,1.81,2.52,0,0
10/26/2019,6.19383,80.39708,7.3,20.1,1.81,-0.065,4.6,1.81,2.52,0,0
10/29/2019,6.19383,80.39708,144.5,364.7,5.88,2.12,4.6,1.81,2.52,1,3.13
11/29/2019,6.19383,80.39708,17.8,33,1.98,0.004,4.6,1.81,2.52,0,0
11/30/2019,6.19383,80.39708,15.1,53.3,1.75,0.01,4.6,1.81,2.52,0,0
10/4/2020,6.19383,80.39708,0,17.2,2.04,-0.049,4.6,1.81,2.52,0,0
11/2/2020,6.19383,80.39708,1.4,2.8,0.69,-0.082,4.6,1.81,2.52,0,0
12/12/2020,6.19383,80.39708,1.4,3.7,2.04,-0.263,4.6,1.81,2.52,0,0
5/9/2021,6.19383,80.39708,9.8,40.5,1.58,0.26,4.6,1.81,2.52,0,0
10/2/2021,6.19383,80.39708,83.3,221.7,4.07,1.262,4.6,1.81,2.52,1,2.26
10/26/2021,6.19383,80.39708,0,1.9,1.81,-0.081,4.6,1.81,2.52,0,0
12/24/2021,6.19383,80.39708,72.9,154.5,3.06,0.715,4.6,1.81,2.52,0,0
5/28/2022,6.19383,80.39708,0.3,1.6,1.19,-0.153,4.6,1.81,2.52,0,0
10/3/2022,6.19383,80.39708,0,1.7,0.8,-0.02,4.6,1.81,2.52,0,0
10/19/2022,6.19383,80.39708,2.4,15.7,1.32,0.065,4.6,1.81,2.52,0,0
10/31/2022,6.19383,80.39708,4.6,21.6,0.92,-0.085,4.6,1.81,2.52,0,0
11/1/2022,6.19383,80.39708,0.2,2.8,1.31,-0.211,4.6,1.81,2.52,0,0
11/11/2022,6.19383,80.39708,37.2,98.4,2.24,0.594,4.6,1.81,2.52,0,0
11/13/2022,6.19383,80.39708,42.8,116.2,2.91,0.66,4.6,1.81,2.52,0,0
11/26/2022,6.19383,80.39708,81.7,182.6,3.43,0.908,4.6,1.81,2.52,0,0
5/15/2023,6.19383,80.39708,5.6,17.9,1.2,-0.097,4.6,1.81,2.52,0,0
5/26/2023,6.19383,80.39708,10.6,27.9,1.32,-0.162,4.6,1.81,2.52,0,0
11/6/2023,6.19383,80.39708,52.9,140.6,2.81,0.881,4.6,1.81,2.52,0,0
11/21/2023,6.19383,80.39708,3.1,10.5,1.19,-0.086,4.6,1.81,2.52,0,0
11/26/2023,6.19383,80.39708,37.3,103.6,2.58,0.49,4.6,1.81,2.52,0,0
5/11/2024,6.19383,80.39708,65.9,197.3,3.84,1.095,4.6,1.81,2.52,1,2.1
5/12/2024,6.19383,80.39708,33.7,74.5,2.12,0.153,4.6,1.81,2.52,0,0
11/8/2024,6.19383,80.39708,0,0.3,1.28,0.021,4.6,1.81,2.52,0,0
12/15/2024,6.19383,80.39708,27,77.4,2.22,0.512,4.6,1.81,2.52,0,0
10/9/2016,8.56591,80.27847,0.9,2.4,2.68,-0.221,79.1,1.81,2.43,0,0
10/21/2016,8.56591,80.27847,0.7,2.4,3.68,-0.198,79.1,1.81,2.43,0,0
11/16/2016,8.56591,80.27847,8.6,22.3,2.74,0.156,79.1,1.81,2.43,0,0
11/19/2016,8.56591,80.27847,2.7,7.5,3.31,-0.302,79.1,1.81,2.43,0,0
5/21/2017,8.56591,80.27847,6.3,19.1,3.12,-0.132,79.1,1.81,2.43,0,0
5/30/2017,8.56591,80.27847,40.8,126.6,4.3,0.868,79.1,1.81,2.43,0,0
11/4/2017,8.56591,80.27847,1.1,5.3,2.74,0.019,79.1,1.81,2.43,0,0
11/7/2017,8.56591,80.27847,0.4,7.3,2.4,0.017,79.1,1.81,2.43,0,0
11/12/2017,8.56591,80.27847,4,17.8,2.91,0.142,79.1,1.81,2.43,0,0
11/25/2017,8.56591,80.27847,6.7,27.7,3.07,0.074,79.1,1.81,2.43,0,0
12/1/2017,8.56591,80.27847,2.4,15,3.46,0.085,79.1,1.81,2.43,0,0
5/11/2018,8.56591,80.27847,86.6,237.9,5.62,1.197,79.1,1.81,2.43,0,0
10/5/2018,8.56591,80.27847,4.4,11.7,3.6,-0.034,79.1,1.81,2.43,0,0
12/12/2018,8.56591,80.27847,1.4,3.9,2.52,-0.229,79.1,1.81,2.43,0,0
12/16/2018,8.56591,80.27847,0.3,3.6,3.46,-0.159,79.1,1.81,2.43,0,0
12/24/2018,8.56591,80.27847,3.8,21.5,2.53,0.074,79.1,1.81,2.43,0,0
10/6/2019,8.56591,80.27847,1.2,4.9,2.6,-0.094,79.1,1.81,2.43,0,0
10/26/2019,8.56591,80.27847,6.3,24.4,2.9,-0.119,79.1,1.81,2.43,0,0
10/29/2019,8.56591,80.27847,44.9,125.3,4.17,0.704,79.1,1.81,2.43,1,1
11/29/2019,8.56591,80.27847,1.3,4.7,1.77,0.08,79.1,1.81,2.43,0,0
11/30/2019,8.56591,80.27847,9.1,25.6,2.94,-0.088,79.1,1.81,2.43,0,0
10/4/2020,8.56591,80.27847,60.7,113.7,4.12,0.818,79.1,1.81,2.43,0,0
11/2/2020,8.56591,80.27847,3.8,15.1,2.53,0.201,79.1,1.81,2.43,0,0
12/12/2020,8.56591,80.27847,2.7,7,2.79,-0.097,79.1,1.81,2.43,0,0
5/9/2021,8.56591,80.27847,70.4,192.2,5.35,0.831,79.1,1.81,2.43,0,0
10/2/2021,8.56591,80.27847,7.3,17.3,2.87,-0.11,79.1,1.81,2.43,0,0
10/26/2021,8.56591,80.27847,0,0.2,2.5,-0.142,79.1,1.81,2.43,0,0
12/24/2021,8.56591,80.27847,4.6,14.6,2.79,-0.074,79.1,1.81,2.43,0,0
5/28/2022,8.56591,80.27847,2.7,9.9,3.22,-0.108,79.1,1.81,2.43,0,0
10/3/2022,8.56591,80.27847,0.2,1.6,2.2,-0.092,79.1,1.81,2.43,0,0
10/19/2022,8.56591,80.27847,16.9,43.9,2.93,0.469,79.1,1.81,2.43,0,0
10/31/2022,8.56591,80.27847,4.1,10.5,3.16,-0.051,79.1,1.81,2.43,0,0
11/1/2022,8.56591,80.27847,0.1,0.9,2.89,0.031,79.1,1.81,2.43,0,0
11/11/2022,8.56591,80.27847,3.4,13.1,2.83,-0.24,79.1,1.81,2.43,0,0
11/13/2022,8.56591,80.27847,0.8,8.9,2.62,-0.093,79.1,1.81,2.43,0,0
11/26/2022,8.56591,80.27847,62.2,195.7,5.47,0.951,79.1,1.81,2.43,1,1.24
5/15/2023,8.56591,80.27847,11.3,30.3,2.98,-0.173,79.1,1.81,2.43,0,0
5/26/2023,8.56591,80.27847,7.9,34.2,3.11,0.005,79.1,1.81,2.43,0,0
11/6/2023,8.56591,80.27847,0.2,5.1,2.58,0.025,79.1,1.81,2.43,0,0
11/21/2023,8.56591,80.27847,0.7,10,3.08,0.059,79.1,1.81,2.43,0,0
11/26/2023,8.56591,80.27847,190.5,589.6,9.2,2.3,79.1,1.81,2.43,1,3.8
5/11/2024,8.56591,80.27847,121.9,373.6,7.04,2.111,79.1,1.81,2.43,1,2.96
5/12/2024,8.56591,80.27847,3.7,11.2,2.42,-0.009,79.1,1.81,2.43,0,0
11/8/2024,8.56591,80.27847,42.9,99.4,3.72,0.451,79.1,1.81,2.43,0,0
12/15/2024,8.56591,80.27847,1.6,4.2,3.29,0.018,79.1,1.81,2.43,0,0
10/9/2016,8.00784,81.20685,4.1,10.2,2.7,-0.014,0.5,0.77,0.27,0,0
10/21/2016,8.00784,81.20685,23.3,51.2,3.55,0.163,0.5,0.77,0.27,1,1.32
11/16/2016,8.00784,81.20685,99.2,212.8,5.78,1.417,0.5,0.77,0.27,1,2.23
11/19/2016,8.00784,81.20685,149.7,270.3,5.96,1.633,0.5,0.77,0.27,1,3.17
5/21/2017,8.00784,81.20685,80.2,147.2,4.74,0.921,0.5,0.77,0.27,1,2.07
5/30/2017,8.00784,81.20685,0.8,5,2.68,-0.092,0.5,0.77,0.27,0,0
11/4/2017,8.00784,81.20685,90.7,184.3,5.25,1.227,0.5,0.77,0.27,1,2.38
11/7/2017,8.00784,81.20685,77.4,202.9,5.1,0.995,0.5,0.77,0.27,1,2.64
11/12/2017,8.00784,81.20685,88.6,225.8,5.86,1.406,0.5,0.77,0.27,1,2.56
11/25/2017,8.00784,81.20685,5.8,14.2,3.03,0.168,0.5,0.77,0.27,0,0
12/1/2017,8.00784,81.20685,0.3,1.8,3.45,-0.013,0.5,0.77,0.27,0,0
5/11/2018,8.00784,81.20685,64,123.8,4.5,0.716,0.5,0.77,0.27,1,1.79
10/5/2018,8.00784,81.20685,140.2,257.2,5.96,1.785,0.5,0.77,0.27,1,2.88
12/12/2018,8.00784,81.20685,42.4,122.7,4.05,0.3,0.5,0.77,0.27,1,1.56
12/16/2018,8.00784,81.20685,62.8,160.1,4.98,0.858,0.5,0.77,0.27,1,2.15
12/24/2018,8.00784,81.20685,9.2,25.5,3.36,0.085,0.5,0.77,0.27,1,0.77
10/6/2019,8.00784,81.20685,78.7,247.9,6.06,1.184,0.5,0.77,0.27,1,2.81
10/26/2019,8.00784,81.20685,5.9,13.7,3.44,0.045,0.5,0.77,0.27,0,0
10/29/2019,8.00784,81.20685,5.9,13.5,2.87,-0.064,0.5,0.77,0.27,0,0
11/29/2019,8.00784,81.20685,5.6,12.4,2.29,0.109,0.5,0.77,0.27,0,0
11/30/2019,8.00784,81.20685,92.5,270.4,6.03,1.219,0.5,0.77,0.27,0,0
10/4/2020,8.00784,81.20685,109.9,321.1,6.24,1.775,0.5,0.77,0.27,1,3.35
11/2/2020,8.00784,81.20685,0,5.3,3.32,-0.164,0.5,0.77,0.27,0,0
12/12/2020,8.00784,81.20685,3.2,12.4,3.21,-0.157,0.5,0.77,0.27,0,0
5/9/2021,8.00784,81.20685,52,138.9,5.24,0.656,0.5,0.77,0.27,0,0
10/2/2021,8.00784,81.20685,14.8,44.7,3.4,-0.035,0.5,0.77,0.27,0,0
10/26/2021,8.00784,81.20685,2.3,7.9,2.88,-0.087,0.5,0.77,0.27,0,0
12/24/2021,8.00784,81.20685,2.3,7.7,4.06,-0.028,0.5,0.77,0.27,0,0
5/28/2022,8.00784,81.20685,83.2,228.1,6.03,1.193,0.5,0.77,0.27,1,2.62
10/3/2022,8.00784,81.20685,43.2,126.4,5.38,0.611,0.5,0.77,0.27,1,1.95
10/19/2022,8.00784,81.20685,7.6,20.8,3.46,0.026,0.5,0.77,0.27,0,0
10/31/2022,8.00784,81.20685,2.1,7.4,3.25,-0.028,0.5,0.77,0.27,0,0
11/1/2022,8.00784,81.20685,4.9,13.3,2.92,-0.072,0.5,0.77,0.27,0,0
11/11/2022,8.00784,81.20685,3.5,8.9,3.2,-0.116,0.5,0.77,0.27,0,0
11/13/2022,8.00784,81.20685,1.4,9.7,3.1,-0.036,0.5,0.77,0.27,0,0
11/26/2022,8.00784,81.20685,59.6,161,4.88,0.846,0.5,0.77,0.27,1,2.32
5/15/2023,8.00784,81.20685,39.3,100.6,4.35,0.536,0.5,0.77,0.27,0,0
5/26/2023,8.00784,81.20685,103.7,241.4,6.34,1.414,0.5,0.77,0.27,1,2.75
11/6/2023,8.00784,81.20685,83.2,144.8,4.28,0.874,0.5,0.77,0.27,1,1.96
11/21/2023,8.00784,81.20685,3,7.1,2.68,-0.097,0.5,0.77,0.27,1,0.96
11/26/2023,8.00784,81.20685,2.5,18,3.24,-0.084,0.5,0.77,0.27,0,0
5/11/2024,8.00784,81.20685,81.7,192.9,5.3,1.234,0.5,0.77,0.27,1,2.35
5/12/2024,8.00784,81.20685,3,9.5,2.94,-0.11,0.5,0.77,0.27,0,0
11/8/2024,8.00784,81.20685,61.3,174.1,5.07,1.056,0.5,0.77,0.27,1,2.47
12/15/2024,8.00784,81.20685,1.2,5.7,2.5,0.124,0.5,0.77,0.27,0,0
10/9/2016,6.51666,81.2082,2.5,20,0.32,0.068,69.2,9.03,5.88,0,0
10/21/2016,6.51666,81.2082,0,0.3,0.54,0.207,69.2,9.03,5.88,0,0
11/16/2016,6.51666,81.2082,3.6,9.8,0.89,0.091,69.2,9.03,5.88,0,0
11/19/2016,6.51666,81.2082,9.1,27.1,1.16,-0.297,69.2,9.03,5.88,0,0
5/21/2017,6.51666,81.2082,0.4,11.6,0.81,-0.072,69.2,9.03,5.88,0,0
5/30/2017,6.51666,81.2082,8.3,23.1,0.93,-0.031,69.2,9.03,5.88,0,0
11/4/2017,6.51666,81.2082,0.9,5.3,0.93,-0.069,69.2,9.03,5.88,0,0
11/7/2017,6.51666,81.2082,0.4,7.2,0.05,-0.301,69.2,9.03,5.88,0,0
11/12/2017,6.51666,81.2082,106.9,250.2,3.64,1.524,69.2,9.03,5.88,0,0
11/25/2017,6.51666,81.2082,0.1,3,0.32,-0.044,69.2,9.03,5.88,0,0
12/1/2017,6.51666,81.2082,1,3.1,0.56,-0.232,69.2,9.03,5.88,0,0
5/11/2018,6.51666,81.2082,2.1,13.2,0.57,-0.092,69.2,9.03,5.88,0,0
10/5/2018,6.51666,81.2082,2.5,10.5,0.3,-0.174,69.2,9.03,5.88,0,0
12/12/2018,6.51666,81.2082,0.2,4.6,0.99,-0.165,69.2,9.03,5.88,0,0
12/16/2018,6.51666,81.2082,6.6,16.9,0.85,-0.059,69.2,9.03,5.88,0,0
12/24/2018,6.51666,81.2082,3.2,8.1,0.68,-0.096,69.2,9.03,5.88,0,0
10/6/2019,6.51666,81.2082,3.1,15.3,1.06,-0.046,69.2,9.03,5.88,0,0
10/26/2019,6.51666,81.2082,0,1.9,0.91,-0.156,69.2,9.03,5.88,0,0
10/29/2019,6.51666,81.2082,0.4,1.5,0.45,-0.144,69.2,9.03,5.88,0,0
11/29/2019,6.51666,81.2082,0.3,2.2,0.62,0.102,69.2,9.03,5.88,0,0
11/30/2019,6.51666,81.2082,44.7,138.9,3.17,0.494,69.2,9.03,5.88,0,0
10/4/2020,6.51666,81.2082,0.5,2.6,0.32,-0.353,69.2,9.03,5.88,0,0
11/2/2020,6.51666,81.2082,37,100.2,1.78,0.568,69.2,9.03,5.88,0,0
12/12/2020,6.51666,81.2082,1.9,6.4,0.27,-0.199,69.2,9.03,5.88,0,0
5/9/2021,6.51666,81.2082,9.5,26.2,0.75,0.231,69.2,9.03,5.88,0,0
10/2/2021,6.51666,81.2082,0.4,6.7,0.59,0.013,69.2,9.03,5.88,0,0
10/26/2021,6.51666,81.2082,2.5,11.7,1.07,-0.051,69.2,9.03,5.88,0,0
12/24/2021,6.51666,81.2082,2.2,5.9,0.46,-0.188,69.2,9.03,5.88,0,0
5/28/2022,6.51666,81.2082,11.6,32.9,1.14,0.009,69.2,9.03,5.88,0,0
10/3/2022,6.51666,81.2082,11.5,45.8,1.22,0.002,69.2,9.03,5.88,0,0
10/19/2022,6.51666,81.2082,4.8,24.3,1.01,0.051,69.2,9.03,5.88,0,0
10/31/2022,6.51666,81.2082,1.3,4.2,0.93,-0.21,69.2,9.03,5.88,0,0
11/1/2022,6.51666,81.2082,2.7,7.4,0.54,-0.262,69.2,9.03,5.88,0,0
11/11/2022,6.51666,81.2082,0,1.4,0.05,-0.275,69.2,9.03,5.88,0,0
11/13/2022,6.51666,81.2082,3.1,5.4,0.72,-0.151,69.2,9.03,5.88,0,0
11/26/2022,6.51666,81.2082,1.8,8.4,0.89,-0.212,69.2,9.03,5.88,0,0
5/15/2023,6.51666,81.2082,7.2,14.2,1.55,0.124,69.2,9.03,5.88,0,0
5/26/2023,6.51666,81.2082,2.4,8.6,0.28,-0.22,69.2,9.03,5.88,0,0
11/6/2023,6.51666,81.2082,0.8,6.8,0.93,-0.087,69.2,9.03,5.88,0,0
11/21/2023,6.51666,81.2082,1.8,4,1.08,-0.017,69.2,9.03,5.88,0,0
11/26/2023,6.51666,81.2082,2.3,7.9,0.05,0.059,69.2,9.03,5.88,0,0
5/11/2024,6.51666,81.2082,0.6,4.1,0.96,-0.09,69.2,9.03,5.88,0,0
5/12/2024,6.51666,81.2082,0.1,14.2,0.63,-0.021,69.2,9.03,5.88,0,0
11/8/2024,6.51666,81.2082,107.8,295.8,3.61,1.739,69.2,9.03,5.88,0,0
12/15/2024,6.51666,81.2082,3.5,10.9,0.56,-0.093,69.2,9.03,5.88,0,0
10/9/2016,6.01436,81.31073,0.2,15.3,1.61,-0.034,0.5,3.18,0.86,0,0
10/21/2016,6.01436,81.31073,0,5.7,1.78,-0.168,0.5,3.18,0.86,0,0
11/16/2016,6.01436,81.31073,33.6,68.9,2.18,0.447,0.5,3.18,0.86,1,0.83
11/19/2016,6.01436,81.31073,122.9,311.4,4.98,1.876,0.5,3.18,0.86,1,2.54
5/21/2017,6.01436,81.31073,2.5,8.1,1.01,0.02,0.5,3.18,0.86,0,0
5/30/2017,6.01436,81.31073,1.4,8.7,1.31,-0.298,0.5,3.18,0.86,0,0
11/4/2017,6.01436,81.31073,11.6,44.5,0.99,0.029,0.5,3.18,0.86,0,0
11/7/2017,6.01436,81.31073,7.9,28.7,1.79,-0.044,0.5,3.18,0.86,0,0
11/12/2017,6.01436,81.31073,1.2,5.4,1.29,-0.253,0.5,3.18,0.86,0,0
11/25/2017,6.01436,81.31073,0.7,4.8,1.27,-0.157,0.5,3.18,0.86,0,0
12/1/2017,6.01436,81.31073,6.6,21.4,1.81,-0.096,0.5,3.18,0.86,0,0
5/11/2018,6.01436,81.31073,1,5.7,1.04,-0.021,0.5,3.18,0.86,0,0
10/5/2018,6.01436,81.31073,70.3,178.5,3.7,1.005,0.5,3.18,0.86,1,1.85
12/12/2018,6.01436,81.31073,76.6,208.5,3.16,1.215,0.5,3.18,0.86,1,2.15
12/16/2018,6.01436,81.31073,0.9,8.1,0.84,-0.061,0.5,3.18,0.86,0,0
12/24/2018,6.01436,81.31073,37,88.1,1.93,0.35,0.5,3.18,0.86,0,0
10/6/2019,6.01436,81.31073,0.5,6.6,1.29,-0.171,0.5,3.18,0.86,0,0
10/26/2019,6.01436,81.31073,8,22.3,1.26,-0.081,0.5,3.18,0.86,0,0
10/29/2019,6.01436,81.31073,18.5,52.9,1.69,0.27,0.5,3.18,0.86,0,0
11/29/2019,6.01436,81.31073,32.4,55.5,1.37,0.193,0.5,3.18,0.86,0,0
11/30/2019,6.01436,81.31073,18.1,50.7,1.13,0.187,0.5,3.18,0.86,0,0
10/4/2020,6.01436,81.31073,9.4,30.8,1.28,-0.031,0.5,3.18,0.86,0,0
11/2/2020,6.01436,81.31073,3.3,18.9,0.87,-0.019,0.5,3.18,0.86,0,0
12/12/2020,6.01436,81.31073,20.7,47.9,1.94,0.013,0.5,3.18,0.86,0,0
5/9/2021,6.01436,81.31073,2.9,10.6,0.91,-0.197,0.5,3.18,0.86,0,0
10/2/2021,6.01436,81.31073,4.2,12.7,1.66,-0.144,0.5,3.18,0.86,0,0
10/26/2021,6.01436,81.31073,0,0.3,0.98,-0.043,0.5,3.18,0.86,0,0
12/24/2021,6.01436,81.31073,0.1,0.8,0.82,-0.077,0.5,3.18,0.86,0,0
5/28/2022,6.01436,81.31073,7.3,23.9,0.99,-0.032,0.5,3.18,0.86,0,0
10/3/2022,6.01436,81.31073,0.3,2.1,1.15,-0.028,0.5,3.18,0.86,0,0
10/19/2022,6.01436,81.31073,2.1,12.7,1.28,0.087,0.5,3.18,0.86,0,0
10/31/2022,6.01436,81.31073,1.4,5.7,1.48,-0.194,0.5,3.18,0.86,0,0
11/1/2022,6.01436,81.31073,1.1,3.2,1.01,0.112,0.5,3.18,0.86,0,0
11/11/2022,6.01436,81.31073,2.7,8.4,1.27,-0.351,0.5,3.18,0.86,0,0
11/13/2022,6.01436,81.31073,51.4,116.3,2.72,0.582,0.5,3.18,0.86,0,0
11/26/2022,6.01436,81.31073,7.1,19.2,1.08,-0.115,0.5,3.18,0.86,0,0
5/15/2023,6.01436,81.31073,93.2,274.2,3.88,1.431,0.5,3.18,0.86,1,2.15
5/26/2023,6.01436,81.31073,3.4,10.9,1.62,-0.165,0.5,3.18,0.86,0,0
11/6/2023,6.01436,81.31073,0.1,9.1,1.01,0.162,0.5,3.18,0.86,0,0
11/21/2023,6.01436,81.31073,9.5,30.6,1.53,-0.266,0.5,3.18,0.86,0,0
11/26/2023,6.01436,81.31073,14.1,42.9,0.89,0.081,0.5,3.18,0.86,0,0
5/11/2024,6.01436,81.31073,1.3,2.7,0.65,-0.127,0.5,3.18,0.86,0,0
5/12/2024,6.01436,81.31073,1.2,9.8,1.11,-0.36,0.5,3.18,0.86,0,0
11/8/2024,6.01436,81.31073,38,112.8,2.72,0.586,0.5,3.18,0.86,0,0
12/15/2024,6.01436,81.31073,4.7,12.7,1.39,-0.162,0.5,3.18,0.86,0,0
10/9/2016,8.1202,81.39383,4.7,9.7,1.95,-0.081,52.1,0.43,0.39,0,0
10/21/2016,8.1202,81.39383,1.9,8.9,0.97,0.06,52.1,0.43,0.39,0,0
11/16/2016,8.1202,81.39383,0.6,18.5,1.99,-0.043,52.1,0.43,0.39,0,0
11/19/2016,8.1202,81.39383,135.3,297.2,4.52,1.809,52.1,0.43,0.39,0,0
5/21/2017,8.1202,81.39383,37.1,88.9,2.23,0.363,52.1,0.43,0.39,0,0
5/30/2017,8.1202,81.39383,54.4,176.9,3.08,0.84,52.1,0.43,0.39,0,0
11/4/2017,8.1202,81.39383,8.5,20.4,1.77,-0.017,52.1,0.43,0.39,0,0
11/7/2017,8.1202,81.39383,64.8,159.2,3.5,0.744,52.1,0.43,0.39,0,0
11/12/2017,8.1202,81.39383,55.4,127.6,2.87,0.675,52.1,0.43,0.39,1,0.77
11/25/2017,8.1202,81.39383,5.6,15.4,1.46,-0.008,52.1,0.43,0.39,0,0
12/1/2017,8.1202,81.39383,0.1,1.4,1.09,-0.267,52.1,0.43,0.39,0,0
5/11/2018,8.1202,81.39383,96.7,242.2,4.41,1.546,52.1,0.43,0.39,0,0
10/5/2018,8.1202,81.39383,49.7,116.3,2.81,0.566,52.1,0.43,0.39,0,0
12/12/2018,8.1202,81.39383,7.9,27.4,1.38,0.232,52.1,0.43,0.39,0,0
12/16/2018,8.1202,81.39383,3.4,7.2,1.28,-0.013,52.1,0.43,0.39,0,0
12/24/2018,8.1202,81.39383,63.7,155.6,3.11,0.805,52.1,0.43,0.39,0,0
10/6/2019,8.1202,81.39383,0.1,33.4,2.6,-0.038,52.1,0.43,0.39,0,0
10/26/2019,8.1202,81.39383,2.1,6.4,1.79,-0.212,52.1,0.43,0.39,0,0
10/29/2019,8.1202,81.39383,105.2,200.6,3.49,1.168,52.1,0.43,0.39,0,0
11/29/2019,8.1202,81.39383,84.9,205.3,4.12,1.354,52.1,0.43,0.39,0,0
11/30/2019,8.1202,81.39383,58.1,165.6,3.69,0.756,52.1,0.43,0.39,0,0
10/4/2020,8.1202,81.39383,5.1,28.6,1.92,0.019,52.1,0.43,0.39,0,0
11/2/2020,8.1202,81.39383,0,6.2,1.8,-0.102,52.1,0.43,0.39,0,0
12/12/2020,8.1202,81.39383,45.7,109.2,2.51,0.585,52.1,0.43,0.39,0,0
5/9/2021,8.1202,81.39383,2.9,10.3,2.18,-0.177,52.1,0.43,0.39,0,0
10/2/2021,8.1202,81.39383,40.6,87.3,3.06,0.474,52.1,0.43,0.39,0,0
10/26/2021,8.1202,81.39383,0.8,14.1,1.84,-0.115,52.1,0.43,0.39,0,0
12/24/2021,8.1202,81.39383,2.4,9.1,2.2,-0.191,52.1,0.43,0.39,0,0
5/28/2022,8.1202,81.39383,0.3,1.9,1.5,-0.171,52.1,0.43,0.39,0,0
10/3/2022,8.1202,81.39383,0,3.9,1.38,0.067,52.1,0.43,0.39,0,0
10/19/2022,8.1202,81.39383,0,1,1.76,-0.348,52.1,0.43,0.39,0,0
10/31/2022,8.1202,81.39383,4.8,12,2.06,-0.016,52.1,0.43,0.39,0,0
11/1/2022,8.1202,81.39383,0,0.1,1.29,-0.042,52.1,0.43,0.39,0,0
11/11/2022,8.1202,81.39383,13.3,42.1,1.72,0.216,52.1,0.43,0.39,0,0
11/13/2022,8.1202,81.39383,6.6,14.4,1.49,0.12,52.1,0.43,0.39,0,0
11/26/2022,8.1202,81.39383,0.5,5.7,1.57,-0.279,52.1,0.43,0.39,0,0
5/15/2023,8.1202,81.39383,1.3,3.7,0.61,0.099,52.1,0.43,0.39,0,0
5/26/2023,8.1202,81.39383,0,13,1.88,-0.268,52.1,0.43,0.39,0,0
11/6/2023,8.1202,81.39383,3.5,10.5,1.11,-0.155,52.1,0.43,0.39,0,0
11/21/2023,8.1202,81.39383,0,13.3,0.91,-0.137,52.1,0.43,0.39,0,0
11/26/2023,8.1202,81.39383,16.5,39.7,2,-0.03,52.1,0.43,0.39,0,0
5/11/2024,8.1202,81.39383,4.1,10.1,1.71,-0.157,52.1,0.43,0.39,0,0
5/12/2024,8.1202,81.39383,0.7,7.7,1.23,-0.089,52.1,0.43,0.39,0,0
11/8/2024,8.1202,81.39383,4.7,30.9,1.51,-0.069,52.1,0.43,0.39,0,0
12/15/2024,8.1202,81.39383,68.9,170,3.31,0.928,52.1,0.43,0.39,0,0
10/9/2016,7.83783,80.67042,46.9,116,2.98,0.465,21.1,4.98,6.15,0,0
10/21/2016,7.83783,80.67042,0.1,2,1.72,-0.165,21.1,4.98,6.15,0,0
11/16/2016,7.83783,80.67042,0,9.3,1.68,0.026,21.1,4.98,6.15,0,0
11/19/2016,7.83783,80.67042,39.1,96.5,3.18,0.532,21.1,4.98,6.15,0,0
5/21/2017,7.83783,80.67042,0.2,7.6,2.33,-0.208,21.1,4.98,6.15,0,0
5/30/2017,7.83783,80.67042,12.5,29.9,2.52,0.071,21.1,4.98,6.15,0,0
11/4/2017,7.83783,80.67042,1.7,5.7,1.92,-0.36,21.1,4.98,6.15,0,0
11/7/2017,7.83783,80.67042,56.7,156.6,3.53,0.853,21.1,4.98,6.15,0,0
11/12/2017,7.83783,80.67042,8.6,25.6,1.96,0.065,21.1,4.98,6.15,0,0
11/25/2017,7.83783,80.67042,4.1,14.9,1.8,0.011,21.1,4.98,6.15,0,0
12/1/2017,7.83783,80.67042,1.7,8.8,2.14,-0.305,21.1,4.98,6.15,0,0
5/11/2018,7.83783,80.67042,37.5,98.1,2.26,0.277,21.1,4.98,6.15,0,0
10/5/2018,7.83783,80.67042,5.3,21.4,1.93,-0.144,21.1,4.98,6.15,0,0
12/12/2018,7.83783,80.67042,9.1,21.2,2.01,-0.011,21.1,4.98,6.15,0,0
12/16/2018,7.83783,80.67042,5.4,22.1,2.12,-0.138,21.1,4.98,6.15,0,0
12/24/2018,7.83783,80.67042,0.3,1,1.45,-0.036,21.1,4.98,6.15,0,0
10/6/2019,7.83783,80.67042,3.1,10.6,2.36,0.06,21.1,4.98,6.15,0,0
10/26/2019,7.83783,80.67042,56.6,157.2,3.57,0.671,21.1,4.98,6.15,0,0
10/29/2019,7.83783,80.67042,4.3,14.4,1.76,0.03,21.1,4.98,6.15,0,0
11/29/2019,7.83783,80.67042,0,1.3,1.51,0.024,21.1,4.98,6.15,0,0
11/30/2019,7.83783,80.67042,0.1,1.2,2.12,-0.383,21.1,4.98,6.15,0,0
10/4/2020,7.83783,80.67042,55.5,164.6,3.98,0.833,21.1,4.98,6.15,0,0
11/2/2020,7.83783,80.67042,2.2,8,1.51,-0.041,21.1,4.98,6.15,0,0
12/12/2020,7.83783,80.67042,0.8,5,1.69,-0.275,21.1,4.98,6.15,0,0
5/9/2021,7.83783,80.67042,0.3,1.1,1.81,-0.197,21.1,4.98,6.15,0,0
10/2/2021,7.83783,80.67042,2.9,9.1,2.14,-0.246,21.1,4.98,6.15,0,0
10/26/2021,7.83783,80.67042,0.4,2.9,2.01,0.112,21.1,4.98,6.15,0,0
12/24/2021,7.83783,80.67042,1.9,4.4,1.8,0.059,21.1,4.98,6.15,0,0
5/28/2022,7.83783,80.67042,0.1,3.5,1.83,0.007,21.1,4.98,6.15,0,0
10/3/2022,7.83783,80.67042,0,6,2,-0.128,21.1,4.98,6.15,0,0
10/19/2022,7.83783,80.67042,0.9,4.6,2,-0.095,21.1,4.98,6.15,0,0
10/31/2022,7.83783,80.67042,57.3,113,2.71,0.441,21.1,4.98,6.15,0,0
11/1/2022,7.83783,80.67042,3.8,10.3,1.32,0.112,21.1,4.98,6.15,0,0
11/11/2022,7.83783,80.67042,0.5,2.8,1.2,-0.013,21.1,4.98,6.15,0,0
11/13/2022,7.83783,80.67042,2.1,5.8,1.92,-0.065,21.1,4.98,6.15,0,0
11/26/2022,7.83783,80.67042,9,24.7,2.01,0.278,21.1,4.98,6.15,0,0
5/15/2023,7.83783,80.67042,1.2,10.8,2.46,-0.01,21.1,4.98,6.15,0,0
5/26/2023,7.83783,80.67042,1.2,4.2,1.05,-0.196,21.1,4.98,6.15,0,0
11/6/2023,7.83783,80.67042,134.7,251.1,4.87,1.706,21.1,4.98,6.15,1,2.09
11/21/2023,7.83783,80.67042,0,0.5,1.23,-0.078,21.1,4.98,6.15,0,0
11/26/2023,7.83783,80.67042,4.3,15.2,2.04,0.315,21.1,4.98,6.15,0,0
5/11/2024,7.83783,80.67042,0.1,2.8,1.53,-0.018,21.1,4.98,6.15,0,0
5/12/2024,7.83783,80.67042,0.4,2.9,1.65,-0.252,21.1,4.98,6.15,0,0
11/8/2024,7.83783,80.67042,7.1,22.1,1.84,0.015,21.1,4.98,6.15,0,0
12/15/2024,7.83783,80.67042,0,1.6,1.45,-0.174,21.1,4.98,6.15,0,0
10/9/2016,7.89542,80.65273,1.5,13,1.46,0.142,106.6,2.34,8.72,0,0
10/21/2016,7.89542,80.65273,8.7,32.3,1.06,0.165,106.6,2.34,8.72,0,0
11/16/2016,7.89542,80.65273,4.9,15,1.18,-0.154,106.6,2.34,8.72,0,0
11/19/2016,7.89542,80.65273,0.9,2.1,1.14,-0.236,106.6,2.34,8.72,0,0
5/21/2017,7.89542,80.65273,86.3,239.9,3.59,1.209,106.6,2.34,8.72,0,0
5/30/2017,7.89542,80.65273,0.7,24.5,1.19,-0.158,106.6,2.34,8.72,0,0
11/4/2017,7.89542,80.65273,7.1,14.9,0.7,-0.258,106.6,2.34,8.72,0,0
11/7/2017,7.89542,80.65273,9.3,27.9,1.55,0.08,106.6,2.34,8.72,0,0
11/12/2017,7.89542,80.65273,0.6,6.7,1.57,-0.015,106.6,2.34,8.72,0,0
11/25/2017,7.89542,80.65273,1.7,10.5,0.55,-0.048,106.6,2.34,8.72,0,0
12/1/2017,7.89542,80.65273,2.1,6.7,0.87,-0.011,106.6,2.34,8.72,0,0
5/11/2018,7.89542,80.65273,11.3,30.9,0.98,0.03,106.6,2.34,8.72,0,0
10/5/2018,7.89542,80.65273,0.4,11.4,0.49,-0.22,106.6,2.34,8.72,0,0
12/12/2018,7.89542,80.65273,1.1,21.6,1.14,-0.105,106.6,2.34,8.72,0,0
12/16/2018,7.89542,80.65273,0.3,6.8,0.44,0.145,106.6,2.34,8.72,0,0
12/24/2018,7.89542,80.65273,0.3,4.6,0.26,0.006,106.6,2.34,8.72,0,0
10/6/2019,7.89542,80.65273,1.5,5.5,1.16,-0.168,106.6,2.34,8.72,0,0
10/26/2019,7.89542,80.65273,81.1,198.3,3.46,0.898,106.6,2.34,8.72,0,0
10/29/2019,7.89542,80.65273,2.2,6.5,1.22,0.133,106.6,2.34,8.72,0,0
11/29/2019,7.89542,80.65273,6.5,24.8,1.55,-0.007,106.6,2.34,8.72,0,0
11/30/2019,7.89542,80.65273,1.7,7.2,1.71,0.072,106.6,2.34,8.72,0,0
10/4/2020,7.89542,80.65273,5.4,17,0.52,-0.032,106.6,2.34,8.72,0,0
11/2/2020,7.89542,80.65273,0.2,3,1.64,-0.137,106.6,2.34,8.72,0,0
12/12/2020,7.89542,80.65273,87,211.9,3.8,1.229,106.6,2.34,8.72,0,0
5/9/2021,7.89542,80.65273,0.4,11.4,1.12,-0.056,106.6,2.34,8.72,0,0
10/2/2021,7.89542,80.65273,2.3,13.2,0.59,0.001,106.6,2.34,8.72,0,0
10/26/2021,7.89542,80.65273,0.5,2,1.63,-0.158,106.6,2.34,8.72,0,0
12/24/2021,7.89542,80.65273,1.2,5.9,1.36,-0.07,106.6,2.34,8.72,0,0
5/28/2022,7.89542,80.65273,0,14,1.17,0.006,106.6,2.34,8.72,0,0
10/3/2022,7.89542,80.65273,0.2,1.6,1.48,-0.146,106.6,2.34,8.72,0,0
10/19/2022,7.89542,80.65273,46.2,120,2.28,0.764,106.6,2.34,8.72,0,0
10/31/2022,7.89542,80.65273,1.8,9.5,1.08,-0.15,106.6,2.34,8.72,0,0
11/1/2022,7.89542,80.65273,193.5,579.9,7.73,2.3,106.6,2.34,8.72,1,3.8
11/11/2022,7.89542,80.65273,0.8,4.3,0.91,-0.017,106.6,2.34,8.72,0,0
11/13/2022,7.89542,80.65273,16.1,42,1.25,0.016,106.6,2.34,8.72,0,0
11/26/2022,7.89542,80.65273,0.7,2.2,1.5,-0.209,106.6,2.34,8.72,0,0
5/15/2023,7.89542,80.65273,15.6,50.1,0.89,0.047,106.6,2.34,8.72,0,0
5/26/2023,7.89542,80.65273,2.8,9.6,1.07,-0.063,106.6,2.34,8.72,0,0
11/6/2023,7.89542,80.65273,1.6,7.6,0.72,-0.189,106.6,2.34,8.72,0,0
11/21/2023,7.89542,80.65273,112.6,324.1,4.91,1.947,106.6,2.34,8.72,0,0
11/26/2023,7.89542,80.65273,9.5,22.8,1.56,-0.029,106.6,2.34,8.72,0,0
5/11/2024,7.89542,80.65273,0.8,5.7,0.86,-0.24,106.6,2.34,8.72,0,0
5/12/2024,7.89542,80.65273,0.7,9.5,1.47,-0.027,106.6,2.34,8.72,0,0
11/8/2024,7.89542,80.65273,15.6,38.5,1.31,-0.169,106.6,2.34,8.72,0,0
12/15/2024,7.89542,80.65273,7.7,18.4,1.52,-0.186,106.6,2.34,8.72,0,0
10/9/2016,8.0053,81.18693,61,140,4.41,0.625,8.5,5.18,5.55,1,1.96
10/21/2016,8.0053,81.18693,0.1,0.4,2.51,-0.08,8.5,5.18,5.55,0,0
11/16/2016,8.0053,81.18693,0.3,1.6,2.47,-0.079,8.5,5.18,5.55,0,0
11/19/2016,8.0053,81.18693,9,21.9,2.55,0.024,8.5,5.18,5.55,0,0
5/21/2017,8.0053,81.18693,36,98.1,3.42,0.409,8.5,5.18,5.55,0,0
5/30/2017,8.0053,81.18693,2.2,6.8,2.31,0.081,8.5,5.18,5.55,0,0
11/4/2017,8.0053,81.18693,83.8,198.1,4.14,1.19,8.5,5.18,5.55,1,2.09
11/7/2017,8.0053,81.18693,16.1,36.8,2.14,0.053,8.5,5.18,5.55,0,0
11/12/2017,8.0053,81.18693,13.8,38.8,2.01,0.065,8.5,5.18,5.55,0,0
11/25/2017,8.0053,81.18693,17.4,52.9,2.8,0.14,8.5,5.18,5.55,0,0
12/1/2017,8.0053,81.18693,1.4,9.7,1.7,0.058,8.5,5.18,5.55,0,0
5/11/2018,8.0053,81.18693,1.2,7.7,2.24,-0.081,8.5,5.18,5.55,0,0
10/5/2018,8.0053,81.18693,0.2,1.1,2.52,-0.125,8.5,5.18,5.55,0,0
12/12/2018,8.0053,81.18693,1.5,16.6,2.3,-0.362,8.5,5.18,5.55,0,0
12/16/2018,8.0053,81.18693,82.9,228.9,4.74,1.108,8.5,5.18,5.55,1,2.78
12/24/2018,8.0053,81.18693,2.3,16.3,2.35,-0.162,8.5,5.18,5.55,0,0
10/6/2019,8.0053,81.18693,40,86.2,3.45,0.261,8.5,5.18,5.55,0,0
10/26/2019,8.0053,81.18693,2.3,7.1,1.91,-0.107,8.5,5.18,5.55,0,0
10/29/2019,8.0053,81.18693,2,15.7,2.07,-0.043,8.5,5.18,5.55,0,0
11/29/2019,8.0053,81.18693,60,145.6,3.17,0.775,8.5,5.18,5.55,1,1.36
11/30/2019,8.0053,81.18693,71.8,165.3,4.19,1.018,8.5,5.18,5.55,1,1.97
10/4/2020,8.0053,81.18693,1.5,11.3,1.93,-0.17,8.5,5.18,5.55,0,0
11/2/2020,8.0053,81.18693,0,1.2,2.66,-0.334,8.5,5.18,5.55,0,0
12/12/2020,8.0053,81.18693,42.3,100.4,2.72,0.457,8.5,5.18,5.55,0,0
5/9/2021,8.0053,81.18693,50.1,127.6,3.48,0.562,8.5,5.18,5.55,0,0
10/2/2021,8.0053,81.18693,39.1,110.2,3.39,0.444,8.5,5.18,5.55,0,0
10/26/2021,8.0053,81.18693,1.4,5.5,2.32,-0.337,8.5,5.18,5.55,0,0
12/24/2021,8.0053,81.18693,0.4,3.8,2.25,-0.211,8.5,5.18,5.55,0,0
5/28/2022,8.0053,81.18693,36.2,93.9,3.9,0.687,8.5,5.18,5.55,0,0
10/3/2022,8.0053,81.18693,2.2,5.9,2.6,-0.379,8.5,5.18,5.55,0,0
10/19/2022,8.0053,81.18693,19.3,57.3,2.45,0.094,8.5,5.18,5.55,0,0
10/31/2022,8.0053,81.18693,0.5,6.9,2.37,0.021,8.5,5.18,5.55,0,0
11/1/2022,8.0053,81.18693,5.6,22.3,2.47,0.018,8.5,5.18,5.55,0,0
11/11/2022,8.0053,81.18693,3.6,9.7,1.86,-0.092,8.5,5.18,5.55,0,0
11/13/2022,8.0053,81.18693,0.2,6.6,2.44,-0.181,8.5,5.18,5.55,0,0
11/26/2022,8.0053,81.18693,6.9,40,2.48,0.092,8.5,5.18,5.55,0,0
5/15/2023,8.0053,81.18693,0.3,1.1,1.94,-0.074,8.5,5.18,5.55,0,0
5/26/2023,8.0053,81.18693,2.7,7.6,1.64,-0.062,8.5,5.18,5.55,0,0
11/6/2023,8.0053,81.18693,0.2,1.1,1.56,-0.342,8.5,5.18,5.55,0,0
11/21/2023,8.0053,81.18693,0.7,9,2.46,-0.34,8.5,5.18,5.55,0,0
11/26/2023,8.0053,81.18693,40.1,87.8,3,0.357,8.5,5.18,5.55,0,0
5/11/2024,8.0053,81.18693,1.6,5.7,2.5,0.026,8.5,5.18,5.55,0,0
5/12/2024,8.0053,81.18693,2.2,18.1,2.13,-0.288,8.5,5.18,5.55,0,0
11/8/2024,8.0053,81.18693,68.6,160.6,3.79,0.908,8.5,5.18,5.55,0,0
12/15/2024,8.0053,81.18693,1.6,4.7,2.65,-0.093,8.5,5.18,5.55,0,0
10/9/2016,6.19252,80.91994,2.3,10.5,1.92,-0.184,10.8,3.75,4.64,0,0
10/21/2016,6.19252,80.91994,4.1,9.7,1.3,-0.12,10.8,3.75,4.64,0,0
11/16/2016,6.19252,80.91994,27.9,62.9,2.42,0.634,10.8,3.75,4.64,0,0
11/19/2016,6.19252,80.91994,80.7,231.5,4.15,1.055,10.8,3.75,4.64,1,2.24
5/21/2017,6.19252,80.91994,3.9,16.2,1.75,0.062,10.8,3.75,4.64,0,0
5/30/2017,6.19252,80.91994,6.9,22.5,1.41,0.007,10.8,3.75,4.64,0,0
11/4/2017,6.19252,80.91994,0.1,0.9,1.74,-0.156,10.8,3.75,4.64,0,0
11/7/2017,6.19252,80.91994,3.8,13.9,1.87,-0.184,10.8,3.75,4.64,0,0
11/12/2017,6.19252,80.91994,0,0.6,1.32,-0.035,10.8,3.75,4.64,0,0
11/25/2017,6.19252,80.91994,4,16.6,1.76,0.137,10.8,3.75,4.64,0,0
12/1/2017,6.19252,80.91994,1.1,3.9,1.56,-0.06,10.8,3.75,4.64,0,0
5/11/2018,6.19252,80.91994,0,2,1.61,-0.101,10.8,3.75,4.64,0,0
10/5/2018,6.19252,80.91994,0.7,3.1,1.34,-0.235,10.8,3.75,4.64,0,0
12/12/2018,6.19252,80.91994,8.5,32.5,1.85,-0.168,10.8,3.75,4.64,0,0
12/16/2018,6.19252,80.91994,0.3,14.6,2.07,-0.087,10.8,3.75,4.64,0,0
12/24/2018,6.19252,80.91994,2.4,26.4,1.86,-0.006,10.8,3.75,4.64,0,0
10/6/2019,6.19252,80.91994,0.1,0.2,1.31,-0.118,10.8,3.75,4.64,0,0
10/26/2019,6.19252,80.91994,56.5,138.6,3.35,0.753,10.8,3.75,4.64,0,0
10/29/2019,6.19252,80.91994,6.4,16.5,1.74,0.05,10.8,3.75,4.64,0,0
11/29/2019,6.19252,80.91994,0,0.1,1.55,-0.058,10.8,3.75,4.64,0,0
11/30/2019,6.19252,80.91994,64.2,124.9,3.44,0.75,10.8,3.75,4.64,0,0
10/4/2020,6.19252,80.91994,156.4,356.8,5.75,2.228,10.8,3.75,4.64,1,3.1
11/2/2020,6.19252,80.91994,0.2,2.3,1.84,-0.022,10.8,3.75,4.64,0,0
12/12/2020,6.19252,80.91994,6.8,23.3,2.24,0.033,10.8,3.75,4.64,0,0
5/9/2021,6.19252,80.91994,1.9,9.3,1.91,-0.156,10.8,3.75,4.64,0,0
10/2/2021,6.19252,80.91994,21.8,52.4,2.5,0.228,10.8,3.75,4.64,0,0
10/26/2021,6.19252,80.91994,0.6,3.5,1.59,-0.153,10.8,3.75,4.64,0,0
12/24/2021,6.19252,80.91994,0,1.5,1.24,-0.09,10.8,3.75,4.64,0,0
5/28/2022,6.19252,80.91994,69,207.2,4.24,1.292,10.8,3.75,4.64,1,1.96
10/3/2022,6.19252,80.91994,11.7,26.8,1.92,0.052,10.8,3.75,4.64,0,0
10/19/2022,6.19252,80.91994,0,1.2,1.2,-0.092,10.8,3.75,4.64,0,0
10/31/2022,6.19252,80.91994,0.7,2.5,2.22,-0.217,10.8,3.75,4.64,0,0
11/1/2022,6.19252,80.91994,5.3,63.6,1.94,0.014,10.8,3.75,4.64,0,0
11/11/2022,6.19252,80.91994,1.9,4.1,1.49,0.021,10.8,3.75,4.64,0,0
11/13/2022,6.19252,80.91994,33.4,110.3,3.09,0.464,10.8,3.75,4.64,0,0
11/26/2022,6.19252,80.91994,2.9,10.7,1.54,-0.015,10.8,3.75,4.64,0,0
5/15/2023,6.19252,80.91994,67.3,171.8,3.16,0.924,10.8,3.75,4.64,0,0
5/26/2023,6.19252,80.91994,117.6,341.7,5.48,1.941,10.8,3.75,4.64,1,3.13
11/6/2023,6.19252,80.91994,0,7.4,1.65,0.004,10.8,3.75,4.64,0,0
11/21/2023,6.19252,80.91994,7.2,13.9,1.45,-0.208,10.8,3.75,4.64,0,0
11/26/2023,6.19252,80.91994,0.2,8.4,1.3,-0.373,10.8,3.75,4.64,0,0
5/11/2024,6.19252,80.91994,7.1,14.2,1.95,-0.023,10.8,3.75,4.64,0,0
5/12/2024,6.19252,80.91994,8.5,22.6,1.73,0.136,10.8,3.75,4.64,0,0
11/8/2024,6.19252,80.91994,7.2,22.5,1.97,-0.225,10.8,3.75,4.64,0,0
12/15/2024,6.19252,80.91994,0.1,5.3,2.02,-0.091,10.8,3.75,4.64,1,0.58
10/9/2016,6.93201,81.01354,0,2.1,1.73,-0.03,79.2,1.75,2.98,0,0
10/21/2016,6.93201,81.01354,94.4,194.9,4.03,1.214,79.2,1.75,2.98,0,0
11/16/2016,6.93201,81.01354,5.6,16.4,2.41,0.037,79.2,1.75,2.98,0,0
11/19/2016,6.93201,81.01354,21.1,52.1,2.16,0.287,79.2,1.75,2.98,0,0
5/21/2017,6.93201,81.01354,2,8.6,1.75,-0.192,79.2,1.75,2.98,0,0
5/30/2017,6.93201,81.01354,131.3,336.6,5.95,2.156,79.2,1.75,2.98,1,2.46
11/4/2017,6.93201,81.01354,1.2,16.1,2.53,-0.15,79.2,1.75,2.98,0,0
11/7/2017,6.93201,81.01354,4.2,16.3,1.71,0.071,79.2,1.75,2.98,0,0
11/12/2017,6.93201,81.01354,86.6,279.9,5.6,1.588,79.2,1.75,2.98,1,2.06
11/25/2017,6.93201,81.01354,41.7,108.6,2.78,0.425,79.2,1.75,2.98,0,0
12/1/2017,6.93201,81.01354,120.7,234.5,4.11,1.536,79.2,1.75,2.98,0,0
5/11/2018,6.93201,81.01354,2.9,11.7,1.67,0.041,79.2,1.75,2.98,0,0
10/5/2018,6.93201,81.01354,57.2,143,3.46,0.818,79.2,1.75,2.98,0,0
12/12/2018,6.93201,81.01354,1.5,8.1,1.94,0.055,79.2,1.75,2.98,0,0
12/16/2018,6.93201,81.01354,5.6,23.2,1.84,-0.175,79.2,1.75,2.98,0,0
12/24/2018,6.93201,81.01354,8.5,24.6,2.46,0.1,79.2,1.75,2.98,0,0
10/6/2019,6.93201,81.01354,5.1,16.9,1.7,-0.228,79.2,1.75,2.98,0,0
10/26/2019,6.93201,81.01354,0.7,2.4,2.09,-0.027,79.2,1.75,2.98,0,0
10/29/2019,6.93201,81.01354,2.6,7,1.42,-0.29,79.2,1.75,2.98,0,0
11/29/2019,6.93201,81.01354,0.4,2.5,1.88,-0.405,79.2,1.75,2.98,0,0
11/30/2019,6.93201,81.01354,7.7,26.6,2.02,0.197,79.2,1.75,2.98,0,0
10/4/2020,6.93201,81.01354,7.4,21.6,1.7,0.023,79.2,1.75,2.98,0,0
11/2/2020,6.93201,81.01354,2.9,7,1.22,-0.056,79.2,1.75,2.98,0,0
12/12/2020,6.93201,81.01354,10.6,27.3,1.8,0.218,79.2,1.75,2.98,0,0
5/9/2021,6.93201,81.01354,1.5,5.9,2.06,-0.174,79.2,1.75,2.98,0,0
10/2/2021,6.93201,81.01354,1.5,4,1.51,-0.044,79.2,1.75,2.98,0,0
10/26/2021,6.93201,81.01354,1.1,5.4,1.64,-0.098,79.2,1.75,2.98,0,0
12/24/2021,6.93201,81.01354,14.7,27.9,1.51,0.157,79.2,1.75,2.98,0,0
5/28/2022,6.93201,81.01354,2.9,8.9,1.21,-0.087,79.2,1.75,2.98,0,0
10/3/2022,6.93201,81.01354,0,5.2,1.57,-0.1,79.2,1.75,2.98,0,0
10/19/2022,6.93201,81.01354,6.1,16.2,1.81,0.14,79.2,1.75,2.98,0,0
10/31/2022,6.93201,81.01354,0.2,6.6,1.21,-0.172,79.2,1.75,2.98,0,0
11/1/2022,6.93201,81.01354,20.7,61,2.87,0.184,79.2,1.75,2.98,0,0
11/11/2022,6.93201,81.01354,83,210.2,4.07,1.119,79.2,1.75,2.98,0,0
11/13/2022,6.93201,81.01354,2.3,16,1.1,-0.311,79.2,1.75,2.98,0,0
11/26/2022,6.93201,81.01354,0.5,10.8,1.65,0.063,79.2,1.75,2.98,0,0
5/15/2023,6.93201,81.01354,143.5,380.3,6.49,2.3,79.2,1.75,2.98,1,2.97
5/26/2023,6.93201,81.01354,91.2,226.2,4.33,1.286,79.2,1.75,2.98,0,0
11/6/2023,6.93201,81.01354,2.8,7.6,2.09,-0.116,79.2,1.75,2.98,0,0
11/21/2023,6.93201,81.01354,13.4,34.6,2.48,0.057,79.2,1.75,2.98,0,0
11/26/2023,6.93201,81.01354,1.3,2.9,0.98,-0.3,79.2,1.75,2.98,0,0
5/11/2024,6.93201,81.01354,8.6,18.2,1.52,-0.037,79.2,1.75,2.98,0,0
5/12/2024,6.93201,81.01354,0.4,5.8,1.92,0.085,79.2,1.75,2.98,0,0
11/8/2024,6.93201,81.01354,9.2,21.6,2.39,-0.067,79.2,1.75,2.98,0,0
12/15/2024,6.93201,81.01354,26.2,74.6,2.94,0.226,79.2,1.75,2.98,0,0
10/9/2016,6.30126,81.18243,90,204,4.21,1.087,12,0.05,2.24,1,1.59
10/21/2016,6.30126,81.18243,31.7,86.6,2.28,0.543,12,0.05,2.24,0,0
11/16/2016,6.30126,81.18243,17,38.5,1.44,0.254,12,0.05,2.24,0,0
11/19/2016,6.30126,81.18243,1.1,6,1.71,-0.164,12,0.05,2.24,0,0
5/21/2017,6.30126,81.18243,1.7,7.4,1.13,-0.069,12,0.05,2.24,0,0
5/30/2017,6.30126,81.18243,5.3,13.7,0.88,-0.015,12,0.05,2.24,0,0
11/4/2017,6.30126,81.18243,7.3,18.1,2.14,0.121,12,0.05,2.24,0,0
11/7/2017,6.30126,81.18243,7.1,18.8,1.27,-0.044,12,0.05,2.24,0,0
11/12/2017,6.30126,81.18243,33.6,59.2,2.48,0.181,12,0.05,2.24,0,0
11/25/2017,6.30126,81.18243,73.4,210.1,3.32,0.975,12,0.05,2.24,0,0
12/1/2017,6.30126,81.18243,0.9,5.1,1.28,-0.165,12,0.05,2.24,0,0
5/11/2018,6.30126,81.18243,2.8,8.9,1.42,-0.07,12,0.05,2.24,0,0
10/5/2018,6.30126,81.18243,17.7,40.4,2.55,0.253,12,0.05,2.24,0,0
12/12/2018,6.30126,81.18243,117.8,223.8,4.27,1.316,12,0.05,2.24,1,2.05
12/16/2018,6.30126,81.18243,1.4,13,0.66,-0.104,12,0.05,2.24,0,0
12/24/2018,6.30126,81.18243,44.6,130.6,3.62,0.515,12,0.05,2.24,1,1.35
10/6/2019,6.30126,81.18243,74.2,142.3,3.64,0.909,12,0.05,2.24,0,0
10/26/2019,6.30126,81.18243,126.2,246.2,3.94,1.369,12,0.05,2.24,1,1.99
10/29/2019,6.30126,81.18243,64.1,163.2,2.79,0.917,12,0.05,2.24,1,1.79
11/29/2019,6.30126,81.18243,82,226.3,4.36,1.439,12,0.05,2.24,1,2.19
11/30/2019,6.30126,81.18243,38.9,83,2.36,0.515,12,0.05,2.24,0,0
10/4/2020,6.30126,81.18243,2,7.2,1.48,-0.084,12,0.05,2.24,0,0
11/2/2020,6.30126,81.18243,9.1,19.6,2.05,0.059,12,0.05,2.24,0,0
12/12/2020,6.30126,81.18243,118.6,343.1,4.34,2.007,12,0.05,2.24,1,3.03
5/9/2021,6.30126,81.18243,0.6,2.6,1.51,-0.182,12,0.05,2.24,0,0
10/2/2021,6.30126,81.18243,5.8,25.9,1.05,-0.105,12,0.05,2.24,0,0
10/26/2021,6.30126,81.18243,70.7,162.9,3.27,1.135,12,0.05,2.24,0,0
12/24/2021,6.30126,81.18243,244.3,558.2,8.3,2.3,12,0.05,2.24,1,3.8
5/28/2022,6.30126,81.18243,18.9,42.8,0.98,0.348,12,0.05,2.24,0,0
10/3/2022,6.30126,81.18243,0,5.1,1.59,0.055,12,0.05,2.24,0,0
10/19/2022,6.30126,81.18243,4.9,20.1,1.71,0.006,12,0.05,2.24,0,0
10/31/2022,6.30126,81.18243,3.5,8,1.19,0.169,12,0.05,2.24,0,0
11/1/2022,6.30126,81.18243,104.5,293.3,5.07,1.572,12,0.05,2.24,1,2.74
11/11/2022,6.30126,81.18243,26,63.7,2.33,0.543,12,0.05,2.24,0,0
11/13/2022,6.30126,81.18243,112.6,331,6.03,1.761,12,0.05,2.24,1,3.48
11/26/2022,6.30126,81.18243,0,4,0.69,-0.333,12,0.05,2.24,0,0
5/15/2023,6.30126,81.18243,0.7,1.9,0.9,-0.119,12,0.05,2.24,0,0
5/26/2023,6.30126,81.18243,38.3,86.2,2.11,0.382,12,0.05,2.24,0,0
11/6/2023,6.30126,81.18243,2.2,14.6,1.14,0.199,12,0.05,2.24,0,0
11/21/2023,6.30126,81.18243,3.4,10.7,0.88,-0.003,12,0.05,2.24,0,0
11/26/2023,6.30126,81.18243,38.1,87.3,1.97,0.385,12,0.05,2.24,0,0
5/11/2024,6.30126,81.18243,121.1,265.2,4.2,1.475,12,0.05,2.24,1,2.81
5/12/2024,6.30126,81.18243,0.8,6.8,1.51,-0.24,12,0.05,2.24,0,0
11/8/2024,6.30126,81.18243,3.8,12.3,1.38,0.109,12,0.05,2.24,0,0
12/15/2024,6.30126,81.18243,12.3,32.5,1.01,-0.171,12,0.05,2.24,0,0
10/9/2016,8.24407,81.35201,73.5,170,3.06,0.988,20.9,0.77,0.25,0,0
10/21/2016,8.24407,81.35201,62,149.3,2.51,0.734,20.9,0.77,0.25,0,0
11/16/2016,8.24407,81.35201,0.4,1.1,0.28,-0.206,20.9,0.77,0.25,0,0
11/19/2016,8.24407,81.35201,15.2,39.8,1.68,0.118,20.9,0.77,0.25,0,0
5/21/2017,8.24407,81.35201,75.6,128.9,1.59,0.979,20.9,0.77,0.25,0,0
5/30/2017,8.24407,81.35201,3.3,9.5,0.46,-0.006,20.9,0.77,0.25,0,0
11/4/2017,8.24407,81.35201,55.6,176.6,3.01,0.748,20.9,0.77,0.25,1,1.72
11/7/2017,8.24407,81.35201,99.5,303.2,4.78,1.762,20.9,0.77,0.25,1,2.74
11/12/2017,8.24407,81.35201,56.5,155.9,2.66,0.813,20.9,0.77,0.25,1,1.53
11/25/2017,8.24407,81.35201,84.1,177.8,2.14,0.998,20.9,0.77,0.25,1,1.61
12/1/2017,8.24407,81.35201,0.2,1.1,1.28,-0.032,20.9,0.77,0.25,0,0
5/11/2018,8.24407,81.35201,3.6,9.5,0.71,-0.029,20.9,0.77,0.25,0,0
10/5/2018,8.24407,81.35201,179.1,448.8,6.21,2.3,20.9,0.77,0.25,1,3.8
12/12/2018,8.24407,81.35201,0,1.8,0.71,-0.148,20.9,0.77,0.25,0,0
12/16/2018,8.24407,81.35201,5.2,36,0.97,0.108,20.9,0.77,0.25,0,0
12/24/2018,8.24407,81.35201,0.1,13.2,0.71,0.058,20.9,0.77,0.25,0,0
10/6/2019,8.24407,81.35201,0.9,2.2,0.85,-0.269,20.9,0.77,0.25,0,0
10/26/2019,8.24407,81.35201,2,5.2,0.41,-0.14,20.9,0.77,0.25,0,0
10/29/2019,8.24407,81.35201,32.5,98.8,2.02,0.252,20.9,0.77,0.25,0,0
11/29/2019,8.24407,81.35201,0.7,18.9,0.71,-0.036,20.9,0.77,0.25,0,0
11/30/2019,8.24407,81.35201,3.3,17.9,1.33,-0.074,20.9,0.77,0.25,0,0
10/4/2020,8.24407,81.35201,1.5,12.2,1.05,-0.264,20.9,0.77,0.25,0,0
11/2/2020,8.24407,81.35201,2,6.3,1.14,-0.076,20.9,0.77,0.25,0,0
12/12/2020,8.24407,81.35201,133.4,333,5.25,1.77,20.9,0.77,0.25,1,3.16
5/9/2021,8.24407,81.35201,3.7,9.4,0.75,-0.185,20.9,0.77,0.25,0,0
10/2/2021,8.24407,81.35201,2.7,21.5,1.47,0.015,20.9,0.77,0.25,0,0
10/26/2021,8.24407,81.35201,0,1.1,0.53,-0.16,20.9,0.77,0.25,0,0
12/24/2021,8.24407,81.35201,80.9,155,2.7,0.975,20.9,0.77,0.25,1,1.35
5/28/2022,8.24407,81.35201,5.9,11.8,0.13,0.101,20.9,0.77,0.25,0,0
10/3/2022,8.24407,81.35201,10.6,23.9,1.28,0.17,20.9,0.77,0.25,0,0
10/19/2022,8.24407,81.35201,9.2,25.7,1.04,0.135,20.9,0.77,0.25,0,0
10/31/2022,8.24407,81.35201,3.8,7.5,1.1,-0.202,20.9,0.77,0.25,0,0
11/1/2022,8.24407,81.35201,0.4,4.3,1.27,-0.17,20.9,0.77,0.25,0,0
11/11/2022,8.24407,81.35201,91.1,224.8,3.91,1.138,20.9,0.77,0.25,1,2.09
11/13/2022,8.24407,81.35201,8.7,33.6,1.57,0.058,20.9,0.77,0.25,0,0
11/26/2022,8.24407,81.35201,81,206.5,3.71,1.178,20.9,0.77,0.25,1,1.81
5/15/2023,8.24407,81.35201,0.8,6,0.98,-0.156,20.9,0.77,0.25,0,0
5/26/2023,8.24407,81.35201,11,29.5,1.51,0.164,20.9,0.77,0.25,0,0
11/6/2023,8.24407,81.35201,90.2,225.9,3.68,1.317,20.9,0.77,0.25,1,2.03
11/21/2023,8.24407,81.35201,12.5,40,1.61,0.103,20.9,0.77,0.25,0,0
11/26/2023,8.24407,81.35201,21.7,40.3,1.43,0.171,20.9,0.77,0.25,0,0
5/11/2024,8.24407,81.35201,59.8,137.6,2.68,0.963,20.9,0.77,0.25,0,0
5/12/2024,8.24407,81.35201,71.9,175.3,2.32,1.045,20.9,0.77,0.25,1,1.84
11/8/2024,8.24407,81.35201,2.5,17.9,0.93,-0.128,20.9,0.77,0.25,0,0
12/15/2024,8.24407,81.35201,1.2,5.2,1.01,-0.259,20.9,0.77,0.25,0,0
10/9/2016,7.62058,80.35839,0.2,0.7,2.46,-0.104,29.5,2,1.47,0,0
10/21/2016,7.62058,80.35839,8,26,2.72,-0.056,29.5,2,1.47,0,0
11/16/2016,7.62058,80.35839,1.5,8.8,3.05,-0.256,29.5,2,1.47,0,0
11/19/2016,7.62058,80.35839,0,9.1,2.53,-0.244,29.5,2,1.47,0,0
5/21/2017,7.62058,80.35839,1.4,8.8,1.71,-0.307,29.5,2,1.47,0,0
5/30/2017,7.62058,80.35839,11.4,30.1,1.65,0.197,29.5,2,1.47,0,0
11/4/2017,7.62058,80.35839,40.9,120.3,3.39,0.514,29.5,2,1.47,0,0
11/7/2017,7.62058,80.35839,42.6,106.5,3.19,0.443,29.5,2,1.47,1,0.88
11/12/2017,7.62058,80.35839,10.5,34,2.63,-0.038,29.5,2,1.47,0,0
11/25/2017,7.62058,80.35839,42.5,90.8,3.22,0.251,29.5,2,1.47,0,0
12/1/2017,7.62058,80.35839,1.7,5.6,2,-0.036,29.5,2,1.47,0,0
5/11/2018,7.62058,80.35839,1.5,8,1.97,0.092,29.5,2,1.47,0,0
10/5/2018,7.62058,80.35839,0.6,5.5,2.18,-0.082,29.5,2,1.47,0,0
12/12/2018,7.62058,80.35839,71.9,197.7,4.1,1.353,29.5,2,1.47,1,1.84
12/16/2018,7.62058,80.35839,0,10.1,2.26,-0.028,29.5,2,1.47,0,0
12/24/2018,7.62058,80.35839,4.4,26.3,2.81,-0.069,29.5,2,1.47,0,0
10/6/2019,7.62058,80.35839,18.9,61.7,3.03,0.3,29.5,2,1.47,0,0
10/26/2019,7.62058,80.35839,0.6,1.8,2.68,-0.125,29.5,2,1.47,0,0
10/29/2019,7.62058,80.35839,86.9,224,4.83,1.162,29.5,2,1.47,0,0
11/29/2019,7.62058,80.35839,10,24.3,2.39,-0.03,29.5,2,1.47,0,0
11/30/2019,7.62058,80.35839,47.6,102.4,3.56,0.558,29.5,2,1.47,0,0
10/4/2020,7.62058,80.35839,3.8,13.6,2.27,-0.072,29.5,2,1.47,0,0
11/2/2020,7.62058,80.35839,61.4,174.4,4.68,0.858,29.5,2,1.47,1,2.05
12/12/2020,7.62058,80.35839,165.3,458.8,7.97,2.3,29.5,2,1.47,1,3.8
5/9/2021,7.62058,80.35839,82.8,210.6,4.77,1.192,29.5,2,1.47,1,2.37
10/2/2021,7.62058,80.35839,31,75.5,3.17,0.394,29.5,2,1.47,0,0
10/26/2021,7.62058,80.35839,129.8,304.3,5.98,1.636,29.5,2,1.47,1,2.9
12/24/2021,7.62058,80.35839,0.8,4.2,2,-0.265,29.5,2,1.47,0,0
5/28/2022,7.62058,80.35839,11.5,42.3,2.56,0.172,29.5,2,1.47,0,0
10/3/2022,7.62058,80.35839,99.8,249.4,5.15,1.484,29.5,2,1.47,1,2.35
10/19/2022,7.62058,80.35839,4.3,17.1,2.44,-0.213,29.5,2,1.47,0,0
10/31/2022,7.62058,80.35839,1.5,19.9,2.57,0.01,29.5,2,1.47,0,0
11/1/2022,7.62058,80.35839,1.3,5.4,2.19,0.021,29.5,2,1.47,0,0
11/11/2022,7.62058,80.35839,3.9,11.5,2.54,-0.072,29.5,2,1.47,0,0
11/13/2022,7.62058,80.35839,1.1,5.6,2.13,-0.29,29.5,2,1.47,0,0
11/26/2022,7.62058,80.35839,0,11.4,2.25,-0.225,29.5,2,1.47,0,0
5/15/2023,7.62058,80.35839,0.7,1.8,2.57,0.048,29.5,2,1.47,0,0
5/26/2023,7.62058,80.35839,1,4.7,2.59,-0.312,29.5,2,1.47,0,0
11/6/2023,7.62058,80.35839,52.2,103.9,3.09,0.7,29.5,2,1.47,1,1.25
11/21/2023,7.62058,80.35839,9.3,27.3,2.34,-0.197,29.5,2,1.47,0,0
11/26/2023,7.62058,80.35839,1,3.6,1.68,-0.111,29.5,2,1.47,0,0
5/11/2024,7.62058,80.35839,7.3,20.6,2.16,-0.108,29.5,2,1.47,0,0
5/12/2024,7.62058,80.35839,4.2,13.1,2,-0.01,29.5,2,1.47,0,0
11/8/2024,7.62058,80.35839,13.1,33.3,1.71,0.23,29.5,2,1.47,0,0
12/15/2024,7.62058,80.35839,0.5,14.3,2.42,-0.201,29.5,2,1.47,0,0
10/9/2016,6.86033,80.42605,58.3,116.2,3.9,0.701,11.2,2.35,1.31,1,1.83
10/21/2016,6.86033,80.42605,5.1,13.8,2.03,0.175,11.2,2.35,1.31,1,0.61
11/16/2016,6.86033,80.42605,0.1,0.6,1.96,-0.141,11.2,2.35,1.31,0,0
11/19/2016,6.86033,80.42605,1.2,14.1,2.17,-0.188,11.2,2.35,1.31,0,0
5/21/2017,6.86033,80.42605,72.7,137.9,4.23,0.815,11.2,2.35,1.31,1,1.8
5/30/2017,6.86033,80.42605,5.2,14.1,2.53,-0.156,11.2,2.35,1.31,0,0
11/4/2017,6.86033,80.42605,0,7.8,1.86,-0.063,11.2,2.35,1.31,0,0
11/7/2017,6.86033,80.42605,117,324.9,6.03,1.787,11.2,2.35,1.31,1,2.89
11/12/2017,6.86033,80.42605,290,856.6,9.2,2.3,11.2,2.35,1.31,1,3.8
11/25/2017,6.86033,80.42605,6,17.2,2.17,-0.06,11.2,2.35,1.31,0,0
12/1/2017,6.86033,80.42605,0.3,1.4,2.73,-0.351,11.2,2.35,1.31,0,0
5/11/2018,6.86033,80.42605,4.2,14.7,2.46,-0.124,11.2,2.35,1.31,0,0
10/5/2018,6.86033,80.42605,4,13.1,2.1,0.046,11.2,2.35,1.31,0,0
12/12/2018,6.86033,80.42605,2.9,7.1,2.11,-0.114,11.2,2.35,1.31,0,0
12/16/2018,6.86033,80.42605,8.4,22.6,3.27,-0.031,11.2,2.35,1.31,1,0.64
12/24/2018,6.86033,80.42605,117.9,294.9,6.41,1.62,11.2,2.35,1.31,1,2.98
10/6/2019,6.86033,80.42605,0.6,2,1.9,-0.139,11.2,2.35,1.31,0,0
10/26/2019,6.86033,80.42605,7.8,18.5,2.48,-0.217,11.2,2.35,1.31,0,0
10/29/2019,6.86033,80.42605,0,1.8,2.4,0.06,11.2,2.35,1.31,0,0
11/29/2019,6.86033,80.42605,3.8,12.1,2,0.012,11.2,2.35,1.31,0,0
11/30/2019,6.86033,80.42605,0.8,2.4,2.1,-0.095,11.2,2.35,1.31,0,0
10/4/2020,6.86033,80.42605,9.5,21.1,2.43,-0.123,11.2,2.35,1.31,0,0
11/2/2020,6.86033,80.42605,94.4,298.9,5.82,1.653,11.2,2.35,1.31,1,2.91
12/12/2020,6.86033,80.42605,43,123.2,3.93,0.721,11.2,2.35,1.31,0,0
5/9/2021,6.86033,80.42605,116,268.6,5.58,1.913,11.2,2.35,1.31,1,2.87
10/2/2021,6.86033,80.42605,82.6,179.3,4.77,1.003,11.2,2.35,1.31,0,0
10/26/2021,6.86033,80.42605,8.1,18.8,3.06,-0.018,11.2,2.35,1.31,0,0
12/24/2021,6.86033,80.42605,2.6,10.1,2.28,0.027,11.2,2.35,1.31,0,0
5/28/2022,6.86033,80.42605,142,394.8,6.72,2.197,11.2,2.35,1.31,1,3.6
10/3/2022,6.86033,80.42605,0.2,3.4,2.48,-0.457,11.2,2.35,1.31,1,0.79
10/19/2022,6.86033,80.42605,0.8,6.9,3.33,-0.095,11.2,2.35,1.31,0,0
10/31/2022,6.86033,80.42605,79.2,178.5,4.03,1.004,11.2,2.35,1.31,1,2.13
11/1/2022,6.86033,80.42605,85.5,235.3,5.69,1.177,11.2,2.35,1.31,0,0
11/11/2022,6.86033,80.42605,30.2,95.7,3.49,0.364,11.2,2.35,1.31,0,0
11/13/2022,6.86033,80.42605,2.1,6.6,2.57,-0.038,11.2,2.35,1.31,0,0
11/26/2022,6.86033,80.42605,0.4,2,2.69,-0.065,11.2,2.35,1.31,0,0
5/15/2023,6.86033,80.42605,6.4,21.1,2.56,-0.137,11.2,2.35,1.31,0,0
5/26/2023,6.86033,80.42605,0.9,4.3,2.28,-0.11,11.2,2.35,1.31,0,0
11/6/2023,6.86033,80.42605,38.9,86.5,2.94,0.409,11.2,2.35,1.31,0,0
11/21/2023,6.86033,80.42605,0.3,1.5,2.15,-0.121,11.2,2.35,1.31,0,0
11/26/2023,6.86033,80.42605,6.8,16.2,2.08,-0.056,11.2,2.35,1.31,1,0.68
5/11/2024,6.86033,80.42605,17,46.2,2.79,-0.051,11.2,2.35,1.31,1,0.97
5/12/2024,6.86033,80.42605,1.1,6.6,2.65,-0.008,11.2,2.35,1.31,0,0
11/8/2024,6.86033,80.42605,130.7,378.6,7.06,2.122,11.2,2.35,1.31,1,3.76
12/15/2024,6.86033,80.42605,27.9,66.7,2.64,0.459,11.2,2.35,1.31,0,0
10/9/2016,6.16525,79.91917,51.3,167,3.78,0.779,22.4,0.74,0.84,1,1.62
10/21/2016,6.16525,79.91917,3.1,9.8,1.55,-0.083,22.4,0.74,0.84,0,0
11/16/2016,6.16525,79.91917,0,4.1,1.78,-0.154,22.4,0.74,0.84,0,0
11/19/2016,6.16525,79.91917,7.4,36.9,1.88,0.079,22.4,0.74,0.84,0,0
5/21/2017,6.16525,79.91917,10.2,36.2,2.49,0.173,22.4,0.74,0.84,0,0
5/30/2017,6.16525,79.91917,1.6,4.7,2.25,-0.031,22.4,0.74,0.84,0,0
11/4/2017,6.16525,79.91917,0,1.9,1.84,-0.08,22.4,0.74,0.84,0,0
11/7/2017,6.16525,79.91917,34.4,97.5,2.93,0.41,22.4,0.74,0.84,0,0
11/12/2017,6.16525,79.91917,2.8,8.8,1.81,0.018,22.4,0.74,0.84,0,0
11/25/2017,6.16525,79.91917,26.8,77.4,2.52,0.241,22.4,0.74,0.84,0,0
12/1/2017,6.16525,79.91917,65.4,156.3,4.05,0.694,22.4,0.74,0.84,0,0
5/11/2018,6.16525,79.91917,72,153.8,3.91,0.901,22.4,0.74,0.84,0,0
10/5/2018,6.16525,79.91917,182.6,382.6,6.73,2.244,22.4,0.74,0.84,1,3.76
12/12/2018,6.16525,79.91917,3.5,23.3,1.94,-0.14,22.4,0.74,0.84,0,0
12/16/2018,6.16525,79.91917,27.3,66.8,2.36,0.257,22.4,0.74,0.84,0,0
12/24/2018,6.16525,79.91917,1.4,4.9,0.89,-0.157,22.4,0.74,0.84,0,0
10/6/2019,6.16525,79.91917,1.4,4.9,2.03,-0.056,22.4,0.74,0.84,0,0
10/26/2019,6.16525,79.91917,0.3,3.3,1.93,-0.146,22.4,0.74,0.84,0,0
10/29/2019,6.16525,79.91917,2.8,9.2,1.46,-0.065,22.4,0.74,0.84,0,0
11/29/2019,6.16525,79.91917,0.1,0.3,1.42,-0.222,22.4,0.74,0.84,0,0
11/30/2019,6.16525,79.91917,52.1,140.3,2.77,0.78,22.4,0.74,0.84,1,1.19
10/4/2020,6.16525,79.91917,118.5,295.5,5.73,1.802,22.4,0.74,0.84,1,2.45
11/2/2020,6.16525,79.91917,69.3,148.3,3.73,0.872,22.4,0.74,0.84,0,0
12/12/2020,6.16525,79.91917,5.9,20.6,2.22,-0.069,22.4,0.74,0.84,0,0
5/9/2021,6.16525,79.91917,0.8,17.1,2.37,-0.06,22.4,0.74,0.84,0,0
10/2/2021,6.16525,79.91917,75.6,188.2,3.7,0.96,22.4,0.74,0.84,1,1.85
10/26/2021,6.16525,79.91917,1.3,3.9,1.56,-0.08,22.4,0.74,0.84,0,0
12/24/2021,6.16525,79.91917,99.7,266.9,5.63,1.491,22.4,0.74,0.84,1,2.73
5/28/2022,6.16525,79.91917,31.7,86.7,2.73,0.296,22.4,0.74,0.84,0,0
10/3/2022,6.16525,79.91917,4.1,12.6,2.13,-0.214,22.4,0.74,0.84,0,0
10/19/2022,6.16525,79.91917,1.3,5.3,1.44,0.023,22.4,0.74,0.84,0,0
10/31/2022,6.16525,79.91917,0.2,6.1,1.77,-0.062,22.4,0.74,0.84,0,0
11/1/2022,6.16525,79.91917,17.5,37.3,1.46,0.177,22.4,0.74,0.84,0,0
11/11/2022,6.16525,79.91917,1.1,23.5,1.84,-0.05,22.4,0.74,0.84,0,0
11/13/2022,6.16525,79.91917,114.8,300.2,5.62,1.736,22.4,0.74,0.84,1,2.49
11/26/2022,6.16525,79.91917,3.4,17.1,2.13,-0.015,22.4,0.74,0.84,0,0
5/15/2023,6.16525,79.91917,3.2,12.6,1.7,0.045,22.4,0.74,0.84,0,0
5/26/2023,6.16525,79.91917,11.9,44.5,1.86,0.104,22.4,0.74,0.84,0,0
11/6/2023,6.16525,79.91917,0.8,3,2.11,-0.369,22.4,0.74,0.84,0,0
11/21/2023,6.16525,79.91917,83.5,158.7,3.82,0.969,22.4,0.74,0.84,0,0
11/26/2023,6.16525,79.91917,0.3,8.4,1.91,-0.245,22.4,0.74,0.84,0,0
5/11/2024,6.16525,79.91917,16,45.8,2.35,0.047,22.4,0.74,0.84,0,0
5/12/2024,6.16525,79.91917,70.9,206.9,4.3,1.017,22.4,0.74,0.84,1,2.28
11/8/2024,6.16525,79.91917,34.2,88.3,2.47,0.308,22.4,0.74,0.84,0,0
12/15/2024,6.16525,79.91917,0,5.8,2.13,-0.468,22.4,0.74,0.84,0,0
10/9/2016,6.80855,80.7909,3.5,8.5,2.19,-0.136,28.3,0.38,3.6,0,0
10/21/2016,6.80855,80.7909,107.2,272.6,5.95,1.393,28.3,0.38,3.6,1,2.48
11/16/2016,6.80855,80.7909,64.9,145.9,4.22,1.04,28.3,0.38,3.6,1,1.66
11/19/2016,6.80855,80.7909,1,19.4,2.79,-0.126,28.3,0.38,3.6,0,0
5/21/2017,6.80855,80.7909,23.5,43.2,3.68,0.165,28.3,0.38,3.6,0,0
5/30/2017,6.80855,80.7909,5.9,29.5,3.67,0.103,28.3,0.38,3.6,0,0
11/4/2017,6.80855,80.7909,89.6,279.1,6.41,1.358,28.3,0.38,3.6,1,3.13
11/7/2017,6.80855,80.7909,9.1,21,3.48,0.101,28.3,0.38,3.6,0,0
11/12/2017,6.80855,80.7909,0,3.5,2.64,-0.115,28.3,0.38,3.6,0,0
11/25/2017,6.80855,80.7909,3.2,23.1,2.49,-0.087,28.3,0.38,3.6,0,0
12/1/2017,6.80855,80.7909,12.3,45.6,3.2,0.256,28.3,0.38,3.6,0,0
5/11/2018,6.80855,80.7909,5.9,25.6,2.9,-0.03,28.3,0.38,3.6,0,0
10/5/2018,6.80855,80.7909,3.2,10.5,2.4,-0.006,28.3,0.38,3.6,0,0
12/12/2018,6.80855,80.7909,0.5,5.3,2.65,0.076,28.3,0.38,3.6,0,0
12/16/2018,6.80855,80.7909,6.5,26.2,3.34,-0.024,28.3,0.38,3.6,0,0
12/24/2018,6.80855,80.7909,12,49.1,3.48,0.15,28.3,0.38,3.6,0,0
10/6/2019,6.80855,80.7909,0.1,2.6,2.35,-0.157,28.3,0.38,3.6,0,0
10/26/2019,6.80855,80.7909,7.9,27.8,2.47,-0.086,28.3,0.38,3.6,0,0
10/29/2019,6.80855,80.7909,4.8,27.5,3.17,0.187,28.3,0.38,3.6,0,0
11/29/2019,6.80855,80.7909,1,3.7,2.15,-0.05,28.3,0.38,3.6,0,0
11/30/2019,6.80855,80.7909,2.7,10.5,2.18,-0.018,28.3,0.38,3.6,0,0
10/4/2020,6.80855,80.7909,20.2,50.5,3.73,0.104,28.3,0.38,3.6,0,0
11/2/2020,6.80855,80.7909,103.4,257.2,5.73,1.557,28.3,0.38,3.6,1,2.66
12/12/2020,6.80855,80.7909,0.1,13.9,2.38,-0.082,28.3,0.38,3.6,0,0
5/9/2021,6.80855,80.7909,8.7,20,2.75,-0.043,28.3,0.38,3.6,0,0
10/2/2021,6.80855,80.7909,1.7,4.6,2.76,-0.111,28.3,0.38,3.6,0,0
10/26/2021,6.80855,80.7909,79.8,221.9,5.08,1.116,28.3,0.38,3.6,1,2.17
12/24/2021,6.80855,80.7909,2.9,6,2.68,-0.027,28.3,0.38,3.6,0,0
5/28/2022,6.80855,80.7909,1.4,9.7,2.14,-0.208,28.3,0.38,3.6,0,0
10/3/2022,6.80855,80.7909,18,41.9,3.19,-0.071,28.3,0.38,3.6,0,0
10/19/2022,6.80855,80.7909,0,5.5,2.37,-0.093,28.3,0.38,3.6,0,0
10/31/2022,6.80855,80.7909,3.1,10.6,2.53,-0.119,28.3,0.38,3.6,0,0
11/1/2022,6.80855,80.7909,8.6,22.5,3.05,-0.197,28.3,0.38,3.6,0,0
11/11/2022,6.80855,80.7909,0.3,4.2,1.81,-0.091,28.3,0.38,3.6,0,0
11/13/2022,6.80855,80.7909,78.8,200.9,4.64,1.337,28.3,0.38,3.6,1,1.83
11/26/2022,6.80855,80.7909,3.5,8.6,2.8,-0.12,28.3,0.38,3.6,0,0
5/15/2023,6.80855,80.7909,0.4,2.1,2.54,-0.251,28.3,0.38,3.6,0,0
5/26/2023,6.80855,80.7909,2.6,10.3,2.49,0.008,28.3,0.38,3.6,0,0
11/6/2023,6.80855,80.7909,0.2,10.9,2.52,-0.153,28.3,0.38,3.6,0,0
11/21/2023,6.80855,80.7909,0.1,0.3,2.34,-0.146,28.3,0.38,3.6,0,0
11/26/2023,6.80855,80.7909,2.8,6.8,2.81,-0.173,28.3,0.38,3.6,0,0
5/11/2024,6.80855,80.7909,0,4.2,2.34,-0.139,28.3,0.38,3.6,0,0
5/12/2024,6.80855,80.7909,19.2,42.8,2.51,0.152,28.3,0.38,3.6,0,0
11/8/2024,6.80855,80.7909,2.6,6.5,3.32,-0.138,28.3,0.38,3.6,0,0
12/15/2024,6.80855,80.7909,0.9,8.9,2.58,0.019,28.3,0.38,3.6,0,0
10/9/2016,6.84548,79.8147,1.1,3.1,1.03,-0.107,50.5,5.07,1.92,0,0
10/21/2016,6.84548,79.8147,0.4,1.8,2.15,-0.04,50.5,5.07,1.92,0,0
11/16/2016,6.84548,79.8147,0.7,6.1,0.93,-0.023,50.5,5.07,1.92,0,0
11/19/2016,6.84548,79.8147,4,12.3,1.65,-0.131,50.5,5.07,1.92,0,0
5/21/2017,6.84548,79.8147,0.8,5.6,1.03,-0.15,50.5,5.07,1.92,0,0
5/30/2017,6.84548,79.8147,1.3,7.8,0.48,-0.083,50.5,5.07,1.92,0,0
11/4/2017,6.84548,79.8147,0,0.1,1.41,0.063,50.5,5.07,1.92,0,0
11/7/2017,6.84548,79.8147,1,2.8,0.99,-0.068,50.5,5.07,1.92,0,0
11/12/2017,6.84548,79.8147,11.7,27,1.69,-0.002,50.5,5.07,1.92,0,0
11/25/2017,6.84548,79.8147,2.8,12.7,1.36,-0.084,50.5,5.07,1.92,0,0
12/1/2017,6.84548,79.8147,3.7,13.4,1.68,-0.021,50.5,5.07,1.92,0,0
5/11/2018,6.84548,79.8147,0,10.1,1.51,0.001,50.5,5.07,1.92,0,0
10/5/2018,6.84548,79.8147,136.9,378.9,6.12,2.25,50.5,5.07,1.92,1,3.09
12/12/2018,6.84548,79.8147,25,52.5,1.76,0.046,50.5,5.07,1.92,0,0
12/16/2018,6.84548,79.8147,0.4,2.1,1.14,0.155,50.5,5.07,1.92,0,0
12/24/2018,6.84548,79.8147,136.1,398.4,5.6,2.082,50.5,5.07,1.92,1,3.13
10/6/2019,6.84548,79.8147,16.3,44.1,1.62,0.183,50.5,5.07,1.92,0,0
10/26/2019,6.84548,79.8147,0.9,3.4,1.06,-0.189,50.5,5.07,1.92,0,0
10/29/2019,6.84548,79.8147,12.8,42.7,1.63,0.138,50.5,5.07,1.92,0,0
11/29/2019,6.84548,79.8147,95.6,198.8,4.2,1.184,50.5,5.07,1.92,0,0
11/30/2019,6.84548,79.8147,7.6,22.1,1.59,0,50.5,5.07,1.92,0,0
10/4/2020,6.84548,79.8147,0.4,3,0.65,-0.088,50.5,5.07,1.92,0,0
11/2/2020,6.84548,79.8147,47.5,122.3,3.46,0.688,50.5,5.07,1.92,0,0
12/12/2020,6.84548,79.8147,53.8,145.7,2.7,1.029,50.5,5.07,1.92,0,0
5/9/2021,6.84548,79.8147,1.4,4,1.4,-0.195,50.5,5.07,1.92,0,0
10/2/2021,6.84548,79.8147,5.1,25.3,1.95,0.071,50.5,5.07,1.92,0,0
10/26/2021,6.84548,79.8147,2.1,10,1.15,-0.061,50.5,5.07,1.92,0,0
12/24/2021,6.84548,79.8147,3.4,11.2,1.22,0.236,50.5,5.07,1.92,0,0
5/28/2022,6.84548,79.8147,44.1,102,2.65,0.505,50.5,5.07,1.92,0,0
10/3/2022,6.84548,79.8147,9.8,30.2,2.15,0.01,50.5,5.07,1.92,0,0
10/19/2022,6.84548,79.8147,127.3,269.1,4.28,1.843,50.5,5.07,1.92,1,2.24
10/31/2022,6.84548,79.8147,6.4,18.3,1.46,-0.134,50.5,5.07,1.92,0,0
11/1/2022,6.84548,79.8147,1.5,5.9,1.14,-0.241,50.5,5.07,1.92,0,0
11/11/2022,6.84548,79.8147,0.6,1.8,0.97,-0.068,50.5,5.07,1.92,0,0
11/13/2022,6.84548,79.8147,0.8,3.3,0.64,-0.206,50.5,5.07,1.92,0,0
11/26/2022,6.84548,79.8147,1.9,11.6,0.72,-0.185,50.5,5.07,1.92,0,0
5/15/2023,6.84548,79.8147,1.2,3.6,1.03,0.077,50.5,5.07,1.92,0,0
5/26/2023,6.84548,79.8147,13.1,33.4,2.25,0.183,50.5,5.07,1.92,0,0
11/6/2023,6.84548,79.8147,3.2,7.4,1.28,-0.327,50.5,5.07,1.92,0,0
11/21/2023,6.84548,79.8147,2.5,9.4,0.82,-0.118,50.5,5.07,1.92,0,0
11/26/2023,6.84548,79.8147,5.5,30.3,1.28,0.199,50.5,5.07,1.92,0,0
5/11/2024,6.84548,79.8147,5.1,14,1.8,-0.171,50.5,5.07,1.92,0,0
5/12/2024,6.84548,79.8147,2.3,8.5,1.51,-0.077,50.5,5.07,1.92,0,0
11/8/2024,6.84548,79.8147,1.6,8.9,1.3,0.008,50.5,5.07,1.92,0,0
12/15/2024,6.84548,79.8147,1.5,13.4,1.79,0.111,50.5,5.07,1.92,0,0
10/9/2016,7.89698,80.58808,68.4,182.7,4.29,0.988,9,9.61,0.24,1,2.25
10/21/2016,7.89698,80.58808,60.3,144.3,3.86,0.859,9,9.61,0.24,0,0
11/16/2016,7.89698,80.58808,107.2,226.4,5.55,1.444,9,9.61,0.24,1,2.42
11/19/2016,7.89698,80.58808,4.9,20.2,2.43,-0.18,9,9.61,0.24,0,0
5/21/2017,7.89698,80.58808,21.3,48.4,2.94,0.27,9,9.61,0.24,0,0
5/30/2017,7.89698,80.58808,0,0,2.52,-0.119,9,9.61,0.24,0,0
11/4/2017,7.89698,80.58808,0.2,1.7,2.39,0.067,9,9.61,0.24,0,0
11/7/2017,7.89698,80.58808,0.1,1.2,2.98,-0.126,9,9.61,0.24,0,0
11/12/2017,7.89698,80.58808,0.5,2.6,3,-0.001,9,9.61,0.24,0,0
11/25/2017,7.89698,80.58808,0.9,22,3.11,-0.089,9,9.61,0.24,0,0
12/1/2017,7.89698,80.58808,40.2,105.5,4.14,0.42,9,9.61,0.24,0,0
5/11/2018,7.89698,80.58808,0.5,11.8,2.08,0.005,9,9.61,0.24,0,0
10/5/2018,7.89698,80.58808,11.8,29.2,2.48,-0.014,9,9.61,0.24,0,0
12/12/2018,7.89698,80.58808,0,2.3,2.81,-0.042,9,9.61,0.24,0,0
12/16/2018,7.89698,80.58808,35.5,81.3,3.22,0.238,9,9.61,0.24,0,0
12/24/2018,7.89698,80.58808,85.6,168.8,4.41,1.225,9,9.61,0.24,0,0
10/6/2019,7.89698,80.58808,1.2,9.3,2.8,-0.43,9,9.61,0.24,0,0
10/26/2019,7.89698,80.58808,170.5,414,7.9,2.3,9,9.61,0.24,1,3.8
10/29/2019,7.89698,80.58808,0.1,0.9,2.71,-0.131,9,9.61,0.24,0,0
11/29/2019,7.89698,80.58808,0.9,21.6,1.93,-0.196,9,9.61,0.24,0,0
11/30/2019,7.89698,80.58808,0.2,4.3,2.18,-0.048,9,9.61,0.24,0,0
10/4/2020,7.89698,80.58808,51.7,147,4.43,0.838,9,9.61,0.24,1,2.01
11/2/2020,7.89698,80.58808,21.2,62.4,3.6,-0.052,9,9.61,0.24,1,0.8
12/12/2020,7.89698,80.58808,1.2,5.8,3.06,-0.072,9,9.61,0.24,0,0
5/9/2021,7.89698,80.58808,20.8,38.1,2.46,-0.087,9,9.61,0.24,0,0
10/2/2021,7.89698,80.58808,5.5,16,3.06,0.105,9,9.61,0.24,0,0
10/26/2021,7.89698,80.58808,78.4,158.5,4.26,1.077,9,9.61,0.24,1,1.63
12/24/2021,7.89698,80.58808,0.2,1.5,2.12,-0.082,9,9.61,0.24,0,0
5/28/2022,7.89698,80.58808,10.3,35.1,3.17,-0.056,9,9.61,0.24,0,0
10/3/2022,7.89698,80.58808,57.9,145.8,4.26,0.812,9,9.61,0.24,1,1.85
10/19/2022,7.89698,80.58808,2.1,6.2,2.62,-0.239,9,9.61,0.24,0,0
10/31/2022,7.89698,80.58808,72.6,216.7,4.54,1.406,9,9.61,0.24,1,2.33
11/1/2022,7.89698,80.58808,69.3,203.2,4.96,1.073,9,9.61,0.24,1,2.18
11/11/2022,7.89698,80.58808,83,201.5,4.47,1.229,9,9.61,0.24,1,2.65
11/13/2022,7.89698,80.58808,5.3,10.6,2.85,0.017,9,9.61,0.24,1,1.13
11/26/2022,7.89698,80.58808,5.4,19.9,2.92,0.138,9,9.61,0.24,0,0
5/15/2023,7.89698,80.58808,6.1,19.1,2.37,-0.047,9,9.61,0.24,0,0
5/26/2023,7.89698,80.58808,0.8,4.9,2.76,0.059,9,9.61,0.24,0,0
11/6/2023,7.89698,80.58808,104,328.1,6.87,1.76,9,9.61,0.24,1,3.22
11/21/2023,7.89698,80.58808,18,50,3,0.266,9,9.61,0.24,0,0
11/26/2023,7.89698,80.58808,38.4,115.1,4.14,0.811,9,9.61,0.24,0,0
5/11/2024,7.89698,80.58808,64.9,156.4,4.57,0.975,9,9.61,0.24,1,2.14
5/12/2024,7.89698,80.58808,19.7,59.7,3.28,0.337,9,9.61,0.24,0,0
11/8/2024,7.89698,80.58808,46,110.1,3.63,0.598,9,9.61,0.24,0,0
12/15/2024,7.89698,80.58808,67.6,120.3,3.21,0.613,9,9.61,0.24,0,0
10/9/2016,7.65765,80.72676,65.3,176.7,3.98,0.874,3.5,1.67,0.7,1,1.85
10/21/2016,7.65765,80.72676,45.1,134.9,3.59,0.671,3.5,1.67,0.7,0,0
11/16/2016,7.65765,80.72676,61.9,174.8,4.02,0.788,3.5,1.67,0.7,1,2.07
11/19/2016,7.65765,80.72676,54,128.6,4.25,0.842,3.5,1.67,0.7,1,1.84
5/21/2017,7.65765,80.72676,50.7,119.4,3.85,0.549,3.5,1.67,0.7,0,0
5/30/2017,7.65765,80.72676,0.9,4.5,2.38,-0.299,3.5,1.67,0.7,0,0
11/4/2017,7.65765,80.72676,4.2,11.3,2.3,0.053,3.5,1.67,0.7,0,0
11/7/2017,7.65765,80.72676,0.5,5,2.31,-0.033,3.5,1.67,0.7,0,0
11/12/2017,7.65765,80.72676,10.7,25.2,1.99,-0.206,3.5,1.67,0.7,0,0
11/25/2017,7.65765,80.72676,1.6,5.4,1.91,-0.076,3.5,1.67,0.7,0,0
12/1/2017,7.65765,80.72676,80.1,192.1,4.73,1.183,3.5,1.67,0.7,1,2.24
5/11/2018,7.65765,80.72676,65.5,163.8,4.1,0.927,3.5,1.67,0.7,1,1.64
10/5/2018,7.65765,80.72676,4.8,14.3,2.25,-0.092,3.5,1.67,0.7,0,0
12/12/2018,7.65765,80.72676,50.4,131.6,3.62,0.645,3.5,1.67,0.7,0,0
12/16/2018,7.65765,80.72676,62.1,156.6,4.25,0.857,3.5,1.67,0.7,1,1.54
12/24/2018,7.65765,80.72676,78.5,146.4,4.33,0.924,3.5,1.67,0.7,1,1.93
10/6/2019,7.65765,80.72676,24.4,46.2,2.81,0.289,3.5,1.67,0.7,0,0
10/26/2019,7.65765,80.72676,2.5,7.5,2.55,-0.033,3.5,1.67,0.7,1,1.03
10/29/2019,7.65765,80.72676,1,3.8,1.83,-0.328,3.5,1.67,0.7,0,0
11/29/2019,7.65765,80.72676,0.6,1.9,2.28,-0.259,3.5,1.67,0.7,0,0
11/30/2019,7.65765,80.72676,20.9,69.1,3.21,0.35,3.5,1.67,0.7,0,0
10/4/2020,7.65765,80.72676,0.3,3.9,1.95,-0.012,3.5,1.67,0.7,0,0
11/2/2020,7.65765,80.72676,36.8,85.7,3.28,0.326,3.5,1.67,0.7,0,0
12/12/2020,7.65765,80.72676,78.7,207.7,4.74,0.997,3.5,1.67,0.7,1,2.26
5/9/2021,7.65765,80.72676,0.1,9.6,1.86,0.057,3.5,1.67,0.7,0,0
10/2/2021,7.65765,80.72676,4,9.9,2.21,0.089,3.5,1.67,0.7,0,0
10/26/2021,7.65765,80.72676,1.1,9.7,1.78,-0.191,3.5,1.67,0.7,1,0.65
12/24/2021,7.65765,80.72676,0.1,4,1.8,-0.282,3.5,1.67,0.7,0,0
5/28/2022,7.65765,80.72676,24.4,51,2.66,0.082,3.5,1.67,0.7,0,0
10/3/2022,7.65765,80.72676,24.4,61.6,2.86,0.192,3.5,1.67,0.7,0,0
10/19/2022,7.65765,80.72676,73.4,131,4.02,1.007,3.5,1.67,0.7,1,1.77
10/31/2022,7.65765,80.72676,174.9,471.6,7.75,2.3,3.5,1.67,0.7,1,3.8
11/1/2022,7.65765,80.72676,22.5,76,3.37,0.353,3.5,1.67,0.7,0,0
11/11/2022,7.65765,80.72676,68.8,207.4,4.67,1.083,3.5,1.67,0.7,1,2.76
11/13/2022,7.65765,80.72676,2.3,4.5,1.99,-0.056,3.5,1.67,0.7,0,0
11/26/2022,7.65765,80.72676,0.1,3.4,1.95,-0.2,3.5,1.67,0.7,0,0
5/15/2023,7.65765,80.72676,102.9,260.3,5.17,1.698,3.5,1.67,0.7,1,2.61
5/26/2023,7.65765,80.72676,124.9,380.6,6.69,1.913,3.5,1.67,0.7,1,3.8
11/6/2023,7.65765,80.72676,2.1,6.1,2.05,-0.046,3.5,1.67,0.7,0,0
11/21/2023,7.65765,80.72676,0.1,1.1,2.01,-0.055,3.5,1.67,0.7,0,0
11/26/2023,7.65765,80.72676,0.8,14.1,2.26,-0.054,3.5,1.67,0.7,0,0
5/11/2024,7.65765,80.72676,6.4,23.4,2.42,0.001,3.5,1.67,0.7,0,0
5/12/2024,7.65765,80.72676,98,251,4.91,1.265,3.5,1.67,0.7,1,2.86
11/8/2024,7.65765,80.72676,4.3,9,1.93,-0.092,3.5,1.67,0.7,0,0
12/15/2024,7.65765,80.72676,61.5,136.8,3.65,0.76,3.5,1.67,0.7,1,1.41
10/9/2016,8.30675,80.26577,0.4,2.5,1,-0.267,72.3,0.58,3.22,0,0
10/21/2016,8.30675,80.26577,39.1,90.7,2.67,0.373,72.3,0.58,3.22,0,0
11/16/2016,8.30675,80.26577,5.4,13,1.94,0.028,72.3,0.58,3.22,0,0
11/19/2016,8.30675,80.26577,5.7,31.2,1.31,-0.13,72.3,0.58,3.22,0,0
5/21/2017,8.30675,80.26577,9,24.3,1.59,-0.059,72.3,0.58,3.22,0,0
5/30/2017,8.30675,80.26577,1.7,3.8,1.18,-0.151,72.3,0.58,3.22,0,0
11/4/2017,8.30675,80.26577,1.5,6.6,1.49,-0.12,72.3,0.58,3.22,0,0
11/7/2017,8.30675,80.26577,3.1,10.2,1.38,-0.183,72.3,0.58,3.22,0,0
11/12/2017,8.30675,80.26577,71.1,144.3,3.5,1.012,72.3,0.58,3.22,0,0
11/25/2017,8.30675,80.26577,5.5,14.9,1.74,0.019,72.3,0.58,3.22,0,0
12/1/2017,8.30675,80.26577,0.3,0.7,1.23,-0.197,72.3,0.58,3.22,0,0
5/11/2018,8.30675,80.26577,9.5,27.8,1.63,0.03,72.3,0.58,3.22,0,0
10/5/2018,8.30675,80.26577,20.1,43.1,1.41,0.196,72.3,0.58,3.22,0,0
12/12/2018,8.30675,80.26577,22.7,64.3,2.16,0.208,72.3,0.58,3.22,0,0
12/16/2018,8.30675,80.26577,4.2,24.9,1.91,-0.126,72.3,0.58,3.22,0,0
12/24/2018,8.30675,80.26577,7.3,20.5,1.33,-0.044,72.3,0.58,3.22,0,0
10/6/2019,8.30675,80.26577,0.8,2.6,0.95,-0.163,72.3,0.58,3.22,0,0
10/26/2019,8.30675,80.26577,3.9,12.5,1.89,-0.04,72.3,0.58,3.22,0,0
10/29/2019,8.30675,80.26577,0.2,5.6,1.52,-0.011,72.3,0.58,3.22,0,0
11/29/2019,8.30675,80.26577,1.6,5.3,1.49,-0.179,72.3,0.58,3.22,0,0
11/30/2019,8.30675,80.26577,0.8,6.1,1.52,-0.283,72.3,0.58,3.22,0,0
10/4/2020,8.30675,80.26577,70.1,192.8,3.29,0.993,72.3,0.58,3.22,0,0
11/2/2020,8.30675,80.26577,59.7,183,3.49,0.9,72.3,0.58,3.22,0,0
12/12/2020,8.30675,80.26577,3.8,21.3,2.24,-0.04,72.3,0.58,3.22,0,0
5/9/2021,8.30675,80.26577,28.1,84.1,2.08,0.236,72.3,0.58,3.22,0,0
10/2/2021,8.30675,80.26577,0,2.8,1.21,-0.197,72.3,0.58,3.22,0,0
10/26/2021,8.30675,80.26577,16.3,46.3,2.27,-0.051,72.3,0.58,3.22,0,0
12/24/2021,8.30675,80.26577,0.5,3.6,1.81,0.041,72.3,0.58,3.22,0,0
5/28/2022,8.30675,80.26577,0,2.1,1,-0.243,72.3,0.58,3.22,0,0
10/3/2022,8.30675,80.26577,3,14.1,1.57,0.079,72.3,0.58,3.22,0,0
10/19/2022,8.30675,80.26577,3.1,10.1,1.96,0.107,72.3,0.58,3.22,0,0
10/31/2022,8.30675,80.26577,0.6,7.6,1.45,-0.002,72.3,0.58,3.22,0,0
11/1/2022,8.30675,80.26577,26,50.8,1.89,0.267,72.3,0.58,3.22,0,0
11/11/2022,8.30675,80.26577,114.6,285.5,4.8,1.688,72.3,0.58,3.22,0,0
11/13/2022,8.30675,80.26577,1.1,5.6,1.91,-0.211,72.3,0.58,3.22,0,0
11/26/2022,8.30675,80.26577,63.1,173.3,3.47,0.822,72.3,0.58,3.22,0,0
5/15/2023,8.30675,80.26577,20.2,51.1,1.52,0.156,72.3,0.58,3.22,0,0
5/26/2023,8.30675,80.26577,0.3,2.7,1.52,0.134,72.3,0.58,3.22,0,0
11/6/2023,8.30675,80.26577,8.9,26.1,2.18,0.112,72.3,0.58,3.22,0,0
11/21/2023,8.30675,80.26577,1.4,8.9,1.22,0.075,72.3,0.58,3.22,0,0
11/26/2023,8.30675,80.26577,13.3,37.6,1.43,0.118,72.3,0.58,3.22,0,0
5/11/2024,8.30675,80.26577,1.3,5,1.34,0.108,72.3,0.58,3.22,0,0
5/12/2024,8.30675,80.26577,5.3,15.9,1.79,-0.03,72.3,0.58,3.22,0,0
11/8/2024,8.30675,80.26577,109.4,256.4,4.15,1.567,72.3,0.58,3.22,1,1.91
12/15/2024,8.30675,80.26577,52.3,152.8,3.17,0.84,72.3,0.58,3.22,0,0
10/9/2016,7.22776,80.8135,0,0.3,1.07,-0.097,60.3,0.93,0.22,0,0
10/21/2016,7.22776,80.8135,12.2,33.8,1.66,-0.099,60.3,0.93,0.22,0,0
11/16/2016,7.22776,80.8135,20.4,42.8,0.69,0.218,60.3,0.93,0.22,0,0
11/19/2016,7.22776,80.8135,6.2,19.1,1.18,0.167,60.3,0.93,0.22,0,0
5/21/2017,7.22776,80.8135,0.8,3,1,-0.189,60.3,0.93,0.22,0,0
5/30/2017,7.22776,80.8135,4.6,13,0.83,-0.067,60.3,0.93,0.22,0,0
11/4/2017,7.22776,80.8135,64.4,158.3,3.25,0.96,60.3,0.93,0.22,0,0
11/7/2017,7.22776,80.8135,0.6,11.3,1.67,-0.182,60.3,0.93,0.22,0,0
11/12/2017,7.22776,80.8135,102.7,253.3,4.12,1.338,60.3,0.93,0.22,0,0
11/25/2017,7.22776,80.8135,0.3,1.8,1.02,0.063,60.3,0.93,0.22,0,0
12/1/2017,7.22776,80.8135,9.1,26.3,0.97,-0.046,60.3,0.93,0.22,0,0
5/11/2018,7.22776,80.8135,6.1,21.4,1.09,0.064,60.3,0.93,0.22,0,0
10/5/2018,7.22776,80.8135,12.8,25.5,1.66,-0.124,60.3,0.93,0.22,0,0
12/12/2018,7.22776,80.8135,15.6,36.3,1.67,0.084,60.3,0.93,0.22,0,0
12/16/2018,7.22776,80.8135,2.2,11.3,1.14,0.003,60.3,0.93,0.22,0,0
12/24/2018,7.22776,80.8135,11.1,29.1,1.11,-0.033,60.3,0.93,0.22,0,0
10/6/2019,7.22776,80.8135,0.6,5.2,1.56,-0.017,60.3,0.93,0.22,0,0
10/26/2019,7.22776,80.8135,1.4,3.4,0.88,0.167,60.3,0.93,0.22,0,0
10/29/2019,7.22776,80.8135,10.5,28.2,1.09,0.231,60.3,0.93,0.22,0,0
11/29/2019,7.22776,80.8135,0.4,21.5,0.82,-0.013,60.3,0.93,0.22,0,0
11/30/2019,7.22776,80.8135,0,5.1,1.12,-0.301,60.3,0.93,0.22,0,0
10/4/2020,7.22776,80.8135,0,0.3,1.47,0.073,60.3,0.93,0.22,0,0
11/2/2020,7.22776,80.8135,0.1,15.9,0.73,0.122,60.3,0.93,0.22,0,0
12/12/2020,7.22776,80.8135,0,0.8,1.29,0.066,60.3,0.93,0.22,0,0
5/9/2021,7.22776,80.8135,5,11.5,0.74,-0.213,60.3,0.93,0.22,0,0
10/2/2021,7.22776,80.8135,0.1,0.6,1.17,-0.269,60.3,0.93,0.22,0,0
10/26/2021,7.22776,80.8135,3.6,10.7,0.75,-0.271,60.3,0.93,0.22,0,0
12/24/2021,7.22776,80.8135,142.8,365.2,5.01,2.255,60.3,0.93,0.22,1,2.55
5/28/2022,7.22776,80.8135,12.4,40.9,1.45,0.196,60.3,0.93,0.22,0,0
10/3/2022,7.22776,80.8135,0.2,4.3,0.94,-0.04,60.3,0.93,0.22,0,0
10/19/2022,7.22776,80.8135,1.8,10.3,0.51,0.018,60.3,0.93,0.22,0,0
10/31/2022,7.22776,80.8135,2.1,18.9,0.95,-0.081,60.3,0.93,0.22,0,0
11/1/2022,7.22776,80.8135,0.3,4,0.44,-0.233,60.3,0.93,0.22,0,0
11/11/2022,7.22776,80.8135,6,17,1.3,-0.089,60.3,0.93,0.22,0,0
11/13/2022,7.22776,80.8135,10.9,29.7,1.4,0.128,60.3,0.93,0.22,0,0
11/26/2022,7.22776,80.8135,43.3,111.3,2.26,0.45,60.3,0.93,0.22,0,0
5/15/2023,7.22776,80.8135,1.6,8.6,1.57,0.011,60.3,0.93,0.22,0,0
5/26/2023,7.22776,80.8135,0.6,5.2,1.21,0.002,60.3,0.93,0.22,0,0
11/6/2023,7.22776,80.8135,5.3,12.8,1.41,-0.07,60.3,0.93,0.22,0,0
11/21/2023,7.22776,80.8135,3.9,10,0.49,-0.196,60.3,0.93,0.22,0,0
11/26/2023,7.22776,80.8135,0.1,1.8,0.83,-0.099,60.3,0.93,0.22,0,0
5/11/2024,7.22776,80.8135,0.5,3.1,0.44,-0.099,60.3,0.93,0.22,0,0
5/12/2024,7.22776,80.8135,1.2,19.4,0.86,0.192,60.3,0.93,0.22,0,0
11/8/2024,7.22776,80.8135,7.4,18.9,0.55,-0.055,60.3,0.93,0.22,0,0
12/15/2024,7.22776,80.8135,2.6,6,0.17,0.007,60.3,0.93,0.22,0,0
10/9/2016,6.31095,79.8049,0.5,25.3,3.02,-0.009,1.5,0.05,5.33,0,0
10/21/2016,6.31095,79.8049,76.2,192.9,4.69,1.13,1.5,0.05,5.33,1,1.83
11/16/2016,6.31095,79.8049,56.6,191.4,4.2,0.873,1.5,0.05,5.33,0,0
11/19/2016,6.31095,79.8049,29.6,72.8,2.74,0.148,1.5,0.05,5.33,0,0
5/21/2017,6.31095,79.8049,6.5,18.7,1.7,0.025,1.5,0.05,5.33,0,0
5/30/2017,6.31095,79.8049,6.5,19.6,2.19,0.067,1.5,0.05,5.33,0,0
11/4/2017,6.31095,79.8049,5.8,27.8,2.37,-0.281,1.5,0.05,5.33,0,0
11/7/2017,6.31095,79.8049,76,190.8,4.86,0.979,1.5,0.05,5.33,0,0
11/12/2017,6.31095,79.8049,2.5,12.2,3.06,-0.252,1.5,0.05,5.33,0,0
11/25/2017,6.31095,79.8049,31.3,67.7,3.37,0.429,1.5,0.05,5.33,0,0
12/1/2017,6.31095,79.8049,0.1,1,2.41,-0.012,1.5,0.05,5.33,0,0
5/11/2018,6.31095,79.8049,1.1,4.3,2.48,-0.139,1.5,0.05,5.33,0,0
10/5/2018,6.31095,79.8049,0.9,6,1.95,-0.183,1.5,0.05,5.33,0,0
12/12/2018,6.31095,79.8049,13.4,38.6,2.62,0.08,1.5,0.05,5.33,0,0
12/16/2018,6.31095,79.8049,1.9,5.3,2.4,-0.097,1.5,0.05,5.33,0,0
12/24/2018,6.31095,79.8049,21.9,39.2,2.77,0.124,1.5,0.05,5.33,0,0
10/6/2019,6.31095,79.8049,0.3,0.9,2.42,0.02,1.5,0.05,5.33,0,0
10/26/2019,6.31095,79.8049,41.5,94.9,3.34,0.447,1.5,0.05,5.33,0,0
10/29/2019,6.31095,79.8049,12.6,38.6,2.36,-0.039,1.5,0.05,5.33,0,0
11/29/2019,6.31095,79.8049,69.5,170.4,4.03,0.847,1.5,0.05,5.33,1,1.91
11/30/2019,6.31095,79.8049,2.2,8.5,2.55,-0.091,1.5,0.05,5.33,0,0
10/4/2020,6.31095,79.8049,78.8,191.3,4.03,1.025,1.5,0.05,5.33,0,0
11/2/2020,6.31095,79.8049,20.9,49.4,2.86,0.245,1.5,0.05,5.33,0,0
12/12/2020,6.31095,79.8049,1.3,5.1,2.59,-0.284,1.5,0.05,5.33,0,0
5/9/2021,6.31095,79.8049,0.6,1.8,2.27,0.013,1.5,0.05,5.33,0,0
10/2/2021,6.31095,79.8049,1.2,2.3,1.83,-0.234,1.5,0.05,5.33,0,0
10/26/2021,6.31095,79.8049,0.2,9.5,2.11,-0.043,1.5,0.05,5.33,0,0
12/24/2021,6.31095,79.8049,75.3,162.6,3.9,0.977,1.5,0.05,5.33,0,0
5/28/2022,6.31095,79.8049,3.5,12.5,2.8,-0.275,1.5,0.05,5.33,0,0
10/3/2022,6.31095,79.8049,7,22.6,1.54,-0.027,1.5,0.05,5.33,0,0
10/19/2022,6.31095,79.8049,59.4,165.7,4.68,0.927,1.5,0.05,5.33,1,1.88
10/31/2022,6.31095,79.8049,1.6,7.5,2.2,-0.113,1.5,0.05,5.33,0,0
11/1/2022,6.31095,79.8049,3.5,19.7,2.4,0.15,1.5,0.05,5.33,0,0
11/11/2022,6.31095,79.8049,6.2,21.6,1.98,0.149,1.5,0.05,5.33,0,0
11/13/2022,6.31095,79.8049,2.9,9.2,2.88,-0.084,1.5,0.05,5.33,0,0
11/26/2022,6.31095,79.8049,0,9.8,2.08,-0.02,1.5,0.05,5.33,0,0
5/15/2023,6.31095,79.8049,49.6,142.3,3.75,0.603,1.5,0.05,5.33,0,0
5/26/2023,6.31095,79.8049,0.5,2.5,2.18,0.042,1.5,0.05,5.33,1,0.65
11/6/2023,6.31095,79.8049,3.5,12.3,2.42,-0.169,1.5,0.05,5.33,0,0
11/21/2023,6.31095,79.8049,68.9,141.8,3.62,0.893,1.5,0.05,5.33,0,0
11/26/2023,6.31095,79.8049,1,10.1,2.45,-0.029,1.5,0.05,5.33,0,0
5/11/2024,6.31095,79.8049,3.1,5.9,1.99,-0.12,1.5,0.05,5.33,0,0
5/12/2024,6.31095,79.8049,0.7,11.7,1.71,-0.128,1.5,0.05,5.33,0,0
11/8/2024,6.31095,79.8049,0.3,9,2.47,-0.079,1.5,0.05,5.33,0,0
12/15/2024,6.31095,79.8049,0.4,3.9,2.04,-0.126,1.5,0.05,5.33,0,0
10/9/2016,7.85444,79.81723,55.8,117.9,2.31,0.622,19.5,5.99,1.91,0,0
10/21/2016,7.85444,79.81723,1,15.1,0.98,-0.149,19.5,5.99,1.91,0,0
11/16/2016,7.85444,79.81723,2.5,9.6,1.04,-0.126,19.5,5.99,1.91,0,0
11/19/2016,7.85444,79.81723,4.5,11.1,1.2,-0.062,19.5,5.99,1.91,0,0
5/21/2017,7.85444,79.81723,9.1,31.9,1.6,0.143,19.5,5.99,1.91,0,0
5/30/2017,7.85444,79.81723,0,1.9,1.64,0.033,19.5,5.99,1.91,0,0
11/4/2017,7.85444,79.81723,0.4,1.7,0.63,-0.227,19.5,5.99,1.91,0,0
11/7/2017,7.85444,79.81723,5.7,21,0.73,0.037,19.5,5.99,1.91,0,0
11/12/2017,7.85444,79.81723,0.8,3.5,0.92,-0.082,19.5,5.99,1.91,0,0
11/25/2017,7.85444,79.81723,3.5,10.9,1.34,-0.159,19.5,5.99,1.91,0,0
12/1/2017,7.85444,79.81723,6.3,16.1,1.13,0.103,19.5,5.99,1.91,0,0
5/11/2018,7.85444,79.81723,0,0.1,1.31,-0.176,19.5,5.99,1.91,0,0
10/5/2018,7.85444,79.81723,0.6,1.9,1.1,-0.06,19.5,5.99,1.91,0,0
12/12/2018,7.85444,79.81723,25.9,69.1,1.56,0.299,19.5,5.99,1.91,1,0.28
12/16/2018,7.85444,79.81723,0.7,9.2,0.5,0.007,19.5,5.99,1.91,0,0
12/24/2018,7.85444,79.81723,0,12.7,1.4,-0.065,19.5,5.99,1.91,0,0
10/6/2019,7.85444,79.81723,68.4,180.6,2.79,0.931,19.5,5.99,1.91,1,1.58
10/26/2019,7.85444,79.81723,2.1,10,1.39,0.142,19.5,5.99,1.91,0,0
10/29/2019,7.85444,79.81723,192.6,428.4,6.73,2.3,19.5,5.99,1.91,1,3.55
11/29/2019,7.85444,79.81723,3.7,9.5,1.12,-0.319,19.5,5.99,1.91,0,0
11/30/2019,7.85444,79.81723,0.8,10.5,1.23,-0.039,19.5,5.99,1.91,0,0
10/4/2020,7.85444,79.81723,9.1,24.6,1.41,-0.033,19.5,5.99,1.91,0,0
11/2/2020,7.85444,79.81723,0,0.4,1.19,-0.214,19.5,5.99,1.91,0,0
12/12/2020,7.85444,79.81723,1.8,6.9,0.88,-0.258,19.5,5.99,1.91,0,0
5/9/2021,7.85444,79.81723,2.2,8.5,1.41,0.04,19.5,5.99,1.91,0,0
10/2/2021,7.85444,79.81723,1.1,3.4,0.7,-0.089,19.5,5.99,1.91,0,0
10/26/2021,7.85444,79.81723,0.5,2.6,1.17,-0.368,19.5,5.99,1.91,0,0
12/24/2021,7.85444,79.81723,1.1,3.5,0.52,0.019,19.5,5.99,1.91,0,0
5/28/2022,7.85444,79.81723,28.1,80,2.13,0.292,19.5,5.99,1.91,0,0
10/3/2022,7.85444,79.81723,13.7,40.8,0.8,0.127,19.5,5.99,1.91,0,0
10/19/2022,7.85444,79.81723,1.2,5.2,0.8,-0.079,19.5,5.99,1.91,0,0
10/31/2022,7.85444,79.81723,8.4,24.7,1.34,0.011,19.5,5.99,1.91,0,0
11/1/2022,7.85444,79.81723,47.5,131.3,2.48,0.754,19.5,5.99,1.91,0,0
11/11/2022,7.85444,79.81723,3.1,7.8,1.31,-0.238,19.5,5.99,1.91,0,0
11/13/2022,7.85444,79.81723,1,9.9,1.17,-0.195,19.5,5.99,1.91,0,0
11/26/2022,7.85444,79.81723,12,28.1,1.13,-0.024,19.5,5.99,1.91,0,0
5/15/2023,7.85444,79.81723,6.2,14.4,1.08,0.048,19.5,5.99,1.91,0,0
5/26/2023,7.85444,79.81723,4.1,19.4,1.48,-0.167,19.5,5.99,1.91,0,0
11/6/2023,7.85444,79.81723,10.9,31.9,0.85,0.208,19.5,5.99,1.91,0,0
11/21/2023,7.85444,79.81723,0,0.8,1.44,0.005,19.5,5.99,1.91,0,0
11/26/2023,7.85444,79.81723,6.4,24.7,0.4,0.003,19.5,5.99,1.91,0,0
5/11/2024,7.85444,79.81723,0.2,1.9,1.49,-0.193,19.5,5.99,1.91,0,0
5/12/2024,7.85444,79.81723,12.9,32.2,1.4,-0.042,19.5,5.99,1.91,0,0
11/8/2024,7.85444,79.81723,23.7,62.1,1.95,0.218,19.5,5.99,1.91,0,0
12/15/2024,7.85444,79.81723,14.1,40,1.27,0.023,19.5,5.99,1.91,0,0
10/9/2016,7.97804,81.23068,66.2,147.7,4.09,0.903,13.6,0.3,1.83,1,1.68
10/21/2016,7.97804,81.23068,146.4,293,5.82,2.128,13.6,0.3,1.83,1,3.65
11/16/2016,7.97804,81.23068,59.9,107.8,4.4,0.565,13.6,0.3,1.83,1,1.39
11/19/2016,7.97804,81.23068,1.5,3.2,2.2,-0.35,13.6,0.3,1.83,0,0
5/21/2017,7.97804,81.23068,0.2,3.7,2.66,-0.049,13.6,0.3,1.83,0,0
5/30/2017,7.97804,81.23068,5.3,14.2,1.76,-0.205,13.6,0.3,1.83,0,0
11/4/2017,7.97804,81.23068,0.8,2.8,1.87,-0.186,13.6,0.3,1.83,0,0
11/7/2017,7.97804,81.23068,20,52.2,3.7,0.09,13.6,0.3,1.83,0,0
11/12/2017,7.97804,81.23068,1.9,6,2.49,-0.223,13.6,0.3,1.83,0,0
11/25/2017,7.97804,81.23068,5.6,18.3,2.98,0.1,13.6,0.3,1.83,0,0
12/1/2017,7.97804,81.23068,0,0.2,2.05,-0.21,13.6,0.3,1.83,0,0
5/11/2018,7.97804,81.23068,9.3,65.6,2.66,0.202,13.6,0.3,1.83,0,0
10/5/2018,7.97804,81.23068,4.1,16.7,2.22,-0.082,13.6,0.3,1.83,0,0
12/12/2018,7.97804,81.23068,3.7,6.7,2.33,0.132,13.6,0.3,1.83,0,0
12/16/2018,7.97804,81.23068,5,19,1.96,-0.407,13.6,0.3,1.83,0,0
12/24/2018,7.97804,81.23068,67.4,117.1,3.61,0.874,13.6,0.3,1.83,1,1.48
10/6/2019,7.97804,81.23068,0.1,16.1,1.88,0.011,13.6,0.3,1.83,0,0
10/26/2019,7.97804,81.23068,60.1,155.7,3.9,0.668,13.6,0.3,1.83,0,0
10/29/2019,7.97804,81.23068,16.4,35.6,2.41,0.034,13.6,0.3,1.83,0,0
11/29/2019,7.97804,81.23068,27.6,92.2,3.41,0.15,13.6,0.3,1.83,0,0
11/30/2019,7.97804,81.23068,0.3,0.9,2.81,-0.231,13.6,0.3,1.83,0,0
10/4/2020,7.97804,81.23068,99.8,215.8,5.21,1.138,13.6,0.3,1.83,1,2.46
11/2/2020,7.97804,81.23068,9.9,28.8,2.9,0.03,13.6,0.3,1.83,0,0
12/12/2020,7.97804,81.23068,82.3,213.7,4.77,1.166,13.6,0.3,1.83,1,1.98
5/9/2021,7.97804,81.23068,1.7,12.6,2.51,0.295,13.6,0.3,1.83,0,0
10/2/2021,7.97804,81.23068,3.1,9,2.14,0.073,13.6,0.3,1.83,0,0
10/26/2021,7.97804,81.23068,0.3,1.8,2.6,-0.452,13.6,0.3,1.83,0,0
12/24/2021,7.97804,81.23068,1.4,5.7,2.6,-0.185,13.6,0.3,1.83,0,0
5/28/2022,7.97804,81.23068,0,1,1.71,-0.266,13.6,0.3,1.83,0,0
10/3/2022,7.97804,81.23068,62.7,156.8,4.04,0.92,13.6,0.3,1.83,0,0
10/19/2022,7.97804,81.23068,0.4,3.1,1.9,-0.019,13.6,0.3,1.83,0,0
10/31/2022,7.97804,81.23068,2.7,11.6,2.35,-0.061,13.6,0.3,1.83,0,0
11/1/2022,7.97804,81.23068,0.2,2.3,1.95,-0.189,13.6,0.3,1.83,0,0
11/11/2022,7.97804,81.23068,0.7,4.9,3.28,-0.317,13.6,0.3,1.83,0,0
11/13/2022,7.97804,81.23068,12.1,49.7,3.13,0.087,13.6,0.3,1.83,0,0
11/26/2022,7.97804,81.23068,83.9,211.8,5.12,1.318,13.6,0.3,1.83,1,2.14
5/15/2023,7.97804,81.23068,0.9,2.3,2.13,-0.188,13.6,0.3,1.83,0,0
5/26/2023,7.97804,81.23068,0,6.1,2.25,-0.146,13.6,0.3,1.83,0,0
11/6/2023,7.97804,81.23068,1.1,3.8,2.96,-0.215,13.6,0.3,1.83,0,0
11/21/2023,7.97804,81.23068,3.2,7.9,2.64,0.018,13.6,0.3,1.83,0,0
11/26/2023,7.97804,81.23068,3.4,12.9,3.17,-0.073,13.6,0.3,1.83,0,0
5/11/2024,7.97804,81.23068,3.7,10.1,2.44,-0.284,13.6,0.3,1.83,0,0
5/12/2024,7.97804,81.23068,5.6,24.3,2.45,-0.258,13.6,0.3,1.83,0,0
11/8/2024,7.97804,81.23068,59.4,151.5,4.66,0.966,13.6,0.3,1.83,0,0
12/15/2024,7.97804,81.23068,9.1,29.5,3.44,-0.087,13.6,0.3,1.83,0,0
10/9/2016,7.45932,80.39834,93.1,179.3,3.27,1.465,6.4,1.96,2.51,0,0
10/21/2016,7.45932,80.39834,2.1,6.3,1.07,-0.039,6.4,1.96,2.51,0,0
11/16/2016,7.45932,80.39834,9.6,25.9,2.25,0.297,6.4,1.96,2.51,0,0
11/19/2016,7.45932,80.39834,7.3,22,1.65,0.006,6.4,1.96,2.51,0,0
5/21/2017,7.45932,80.39834,8.5,19.6,0.94,-0.192,6.4,1.96,2.51,0,0
5/30/2017,7.45932,80.39834,0.1,0.3,0.81,-0.225,6.4,1.96,2.51,0,0
11/4/2017,7.45932,80.39834,3,7.6,0.41,-0.087,6.4,1.96,2.51,0,0
11/7/2017,7.45932,80.39834,81.7,227.1,2.95,1.302,6.4,1.96,2.51,1,2.01
11/12/2017,7.45932,80.39834,6.3,22.2,2.05,-0.198,6.4,1.96,2.51,0,0
11/25/2017,7.45932,80.39834,80.3,204.2,3.62,1.296,6.4,1.96,2.51,1,1.97
12/1/2017,7.45932,80.39834,0.1,5.8,1.91,-0.161,6.4,1.96,2.51,0,0
5/11/2018,7.45932,80.39834,3.1,9.7,1.23,-0.082,6.4,1.96,2.51,0,0
10/5/2018,7.45932,80.39834,1.2,4.8,1.15,-0.106,6.4,1.96,2.51,0,0
12/12/2018,7.45932,80.39834,1,6.7,1.44,0.057,6.4,1.96,2.51,0,0
12/16/2018,7.45932,80.39834,0.2,1.2,1.23,-0.069,6.4,1.96,2.51,0,0
12/24/2018,7.45932,80.39834,3.7,17,1.2,0.083,6.4,1.96,2.51,0,0
10/6/2019,7.45932,80.39834,1.6,4.6,1.43,-0.268,6.4,1.96,2.51,0,0
10/26/2019,7.45932,80.39834,0.2,0.7,1.24,-0.389,6.4,1.96,2.51,0,0
10/29/2019,7.45932,80.39834,23.8,77.3,2.43,0.214,6.4,1.96,2.51,0,0
11/29/2019,7.45932,80.39834,2.7,20.2,1.8,-0.175,6.4,1.96,2.51,0,0
11/30/2019,7.45932,80.39834,76.2,166.2,2.98,1.02,6.4,1.96,2.51,0,0
10/4/2020,7.45932,80.39834,1.4,4,1.56,-0.255,6.4,1.96,2.51,0,0
11/2/2020,7.45932,80.39834,188.4,464.6,6.63,2.3,6.4,1.96,2.51,1,3.8
12/12/2020,7.45932,80.39834,2.3,6,1.32,0.008,6.4,1.96,2.51,0,0
5/9/2021,7.45932,80.39834,3.9,9.3,1.11,-0.122,6.4,1.96,2.51,0,0
10/2/2021,7.45932,80.39834,0.5,5.5,0.56,0.016,6.4,1.96,2.51,0,0
10/26/2021,7.45932,80.39834,2.7,12,1.36,0.026,6.4,1.96,2.51,0,0
12/24/2021,7.45932,80.39834,33.6,72.4,1.72,0.454,6.4,1.96,2.51,0,0
5/28/2022,7.45932,80.39834,1.4,9.1,1.27,-0.104,6.4,1.96,2.51,0,0
10/3/2022,7.45932,80.39834,17.5,50.3,1.87,0.081,6.4,1.96,2.51,0,0
10/19/2022,7.45932,80.39834,0.7,3.4,0.37,-0.158,6.4,1.96,2.51,0,0
10/31/2022,7.45932,80.39834,9.8,25.6,2.23,0.09,6.4,1.96,2.51,0,0
11/1/2022,7.45932,80.39834,48.4,125,2.79,0.424,6.4,1.96,2.51,1,1.49
11/11/2022,7.45932,80.39834,53.9,122.4,2.7,0.505,6.4,1.96,2.51,0,0
11/13/2022,7.45932,80.39834,0.5,1.5,1.13,-0.375,6.4,1.96,2.51,0,0
11/26/2022,7.45932,80.39834,1.5,9.6,1.4,-0.119,6.4,1.96,2.51,0,0
5/15/2023,7.45932,80.39834,28.8,70.5,1.73,0.163,6.4,1.96,2.51,0,0
5/26/2023,7.45932,80.39834,12.6,33.9,1.92,0.194,6.4,1.96,2.51,0,0
11/6/2023,7.45932,80.39834,33.7,95.8,2.35,0.603,6.4,1.96,2.51,0,0
11/21/2023,7.45932,80.39834,19.7,47.3,1.62,0.214,6.4,1.96,2.51,0,0
11/26/2023,7.45932,80.39834,4.6,12.3,1.08,0.086,6.4,1.96,2.51,0,0
5/11/2024,7.45932,80.39834,79.9,189.2,2.92,1.238,6.4,1.96,2.51,1,1.66
5/12/2024,7.45932,80.39834,1.1,4.3,1.49,-0.172,6.4,1.96,2.51,0,0
11/8/2024,7.45932,80.39834,1.8,4.9,1.21,-0.267,6.4,1.96,2.51,0,0
12/15/2024,7.45932,80.39834,2.3,5.9,1.25,-0.192,6.4,1.96,2.51,0,0
10/9/2016,8.00451,79.97871,20.9,56.8,0.81,0.285,18.9,0.78,4.88,0,0
10/21/2016,8.00451,79.97871,2.2,7.5,0.44,-0.091,18.9,0.78,4.88,0,0
11/16/2016,8.00451,79.97871,0,1.9,0.93,-0.116,18.9,0.78,4.88,0,0
11/19/2016,8.00451,79.97871,1.2,8.6,0.91,-0.1,18.9,0.78,4.88,0,0
5/21/2017,8.00451,79.97871,0.3,0.9,0.34,-0.091,18.9,0.78,4.88,0,0
5/30/2017,8.00451,79.97871,7.7,36.6,0.83,0.079,18.9,0.78,4.88,0,0
11/4/2017,8.00451,79.97871,51.2,137.5,2.56,0.593,18.9,0.78,4.88,0,0
11/7/2017,8.00451,79.97871,5,15.7,0.49,0.112,18.9,0.78,4.88,0,0
11/12/2017,8.00451,79.97871,7.7,19.1,1.2,0.202,18.9,0.78,4.88,0,0
11/25/2017,8.00451,79.97871,1.2,6.9,0.38,-0.124,18.9,0.78,4.88,0,0
12/1/2017,8.00451,79.97871,0.6,2,0.34,-0.035,18.9,0.78,4.88,0,0
5/11/2018,8.00451,79.97871,37.1,90,1.89,0.381,18.9,0.78,4.88,0,0
10/5/2018,8.00451,79.97871,7,17.4,1.36,0.213,18.9,0.78,4.88,0,0
12/12/2018,8.00451,79.97871,0.5,1.2,0.75,-0.148,18.9,0.78,4.88,0,0
12/16/2018,8.00451,79.97871,3.8,19,0.8,0.017,18.9,0.78,4.88,0,0
12/24/2018,8.00451,79.97871,5.8,15,0.69,-0.047,18.9,0.78,4.88,0,0
10/6/2019,8.00451,79.97871,0.1,1.9,1.01,-0.371,18.9,0.78,4.88,0,0
10/26/2019,8.00451,79.97871,0.8,7,0.56,-0.299,18.9,0.78,4.88,0,0
10/29/2019,8.00451,79.97871,0,2.9,0.41,-0.235,18.9,0.78,4.88,0,0
11/29/2019,8.00451,79.97871,10.8,28.5,0.55,0.072,18.9,0.78,4.88,0,0
11/30/2019,8.00451,79.97871,5.1,15.6,0.83,-0.057,18.9,0.78,4.88,0,0
10/4/2020,8.00451,79.97871,1.9,4.7,0.23,-0.107,18.9,0.78,4.88,0,0
11/2/2020,8.00451,79.97871,2.4,7.9,0.54,-0.088,18.9,0.78,4.88,0,0
12/12/2020,8.00451,79.97871,1,13.8,0.74,0.009,18.9,0.78,4.88,0,0
5/9/2021,8.00451,79.97871,0.9,3.2,0.31,-0.245,18.9,0.78,4.88,0,0
10/2/2021,8.00451,79.97871,0.1,10,0.05,-0.209,18.9,0.78,4.88,0,0
10/26/2021,8.00451,79.97871,258,545.6,7.12,2.3,18.9,0.78,4.88,1,3.8
12/24/2021,8.00451,79.97871,3.1,8.9,0.45,-0.061,18.9,0.78,4.88,0,0
5/28/2022,8.00451,79.97871,12.5,60.2,1.52,0.16,18.9,0.78,4.88,0,0
10/3/2022,8.00451,79.97871,2.3,5.9,0.43,-0.008,18.9,0.78,4.88,0,0
10/19/2022,8.00451,79.97871,99.3,266.2,3.84,1.426,18.9,0.78,4.88,1,2.07
10/31/2022,8.00451,79.97871,20.7,50.1,0.78,0.207,18.9,0.78,4.88,0,0
11/1/2022,8.00451,79.97871,0.9,3.6,0.74,-0.094,18.9,0.78,4.88,0,0
11/11/2022,8.00451,79.97871,93.2,198.7,2.57,1.049,18.9,0.78,4.88,0,0
11/13/2022,8.00451,79.97871,2.2,9.5,0.73,0.091,18.9,0.78,4.88,0,0
11/26/2022,8.00451,79.97871,1,7,0.61,-0.109,18.9,0.78,4.88,0,0
5/15/2023,8.00451,79.97871,2.4,9,0.05,0.07,18.9,0.78,4.88,0,0
5/26/2023,8.00451,79.97871,113.9,297.1,4.82,1.802,18.9,0.78,4.88,0,0
11/6/2023,8.00451,79.97871,6.2,25.4,1.66,0.001,18.9,0.78,4.88,0,0
11/21/2023,8.00451,79.97871,78.7,210,3.15,0.949,18.9,0.78,4.88,1,1.87
11/26/2023,8.00451,79.97871,0.6,8.4,0.67,-0.109,18.9,0.78,4.88,0,0
5/11/2024,8.00451,79.97871,90,265,4.59,1.52,18.9,0.78,4.88,1,2.28
5/12/2024,8.00451,79.97871,0,1.9,0.65,-0.081,18.9,0.78,4.88,0,0
11/8/2024,8.00451,79.97871,12.8,27.3,1.02,-0.121,18.9,0.78,4.88,0,0
12/15/2024,8.00451,79.97871,0.1,4,0.05,-0.073,18.9,0.78,4.88,0,0
10/9/2016,7.28387,80.69004,51.9,144,3.11,0.62,9,1.87,1.2,0,0
10/21/2016,7.28387,80.69004,7.5,20,2.08,-0.252,9,1.87,1.2,0,0
11/16/2016,7.28387,80.69004,0.5,5.6,0.99,-0.177,9,1.87,1.2,0,0
11/19/2016,7.28387,80.69004,0.9,3.2,1.34,-0.044,9,1.87,1.2,0,0
5/21/2017,7.28387,80.69004,4.8,19.8,1.49,-0.195,9,1.87,1.2,0,0
5/30/2017,7.28387,80.69004,75.7,217.6,3.55,1.288,9,1.87,1.2,1,1.86
11/4/2017,7.28387,80.69004,7.3,22.8,2,-0.048,9,1.87,1.2,0,0
11/7/2017,7.28387,80.69004,2.9,27.5,1.95,-0.043,9,1.87,1.2,0,0
11/12/2017,7.28387,80.69004,0.7,4.5,1.72,-0.187,9,1.87,1.2,0,0
11/25/2017,7.28387,80.69004,57.9,136.4,3.53,0.848,9,1.87,1.2,0,0
12/1/2017,7.28387,80.69004,36.1,107.5,2.67,0.278,9,1.87,1.2,0,0
5/11/2018,7.28387,80.69004,94.2,271.9,4.77,1.612,9,1.87,1.2,1,2.26
10/5/2018,7.28387,80.69004,4.7,10,1.35,-0.023,9,1.87,1.2,0,0
12/12/2018,7.28387,80.69004,117.3,253.3,4.64,1.828,9,1.87,1.2,1,2.29
12/16/2018,7.28387,80.69004,8.5,25.7,1.33,-0.226,9,1.87,1.2,0,0
12/24/2018,7.28387,80.69004,12.3,32.8,2.08,-0.012,9,1.87,1.2,0,0
10/6/2019,7.28387,80.69004,44.9,120.4,3.37,0.537,9,1.87,1.2,0,0
10/26/2019,7.28387,80.69004,2.4,7.3,1.82,-0.001,9,1.87,1.2,0,0
10/29/2019,7.28387,80.69004,34,62.3,2.17,0.43,9,1.87,1.2,0,0
11/29/2019,7.28387,80.69004,1.3,7.3,1.05,-0.108,9,1.87,1.2,0,0
11/30/2019,7.28387,80.69004,21.4,47.2,2.42,0.12,9,1.87,1.2,0,0
10/4/2020,7.28387,80.69004,0.3,2.1,1.17,-0.173,9,1.87,1.2,0,0
11/2/2020,7.28387,80.69004,8.1,18.7,1.83,-0.071,9,1.87,1.2,0,0
12/12/2020,7.28387,80.69004,2.5,6.3,1.86,-0.071,9,1.87,1.2,0,0
5/9/2021,7.28387,80.69004,15.1,40.6,1.64,0.182,9,1.87,1.2,0,0
10/2/2021,7.28387,80.69004,47.7,156.7,3.55,0.793,9,1.87,1.2,1,1.52
10/26/2021,7.28387,80.69004,43.2,101.3,2.43,0.499,9,1.87,1.2,0,0
12/24/2021,7.28387,80.69004,0.1,2.7,0.64,-0.148,9,1.87,1.2,0,0
5/28/2022,7.28387,80.69004,12.2,26.8,2.28,0.12,9,1.87,1.2,0,0
10/3/2022,7.28387,80.69004,0.1,4.5,2.1,-0.158,9,1.87,1.2,0,0
10/19/2022,7.28387,80.69004,12.4,29.9,1.78,0.187,9,1.87,1.2,0,0
10/31/2022,7.28387,80.69004,6,19.9,1.36,0.138,9,1.87,1.2,0,0
11/1/2022,7.28387,80.69004,8.1,24,1.65,-0.159,9,1.87,1.2,0,0
11/11/2022,7.28387,80.69004,6.2,22.9,1.64,-0.225,9,1.87,1.2,0,0
11/13/2022,7.28387,80.69004,70.8,136.5,2.8,0.946,9,1.87,1.2,1,1.15
11/26/2022,7.28387,80.69004,0.3,3.2,1.89,-0.005,9,1.87,1.2,0,0
5/15/2023,7.28387,80.69004,10.8,24.3,1.58,-0.197,9,1.87,1.2,0,0
5/26/2023,7.28387,80.69004,0,0.1,1.53,-0.122,9,1.87,1.2,0,0
11/6/2023,7.28387,80.69004,0.2,7.9,0.98,-0.043,9,1.87,1.2,0,0
11/21/2023,7.28387,80.69004,27.7,79.5,1.93,0.584,9,1.87,1.2,0,0
11/26/2023,7.28387,80.69004,1.9,8,1.63,-0.094,9,1.87,1.2,0,0
5/11/2024,7.28387,80.69004,2.7,6.7,1.66,-0.042,9,1.87,1.2,0,0
5/12/2024,7.28387,80.69004,1,6.6,1.18,-0.273,9,1.87,1.2,0,0
11/8/2024,7.28387,80.69004,0.6,15.2,1.3,-0.082,9,1.87,1.2,0,0
12/15/2024,7.28387,80.69004,0,1.2,1.11,-0.314,9,1.87,1.2,0,0
10/9/2016,7.35911,81.13599,2.7,7.9,2.88,-0.249,22.8,2.61,3.17,0,0
10/21/2016,7.35911,81.13599,0.7,11.7,2.25,0.127,22.8,2.61,3.17,0,0
11/16/2016,7.35911,81.13599,0.2,6,2.69,-0.011,22.8,2.61,3.17,0,0
11/19/2016,7.35911,81.13599,6.5,18.5,2.77,0.006,22.8,2.61,3.17,0,0
5/21/2017,7.35911,81.13599,6.1,22,2.25,0.187,22.8,2.61,3.17,0,0
5/30/2017,7.35911,81.13599,0,2.1,2.47,-0.072,22.8,2.61,3.17,0,0
11/4/2017,7.35911,81.13599,8.5,21.7,3.04,-0.06,22.8,2.61,3.17,0,0
11/7/2017,7.35911,81.13599,0.7,10.7,1.72,-0.051,22.8,2.61,3.17,0,0
11/12/2017,7.35911,81.13599,2.1,6,2.79,-0.098,22.8,2.61,3.17,0,0
11/25/2017,7.35911,81.13599,4.8,13.1,2.42,-0.14,22.8,2.61,3.17,0,0
12/1/2017,7.35911,81.13599,107.8,249.8,5.89,1.696,22.8,2.61,3.17,1,2.45
5/11/2018,7.35911,81.13599,11.8,41.9,3.33,-0.138,22.8,2.61,3.17,0,0
10/5/2018,7.35911,81.13599,17.2,56.7,2.82,0.132,22.8,2.61,3.17,0,0
12/12/2018,7.35911,81.13599,6.5,26.5,2.61,0.152,22.8,2.61,3.17,0,0
12/16/2018,7.35911,81.13599,0.9,5.9,2.37,-0.201,22.8,2.61,3.17,0,0
12/24/2018,7.35911,81.13599,0,10.2,2.79,0.108,22.8,2.61,3.17,0,0
10/6/2019,7.35911,81.13599,12.4,28.8,3.29,-0.27,22.8,2.61,3.17,0,0
10/26/2019,7.35911,81.13599,0,0,1.82,-0.228,22.8,2.61,3.17,0,0
10/29/2019,7.35911,81.13599,6.1,15,1.94,0.045,22.8,2.61,3.17,0,0
11/29/2019,7.35911,81.13599,18.3,41.3,3.54,0,22.8,2.61,3.17,0,0
11/30/2019,7.35911,81.13599,19.9,49.4,3.78,0.192,22.8,2.61,3.17,0,0
10/4/2020,7.35911,81.13599,78.5,206.8,5.2,1.06,22.8,2.61,3.17,0,0
11/2/2020,7.35911,81.13599,11,45.1,2.83,0.297,22.8,2.61,3.17,0,0
12/12/2020,7.35911,81.13599,1.7,6.6,2.09,0.13,22.8,2.61,3.17,0,0
5/9/2021,7.35911,81.13599,35.5,86.2,3.27,0.498,22.8,2.61,3.17,0,0
10/2/2021,7.35911,81.13599,22.7,50.2,3.24,0.293,22.8,2.61,3.17,0,0
10/26/2021,7.35911,81.13599,7.5,17.3,2.63,0.116,22.8,2.61,3.17,0,0
12/24/2021,7.35911,81.13599,52.5,135.4,4.1,0.734,22.8,2.61,3.17,1,1.19
5/28/2022,7.35911,81.13599,184.5,515.7,8.54,2.3,22.8,2.61,3.17,1,3.8
10/3/2022,7.35911,81.13599,1.3,4,2.08,-0.134,22.8,2.61,3.17,0,0
10/19/2022,7.35911,81.13599,0.9,2.3,2.83,-0.24,22.8,2.61,3.17,0,0
10/31/2022,7.35911,81.13599,4.9,13,2.42,-0.283,22.8,2.61,3.17,0,0
11/1/2022,7.35911,81.13599,0.1,0.7,1.91,-0.229,22.8,2.61,3.17,0,0
11/11/2022,7.35911,81.13599,5.7,21.7,2.47,0.142,22.8,2.61,3.17,0,0
11/13/2022,7.35911,81.13599,27.8,66.5,3.36,0.28,22.8,2.61,3.17,0,0
11/26/2022,7.35911,81.13599,9.7,26.4,3,0.175,22.8,2.61,3.17,0,0
5/15/2023,7.35911,81.13599,5.5,37.5,3.2,0.16,22.8,2.61,3.17,0,0
5/26/2023,7.35911,81.13599,1.8,8.7,2.75,-0.161,22.8,2.61,3.17,0,0
11/6/2023,7.35911,81.13599,0.1,9.7,2.79,-0.072,22.8,2.61,3.17,0,0
11/21/2023,7.35911,81.13599,0.8,14.4,2.03,-0.214,22.8,2.61,3.17,0,0
11/26/2023,7.35911,81.13599,141.6,276.1,5.25,1.959,22.8,2.61,3.17,0,0
5/11/2024,7.35911,81.13599,2.9,9.1,2.38,-0.039,22.8,2.61,3.17,0,0
5/12/2024,7.35911,81.13599,0.3,5,2.45,-0.017,22.8,2.61,3.17,0,0
11/8/2024,7.35911,81.13599,4.9,15.3,2.79,-0.137,22.8,2.61,3.17,0,0
12/15/2024,7.35911,81.13599,74.8,213.3,4.97,1.014,22.8,2.61,3.17,0,0
10/9/2016,7.11161,80.13848,72.2,203.3,3.3,0.913,3.8,3.98,2.34,0,0
10/21/2016,7.11161,80.13848,148.5,294.2,4.61,1.921,3.8,3.98,2.34,1,3.04
11/16/2016,7.11161,80.13848,1.1,3.7,0.7,-0.037,3.8,3.98,2.34,0,0
11/19/2016,7.11161,80.13848,155.5,319.9,4.11,2.156,3.8,3.98,2.34,1,3.06
5/21/2017,7.11161,80.13848,14.6,36.6,0.9,0.095,3.8,3.98,2.34,0,0
5/30/2017,7.11161,80.13848,7.8,17.5,1.22,-0.042,3.8,3.98,2.34,0,0
11/4/2017,7.11161,80.13848,26.5,93.1,1.73,0.423,3.8,3.98,2.34,0,0
11/7/2017,7.11161,80.13848,86.4,221.3,3.7,1.462,3.8,3.98,2.34,1,2.14
11/12/2017,7.11161,80.13848,72.8,202.1,3.06,0.79,3.8,3.98,2.34,0,0
11/25/2017,7.11161,80.13848,5.7,17.4,0.86,0.093,3.8,3.98,2.34,0,0
12/1/2017,7.11161,80.13848,3.7,25.3,0.67,-0.166,3.8,3.98,2.34,0,0
5/11/2018,7.11161,80.13848,67,176.6,2.97,0.865,3.8,3.98,2.34,0,0
10/5/2018,7.11161,80.13848,3.4,7.5,0.77,-0.148,3.8,3.98,2.34,0,0
12/12/2018,7.11161,80.13848,1.6,10.5,0.48,0.091,3.8,3.98,2.34,0,0
12/16/2018,7.11161,80.13848,59.2,172.6,2.76,0.988,3.8,3.98,2.34,1,1.83
12/24/2018,7.11161,80.13848,0,2.2,1.18,-0.121,3.8,3.98,2.34,0,0
10/6/2019,7.11161,80.13848,104.3,257,3.64,1.691,3.8,3.98,2.34,1,2.4
10/26/2019,7.11161,80.13848,51,157.3,2.53,0.858,3.8,3.98,2.34,0,0
10/29/2019,7.11161,80.13848,22.2,61.3,1.19,0.155,3.8,3.98,2.34,0,0
11/29/2019,7.11161,80.13848,7.2,12.8,1.23,-0.103,3.8,3.98,2.34,0,0
11/30/2019,7.11161,80.13848,2.8,11.2,0.84,-0.106,3.8,3.98,2.34,0,0
10/4/2020,7.11161,80.13848,43,117.6,2.04,0.758,3.8,3.98,2.34,0,0
11/2/2020,7.11161,80.13848,8.8,27.4,0.72,0.2,3.8,3.98,2.34,0,0
12/12/2020,7.11161,80.13848,2,5.8,1.5,-0.11,3.8,3.98,2.34,0,0
5/9/2021,7.11161,80.13848,7.1,23.3,1.03,0.149,3.8,3.98,2.34,0,0
10/2/2021,7.11161,80.13848,4.8,15,0.77,-0.13,3.8,3.98,2.34,0,0
10/26/2021,7.11161,80.13848,1.8,9.3,0.61,-0.149,3.8,3.98,2.34,0,0
12/24/2021,7.11161,80.13848,122.7,308.7,3.84,1.834,3.8,3.98,2.34,1,2.79
5/28/2022,7.11161,80.13848,64.2,142.1,2.39,0.763,3.8,3.98,2.34,0,0
10/3/2022,7.11161,80.13848,0.2,2.1,1.24,-0.272,3.8,3.98,2.34,0,0
10/19/2022,7.11161,80.13848,9.9,35.2,1.08,0.015,3.8,3.98,2.34,0,0
10/31/2022,7.11161,80.13848,23.5,49.4,1.79,0.202,3.8,3.98,2.34,0,0
11/1/2022,7.11161,80.13848,3.8,14.7,0.6,0.117,3.8,3.98,2.34,0,0
11/11/2022,7.11161,80.13848,1.1,4.6,0.83,-0.123,3.8,3.98,2.34,0,0
11/13/2022,7.11161,80.13848,64.4,107.7,2.53,0.686,3.8,3.98,2.34,1,1.4
11/26/2022,7.11161,80.13848,0.6,2.5,1.03,-0.088,3.8,3.98,2.34,1,0.15
5/15/2023,7.11161,80.13848,2,4,0.52,-0.081,3.8,3.98,2.34,0,0
5/26/2023,7.11161,80.13848,8.3,22.6,1.42,0.066,3.8,3.98,2.34,0,0
11/6/2023,7.11161,80.13848,33.5,81.1,1.05,0.389,3.8,3.98,2.34,0,0
11/21/2023,7.11161,80.13848,0.1,11.2,1.65,-0.137,3.8,3.98,2.34,0,0
11/26/2023,7.11161,80.13848,23.1,53.7,1.29,0.105,3.8,3.98,2.34,0,0
5/11/2024,7.11161,80.13848,5.5,18.4,0.78,0.112,3.8,3.98,2.34,0,0
5/12/2024,7.11161,80.13848,0.1,0.7,1.04,-0.321,3.8,3.98,2.34,0,0
11/8/2024,7.11161,80.13848,10.3,33.8,1.21,-0.042,3.8,3.98,2.34,0,0
12/15/2024,7.11161,80.13848,12.2,31.6,1.01,0.06,3.8,3.98,2.34,0,0
10/9/2016,6.06609,80.8712,0.2,15.1,0.71,-0.047,90.6,0.76,0.87,0,0
10/21/2016,6.06609,80.8712,211.4,388.6,4.96,2.3,90.6,0.76,0.87,1,2.74
11/16/2016,6.06609,80.8712,36.9,83.5,1.84,0.196,90.6,0.76,0.87,0,0
11/19/2016,6.06609,80.8712,4.5,18.1,0.53,0.009,90.6,0.76,0.87,0,0
5/21/2017,6.06609,80.8712,38.9,107.2,1.67,0.521,90.6,0.76,0.87,0,0
5/30/2017,6.06609,80.8712,5.7,16.8,0.45,-0.28,90.6,0.76,0.87,0,0
11/4/2017,6.06609,80.8712,99.2,257.4,3.67,1.357,90.6,0.76,0.87,0,0
11/7/2017,6.06609,80.8712,3.1,9.2,0.16,-0.103,90.6,0.76,0.87,0,0
11/12/2017,6.06609,80.8712,5.8,28.2,0.57,0.118,90.6,0.76,0.87,0,0
11/25/2017,6.06609,80.8712,4.5,16.4,1.36,-0.281,90.6,0.76,0.87,0,0
12/1/2017,6.06609,80.8712,1.3,11.6,0.72,-0.144,90.6,0.76,0.87,0,0
5/11/2018,6.06609,80.8712,2.3,8.5,0.88,0.009,90.6,0.76,0.87,0,0
10/5/2018,6.06609,80.8712,12.7,32.3,1.64,-0.027,90.6,0.76,0.87,0,0
12/12/2018,6.06609,80.8712,0.7,3.2,0.23,-0.251,90.6,0.76,0.87,0,0
12/16/2018,6.06609,80.8712,0.7,14.4,0.53,0.13,90.6,0.76,0.87,0,0
12/24/2018,6.06609,80.8712,1.2,3,0.85,-0.31,90.6,0.76,0.87,0,0
10/6/2019,6.06609,80.8712,0.1,2.2,0.5,-0.155,90.6,0.76,0.87,0,0
10/26/2019,6.06609,80.8712,0.2,6.2,0.82,-0.094,90.6,0.76,0.87,0,0
10/29/2019,6.06609,80.8712,0.2,1,1.05,-0.025,90.6,0.76,0.87,0,0
11/29/2019,6.06609,80.8712,9.6,38.8,1.32,0.151,90.6,0.76,0.87,0,0
11/30/2019,6.06609,80.8712,0.1,10,0.76,-0.021,90.6,0.76,0.87,0,0
10/4/2020,6.06609,80.8712,45.9,89,1.9,0.527,90.6,0.76,0.87,0,0
11/2/2020,6.06609,80.8712,3.1,9.3,0.71,-0.047,90.6,0.76,0.87,0,0
12/12/2020,6.06609,80.8712,7.3,16.8,0.85,0.091,90.6,0.76,0.87,0,0
5/9/2021,6.06609,80.8712,81.9,156.9,2.66,1.197,90.6,0.76,0.87,0,0
10/2/2021,6.06609,80.8712,99.4,236.3,3.62,1.327,90.6,0.76,0.87,0,0
10/26/2021,6.06609,80.8712,4.4,12.1,1.01,-0.269,90.6,0.76,0.87,0,0
12/24/2021,6.06609,80.8712,1.2,3,0.67,-0.041,90.6,0.76,0.87,0,0
5/28/2022,6.06609,80.8712,25.7,63.4,0.92,0.228,90.6,0.76,0.87,0,0
10/3/2022,6.06609,80.8712,72.3,151.6,2.15,0.955,90.6,0.76,0.87,0,0
10/19/2022,6.06609,80.8712,7.9,20,0.83,0.22,90.6,0.76,0.87,0,0
10/31/2022,6.06609,80.8712,0.2,3.5,0.15,-0.344,90.6,0.76,0.87,0,0
11/1/2022,6.06609,80.8712,2.9,6.8,0.68,-0.111,90.6,0.76,0.87,0,0
11/11/2022,6.06609,80.8712,1.6,3.8,0.86,-0.053,90.6,0.76,0.87,0,0
11/13/2022,6.06609,80.8712,101.3,258.3,4.15,1.402,90.6,0.76,0.87,1,1.73
11/26/2022,6.06609,80.8712,0,1.1,0.64,-0.156,90.6,0.76,0.87,0,0
5/15/2023,6.06609,80.8712,4.5,23.6,1.22,0.198,90.6,0.76,0.87,0,0
5/26/2023,6.06609,80.8712,5,11.8,0.72,0.152,90.6,0.76,0.87,0,0
11/6/2023,6.06609,80.8712,69.6,167.8,2.11,0.824,90.6,0.76,0.87,0,0
11/21/2023,6.06609,80.8712,0.1,7,0.77,-0.07,90.6,0.76,0.87,0,0
11/26/2023,6.06609,80.8712,12.9,40.1,0.8,0.056,90.6,0.76,0.87,0,0
5/11/2024,6.06609,80.8712,5.2,13.7,0.28,-0.05,90.6,0.76,0.87,0,0
5/12/2024,6.06609,80.8712,0.1,0.8,0.59,0.126,90.6,0.76,0.87,0,0
11/8/2024,6.06609,80.8712,14,56.8,1.35,0.078,90.6,0.76,0.87,0,0
12/15/2024,6.06609,80.8712,7.3,15.8,0.05,0.103,90.6,0.76,0.87,0,0
10/9/2016,6.28052,79.90363,16.9,55.8,2.14,0.113,98.8,0.05,5.9,0,0
10/21/2016,6.28052,79.90363,0.5,2.9,1.48,-0.07,98.8,0.05,5.9,0,0
11/16/2016,6.28052,79.90363,25.8,68.5,2.64,0.196,98.8,0.05,5.9,0,0
11/19/2016,6.28052,79.90363,0.7,4.8,1.24,-0.208,98.8,0.05,5.9,0,0
5/21/2017,6.28052,79.90363,15.3,36.7,1.98,0.133,98.8,0.05,5.9,0,0
5/30/2017,6.28052,79.90363,4.9,13.3,2.05,0.009,98.8,0.05,5.9,0,0
11/4/2017,6.28052,79.90363,7.8,25.9,1.78,-0.048,98.8,0.05,5.9,0,0
11/7/2017,6.28052,79.90363,2.2,5.5,2.29,-0.128,98.8,0.05,5.9,0,0
11/12/2017,6.28052,79.90363,0,0.2,1.31,-0.222,98.8,0.05,5.9,0,0
11/25/2017,6.28052,79.90363,4.7,18.2,1.78,-0.028,98.8,0.05,5.9,0,0
12/1/2017,6.28052,79.90363,34.5,102.5,2.61,0.364,98.8,0.05,5.9,0,0
5/11/2018,6.28052,79.90363,7.1,23.6,1.89,0.015,98.8,0.05,5.9,0,0
10/5/2018,6.28052,79.90363,0.4,4.6,1.53,-0.162,98.8,0.05,5.9,0,0
12/12/2018,6.28052,79.90363,45.9,121.9,3.24,0.569,98.8,0.05,5.9,0,0
12/16/2018,6.28052,79.90363,7.3,21.6,1.94,0.074,98.8,0.05,5.9,0,0
12/24/2018,6.28052,79.90363,3.3,18.4,1.28,0.053,98.8,0.05,5.9,0,0
10/6/2019,6.28052,79.90363,0.5,2.1,1.63,-0.24,98.8,0.05,5.9,0,0
10/26/2019,6.28052,79.90363,3.8,10.4,1.78,-0.006,98.8,0.05,5.9,0,0
10/29/2019,6.28052,79.90363,13.5,41,2.42,0.139,98.8,0.05,5.9,0,0
11/29/2019,6.28052,79.90363,2.2,8.2,1.59,-0.154,98.8,0.05,5.9,0,0
11/30/2019,6.28052,79.90363,1.4,3.5,1.87,-0.221,98.8,0.05,5.9,0,0
10/4/2020,6.28052,79.90363,0,1.4,1.53,-0.04,98.8,0.05,5.9,0,0
11/2/2020,6.28052,79.90363,0.4,6.2,2.61,-0.232,98.8,0.05,5.9,0,0
12/12/2020,6.28052,79.90363,34.8,78.1,2.67,0.427,98.8,0.05,5.9,0,0
5/9/2021,6.28052,79.90363,0,3.2,1.62,-0.013,98.8,0.05,5.9,0,0
10/2/2021,6.28052,79.90363,1.4,4.7,2.13,-0.085,98.8,0.05,5.9,0,0
10/26/2021,6.28052,79.90363,102.1,266.3,4.89,1.487,98.8,0.05,5.9,0,0
12/24/2021,6.28052,79.90363,0.1,0.8,1.33,-0.149,98.8,0.05,5.9,0,0
5/28/2022,6.28052,79.90363,0.6,6.2,1.45,-0.05,98.8,0.05,5.9,0,0
10/3/2022,6.28052,79.90363,15.9,34.1,2.53,0.211,98.8,0.05,5.9,0,0
10/19/2022,6.28052,79.90363,4.1,13.3,1.45,0.009,98.8,0.05,5.9,0,0
10/31/2022,6.28052,79.90363,3,7.9,1.88,-0.128,98.8,0.05,5.9,0,0
11/1/2022,6.28052,79.90363,24.6,70.8,1.99,0.381,98.8,0.05,5.9,0,0
11/11/2022,6.28052,79.90363,7.9,19.3,1.44,0.058,98.8,0.05,5.9,0,0
11/13/2022,6.28052,79.90363,0.1,0.6,1.56,-0.105,98.8,0.05,5.9,0,0
11/26/2022,6.28052,79.90363,0.6,4.4,1.03,-0.03,98.8,0.05,5.9,0,0
5/15/2023,6.28052,79.90363,3.7,21.1,1.63,0.121,98.8,0.05,5.9,0,0
5/26/2023,6.28052,79.90363,1,2.6,2.25,-0.221,98.8,0.05,5.9,0,0
11/6/2023,6.28052,79.90363,112.4,327.4,5.71,1.938,98.8,0.05,5.9,0,0
11/21/2023,6.28052,79.90363,1.1,3.9,1.67,-0.155,98.8,0.05,5.9,0,0
11/26/2023,6.28052,79.90363,0,1.7,1.73,-0.115,98.8,0.05,5.9,0,0
5/11/2024,6.28052,79.90363,109.5,210.5,4.17,1.225,98.8,0.05,5.9,0,0
5/12/2024,6.28052,79.90363,0.1,0.3,1.28,0.081,98.8,0.05,5.9,0,0
11/8/2024,6.28052,79.90363,82.7,247.6,4.45,1.279,98.8,0.05,5.9,0,0
12/15/2024,6.28052,79.90363,9.9,27.2,2.46,-0.046,98.8,0.05,5.9,0,0
10/9/2016,6.08172,79.84303,26.9,54.3,0.53,0.197,31.4,0.38,4.47,0,0
10/21/2016,6.08172,79.84303,6.7,18.4,1.24,0.101,31.4,0.38,4.47,0,0
11/16/2016,6.08172,79.84303,42.7,108.6,1.58,0.542,31.4,0.38,4.47,0,0
11/19/2016,6.08172,79.84303,0.5,3.8,0.27,-0.051,31.4,0.38,4.47,0,0
5/21/2017,6.08172,79.84303,6.1,15.9,1.24,-0.138,31.4,0.38,4.47,0,0
5/30/2017,6.08172,79.84303,9.2,27.9,0.79,-0.104,31.4,0.38,4.47,0,0
11/4/2017,6.08172,79.84303,0.8,5.3,1.28,-0.172,31.4,0.38,4.47,0,0
11/7/2017,6.08172,79.84303,102.5,306.9,4.68,1.602,31.4,0.38,4.47,1,2.29
11/12/2017,6.08172,79.84303,2.3,5,0.05,-0.026,31.4,0.38,4.47,0,0
11/25/2017,6.08172,79.84303,29.2,65.1,1.06,0.216,31.4,0.38,4.47,0,0
12/1/2017,6.08172,79.84303,0.4,5.7,0.12,-0.091,31.4,0.38,4.47,0,0
5/11/2018,6.08172,79.84303,3.6,8.5,0.35,-0.131,31.4,0.38,4.47,0,0
10/5/2018,6.08172,79.84303,23.3,51.5,1.45,0.204,31.4,0.38,4.47,0,0
12/12/2018,6.08172,79.84303,9.1,23.8,1.16,-0.191,31.4,0.38,4.47,0,0
12/16/2018,6.08172,79.84303,68.1,147.6,1.98,0.899,31.4,0.38,4.47,0,0
12/24/2018,6.08172,79.84303,3.4,12.2,0.68,-0.127,31.4,0.38,4.47,0,0
10/6/2019,6.08172,79.84303,3,8.8,1.02,-0.061,31.4,0.38,4.47,0,0
10/26/2019,6.08172,79.84303,6.7,22.7,0.4,0.046,31.4,0.38,4.47,0,0
10/29/2019,6.08172,79.84303,48.5,127,2.17,0.623,31.4,0.38,4.47,0,0
11/29/2019,6.08172,79.84303,5.6,17.5,1.03,-0.071,31.4,0.38,4.47,0,0
11/30/2019,6.08172,79.84303,1.6,11.1,1.1,-0.231,31.4,0.38,4.47,0,0
10/4/2020,6.08172,79.84303,0.1,4.7,0.47,0.035,31.4,0.38,4.47,0,0
11/2/2020,6.08172,79.84303,0.5,5.7,0.05,-0.013,31.4,0.38,4.47,0,0
12/12/2020,6.08172,79.84303,2.3,6.6,0.7,0.099,31.4,0.38,4.47,0,0
5/9/2021,6.08172,79.84303,9.3,27.5,1.2,0.099,31.4,0.38,4.47,0,0
10/2/2021,6.08172,79.84303,1.4,3.8,0.45,-0.161,31.4,0.38,4.47,0,0
10/26/2021,6.08172,79.84303,0.6,15.9,0.7,-0.117,31.4,0.38,4.47,0,0
12/24/2021,6.08172,79.84303,3.4,13.7,0.09,-0.138,31.4,0.38,4.47,0,0
5/28/2022,6.08172,79.84303,72.3,176.1,2.97,0.868,31.4,0.38,4.47,0,0
10/3/2022,6.08172,79.84303,0.7,2.4,1.08,-0.146,31.4,0.38,4.47,0,0
10/19/2022,6.08172,79.84303,0.1,1.7,0.05,-0.116,31.4,0.38,4.47,0,0
10/31/2022,6.08172,79.84303,3.4,13.8,0.46,-0.234,31.4,0.38,4.47,0,0
11/1/2022,6.08172,79.84303,0.3,1.7,0.34,-0.163,31.4,0.38,4.47,0,0
11/11/2022,6.08172,79.84303,75.9,157.5,1.73,0.844,31.4,0.38,4.47,0,0
11/13/2022,6.08172,79.84303,8,31,1.03,0.018,31.4,0.38,4.47,0,0
11/26/2022,6.08172,79.84303,9.7,24.4,0.42,0.117,31.4,0.38,4.47,0,0
5/15/2023,6.08172,79.84303,3.2,8.1,0.22,-0.243,31.4,0.38,4.47,0,0
5/26/2023,6.08172,79.84303,8.5,27.5,0.53,0.069,31.4,0.38,4.47,0,0
11/6/2023,6.08172,79.84303,3.7,14.4,0.17,-0.023,31.4,0.38,4.47,0,0
11/21/2023,6.08172,79.84303,0,3.3,0.24,0.004,31.4,0.38,4.47,0,0
11/26/2023,6.08172,79.84303,0.4,1,0.76,0.049,31.4,0.38,4.47,0,0
5/11/2024,6.08172,79.84303,0,7.7,0.74,0.094,31.4,0.38,4.47,0,0
5/12/2024,6.08172,79.84303,10,21.6,1.31,0.044,31.4,0.38,4.47,0,0
11/8/2024,6.08172,79.84303,9.7,32.9,0.5,0.105,31.4,0.38,4.47,0,0
12/15/2024,6.08172,79.84303,84.1,154.3,2.07,1.021,31.4,0.38,4.47,0,0
10/9/2016,7.65467,80.70644,2.2,10.3,1.75,-0.12,17.4,5.56,3.01,0,0
10/21/2016,7.65467,80.70644,4,14.1,2.03,-0.051,17.4,5.56,3.01,0,0
11/16/2016,7.65467,80.70644,11.3,40.1,2.31,0.208,17.4,5.56,3.01,0,0
11/19/2016,7.65467,80.70644,17.9,46,3.31,0.492,17.4,5.56,3.01,0,0
5/21/2017,7.65467,80.70644,6.8,21.3,2.12,-0.083,17.4,5.56,3.01,0,0
5/30/2017,7.65467,80.70644,0.7,6.5,2.11,-0.095,17.4,5.56,3.01,0,0
11/4/2017,7.65467,80.70644,2.3,7.6,1.69,-0.153,17.4,5.56,3.01,0,0
11/7/2017,7.65467,80.70644,0,1.5,1.92,-0.103,17.4,5.56,3.01,0,0
11/12/2017,7.65467,80.70644,2.6,13.9,2.16,-0.15,17.4,5.56,3.01,0,0
11/25/2017,7.65467,80.70644,11.5,32.9,2.47,0.076,17.4,5.56,3.01,0,0
12/1/2017,7.65467,80.70644,0.1,0.4,2.36,-0.087,17.4,5.56,3.01,0,0
5/11/2018,7.65467,80.70644,42.4,129.2,3.77,0.848,17.4,5.56,3.01,0,0
10/5/2018,7.65467,80.70644,1.9,17.2,1.68,-0.1,17.4,5.56,3.01,0,0
12/12/2018,7.65467,80.70644,9.9,30.4,2.42,0.074,17.4,5.56,3.01,0,0
12/16/2018,7.65467,80.70644,0.5,1.3,2.16,0.116,17.4,5.56,3.01,0,0
12/24/2018,7.65467,80.70644,265.1,653.4,9.04,2.3,17.4,5.56,3.01,1,3.8
10/6/2019,7.65467,80.70644,17.1,45.9,2.86,0.093,17.4,5.56,3.01,0,0
10/26/2019,7.65467,80.70644,54.3,142.7,4.29,0.669,17.4,5.56,3.01,0,0
10/29/2019,7.65467,80.70644,80.6,166,3.26,1.025,17.4,5.56,3.01,0,0
11/29/2019,7.65467,80.70644,11.9,39.8,2.48,-0.062,17.4,5.56,3.01,0,0
11/30/2019,7.65467,80.70644,79.6,227.2,4.83,1.169,17.4,5.56,3.01,1,2.2
10/4/2020,7.65467,80.70644,106.6,268.4,5.54,1.596,17.4,5.56,3.01,1,2.5
11/2/2020,7.65467,80.70644,3.9,8,2.6,-0.05,17.4,5.56,3.01,0,0
12/12/2020,7.65467,80.70644,66.7,134.9,3.61,0.672,17.4,5.56,3.01,1,1.52
5/9/2021,7.65467,80.70644,2.9,7.5,2.46,0.023,17.4,5.56,3.01,0,0
10/2/2021,7.65467,80.70644,19.9,51.5,2.43,0.288,17.4,5.56,3.01,0,0
10/26/2021,7.65467,80.70644,117.3,328.8,5.72,1.839,17.4,5.56,3.01,1,2.93
12/24/2021,7.65467,80.70644,50.2,131.7,3.19,0.628,17.4,5.56,3.01,0,0
5/28/2022,7.65467,80.70644,55.7,170.4,3.87,0.85,17.4,5.56,3.01,0,0
10/3/2022,7.65467,80.70644,3.9,17.3,2.02,-0.081,17.4,5.56,3.01,0,0
10/19/2022,7.65467,80.70644,0.3,1,2.44,-0.093,17.4,5.56,3.01,0,0
10/31/2022,7.65467,80.70644,0.1,1.1,2.02,-0.053,17.4,5.56,3.01,0,0
11/1/2022,7.65467,80.70644,8.2,24.6,1.46,-0.16,17.4,5.56,3.01,0,0
11/11/2022,7.65467,80.70644,20,37.8,2.22,0.067,17.4,5.56,3.01,0,0
11/13/2022,7.65467,80.70644,0.5,5.4,1.93,-0.336,17.4,5.56,3.01,0,0
11/26/2022,7.65467,80.70644,3.8,12,2.36,-0.196,17.4,5.56,3.01,0,0
5/15/2023,7.65467,80.70644,0.5,1.8,2.56,-0.092,17.4,5.56,3.01,0,0
5/26/2023,7.65467,80.70644,65,179.6,4.86,0.843,17.4,5.56,3.01,0,0
11/6/2023,7.65467,80.70644,1.3,4.2,2.21,-0.205,17.4,5.56,3.01,0,0
11/21/2023,7.65467,80.70644,1.4,14.5,1.98,0.04,17.4,5.56,3.01,0,0
11/26/2023,7.65467,80.70644,12.6,30.2,1.88,0.167,17.4,5.56,3.01,0,0
5/11/2024,7.65467,80.70644,2.1,5.2,2.07,-0.116,17.4,5.56,3.01,0,0
5/12/2024,7.65467,80.70644,0.9,2.2,2.4,-0.095,17.4,5.56,3.01,0,0
11/8/2024,7.65467,80.70644,0.8,2.2,2.08,-0.301,17.4,5.56,3.01,0,0
12/15/2024,7.65467,80.70644,42.9,100.9,3.61,0.469,17.4,5.56,3.01,0,0
10/9/2016,6.81733,80.72314,1,3.1,2.45,-0.214,8.2,4.76,5.32,0,0
10/21/2016,6.81733,80.72314,8.4,25.1,2.88,-0.037,8.2,4.76,5.32,0,0
11/16/2016,6.81733,80.72314,10.3,27.9,2.54,0.077,8.2,4.76,5.32,0,0
11/19/2016,6.81733,80.72314,68,151.2,4.29,0.874,8.2,4.76,5.32,0,0
5/21/2017,6.81733,80.72314,14.3,26.1,2.62,0.045,8.2,4.76,5.32,0,0
5/30/2017,6.81733,80.72314,26,51.3,1.94,0.336,8.2,4.76,5.32,0,0
11/4/2017,6.81733,80.72314,63.5,164.9,4.51,1.091,8.2,4.76,5.32,0,0
11/7/2017,6.81733,80.72314,0.1,1.7,2.08,-0.373,8.2,4.76,5.32,0,0
11/12/2017,6.81733,80.72314,2.9,11,2.71,0.108,8.2,4.76,5.32,0,0
11/25/2017,6.81733,80.72314,0.1,8.1,2.36,-0.038,8.2,4.76,5.32,0,0
12/1/2017,6.81733,80.72314,0.1,2.8,1.55,-0.157,8.2,4.76,5.32,0,0
5/11/2018,6.81733,80.72314,4.6,11.9,2.14,-0.071,8.2,4.76,5.32,0,0
10/5/2018,6.81733,80.72314,122.1,351.5,6.06,1.897,8.2,4.76,5.32,1,3.71
12/12/2018,6.81733,80.72314,0.4,4.1,2.36,-0.065,8.2,4.76,5.32,0,0
12/16/2018,6.81733,80.72314,1.1,4.7,2.22,-0.18,8.2,4.76,5.32,0,0
12/24/2018,6.81733,80.72314,20.1,41.8,2.52,0.061,8.2,4.76,5.32,0,0
10/6/2019,6.81733,80.72314,0.1,2.4,2.23,-0.029,8.2,4.76,5.32,0,0
10/26/2019,6.81733,80.72314,0,1,1.52,0.221,8.2,4.76,5.32,0,0
10/29/2019,6.81733,80.72314,14.5,47.8,2.32,0.271,8.2,4.76,5.32,0,0
11/29/2019,6.81733,80.72314,2.6,7.8,2.01,-0.043,8.2,4.76,5.32,0,0
11/30/2019,6.81733,80.72314,2.1,9.5,1.31,-0.084,8.2,4.76,5.32,0,0
10/4/2020,6.81733,80.72314,54.8,168.6,3.84,0.695,8.2,4.76,5.32,0,0
11/2/2020,6.81733,80.72314,2,15.6,2.2,-0.034,8.2,4.76,5.32,0,0
12/12/2020,6.81733,80.72314,49.2,114.1,3.2,0.63,8.2,4.76,5.32,0,0
5/9/2021,6.81733,80.72314,37.1,84.1,2.78,0.398,8.2,4.76,5.32,0,0
10/2/2021,6.81733,80.72314,6.4,25.3,2.26,-0.058,8.2,4.76,5.32,0,0
10/26/2021,6.81733,80.72314,9.9,27.7,2.41,-0.047,8.2,4.76,5.32,0,0
12/24/2021,6.81733,80.72314,2.8,11,2.14,-0.111,8.2,4.76,5.32,0,0
5/28/2022,6.81733,80.72314,124.9,349.4,6.57,1.987,8.2,4.76,5.32,1,3.29
10/3/2022,6.81733,80.72314,10.8,29.2,2.37,-0.031,8.2,4.76,5.32,0,0
10/19/2022,6.81733,80.72314,76,203.7,3.31,1.078,8.2,4.76,5.32,0,0
10/31/2022,6.81733,80.72314,0.6,4.1,2.71,-0.167,8.2,4.76,5.32,0,0
11/1/2022,6.81733,80.72314,30.8,77.9,3.08,0.275,8.2,4.76,5.32,0,0
11/11/2022,6.81733,80.72314,4.5,11.6,1.87,0.11,8.2,4.76,5.32,0,0
11/13/2022,6.81733,80.72314,26.4,69.2,2.3,0.213,8.2,4.76,5.32,0,0
11/26/2022,6.81733,80.72314,1.3,3.8,2,-0.287,8.2,4.76,5.32,0,0
5/15/2023,6.81733,80.72314,0.7,28.8,1.85,-0.186,8.2,4.76,5.32,0,0
5/26/2023,6.81733,80.72314,2.4,12.6,1.19,-0.155,8.2,4.76,5.32,0,0
11/6/2023,6.81733,80.72314,0.9,3.6,2,-0.108,8.2,4.76,5.32,0,0
11/21/2023,6.81733,80.72314,0.4,1.4,1.83,-0.148,8.2,4.76,5.32,0,0
11/26/2023,6.81733,80.72314,2.9,12.1,1.95,-0.225,8.2,4.76,5.32,0,0
5/11/2024,6.81733,80.72314,0.2,13.2,2.14,0.014,8.2,4.76,5.32,0,0
5/12/2024,6.81733,80.72314,2.8,9,2.44,-0.069,8.2,4.76,5.32,0,0
11/8/2024,6.81733,80.72314,1.4,3.5,1.73,-0.159,8.2,4.76,5.32,0,0
12/15/2024,6.81733,80.72314,10.1,25.6,2.24,0.092,8.2,4.76,5.32,0,0
10/9/2016,7.32228,80.89737,4.6,18.8,0.72,-0.181,37.4,2.42,5.65,0,0
10/21/2016,7.32228,80.89737,4.8,15.2,0.96,-0.266,37.4,2.42,5.65,0,0
11/16/2016,7.32228,80.89737,4.2,17,0.57,-0.128,37.4,2.42,5.65,0,0
11/19/2016,7.32228,80.89737,2.8,32.4,1.94,-0.096,37.4,2.42,5.65,0,0
5/21/2017,7.32228,80.89737,131.7,346,4.55,1.905,37.4,2.42,5.65,1,2.45
5/30/2017,7.32228,80.89737,10.4,29,1.16,-0.044,37.4,2.42,5.65,0,0
11/4/2017,7.32228,80.89737,42.9,110.3,1.51,0.545,37.4,2.42,5.65,0,0
11/7/2017,7.32228,80.89737,0.9,17.5,0.4,0.05,37.4,2.42,5.65,0,0
11/12/2017,7.32228,80.89737,1.3,5.9,0.83,-0.162,37.4,2.42,5.65,0,0
11/25/2017,7.32228,80.89737,0.9,2.9,1.17,-0.12,37.4,2.42,5.65,0,0
12/1/2017,7.32228,80.89737,126.5,372.2,4.99,1.886,37.4,2.42,5.65,1,2.91
5/11/2018,7.32228,80.89737,0.2,11.2,0.55,0.077,37.4,2.42,5.65,0,0
10/5/2018,7.32228,80.89737,0.3,3.2,1.2,-0.134,37.4,2.42,5.65,0,0
12/12/2018,7.32228,80.89737,8.7,20.4,1.37,-0.072,37.4,2.42,5.65,0,0
12/16/2018,7.32228,80.89737,79,217.3,3.33,1.121,37.4,2.42,5.65,0,0
12/24/2018,7.32228,80.89737,7.3,23.8,1.49,-0.195,37.4,2.42,5.65,0,0
10/6/2019,7.32228,80.89737,106.2,257.3,4.26,1.411,37.4,2.42,5.65,1,1.9
10/26/2019,7.32228,80.89737,2.7,6.5,0.32,-0.023,37.4,2.42,5.65,0,0
10/29/2019,7.32228,80.89737,0.1,1.2,0.76,-0.19,37.4,2.42,5.65,0,0
11/29/2019,7.32228,80.89737,11.2,35.6,2.23,0.061,37.4,2.42,5.65,0,0
11/30/2019,7.32228,80.89737,16.8,52.9,1.51,0.026,37.4,2.42,5.65,0,0
10/4/2020,7.32228,80.89737,53.8,140.3,2.47,0.807,37.4,2.42,5.65,0,0
11/2/2020,7.32228,80.89737,1.6,10.3,1.64,-0.104,37.4,2.42,5.65,0,0
12/12/2020,7.32228,80.89737,1.1,3.1,1.01,-0.29,37.4,2.42,5.65,0,0
5/9/2021,7.32228,80.89737,6.2,17.2,1.78,-0.085,37.4,2.42,5.65,0,0
10/2/2021,7.32228,80.89737,0.4,1.8,0.42,-0.114,37.4,2.42,5.65,0,0
10/26/2021,7.32228,80.89737,10.4,54.3,2.39,0.285,37.4,2.42,5.65,0,0
12/24/2021,7.32228,80.89737,81.8,250.4,4.31,1.595,37.4,2.42,5.65,0,0
5/28/2022,7.32228,80.89737,1.8,5.8,0.28,-0.001,37.4,2.42,5.65,0,0
10/3/2022,7.32228,80.89737,1.3,6.2,0.62,-0.111,37.4,2.42,5.65,0,0
10/19/2022,7.32228,80.89737,0,1.3,1.18,-0.183,37.4,2.42,5.65,0,0
10/31/2022,7.32228,80.89737,0,4.9,0.44,-0.069,37.4,2.42,5.65,0,0
11/1/2022,7.32228,80.89737,2.2,10.1,1.1,-0.101,37.4,2.42,5.65,0,0
11/11/2022,7.32228,80.89737,3,14.3,1.35,0.049,37.4,2.42,5.65,0,0
11/13/2022,7.32228,80.89737,2.3,8.3,1.71,0.011,37.4,2.42,5.65,0,0
11/26/2022,7.32228,80.89737,0.1,11.2,1.33,0.007,37.4,2.42,5.65,0,0
5/15/2023,7.32228,80.89737,15.4,48.7,1.66,-0.024,37.4,2.42,5.65,0,0
5/26/2023,7.32228,80.89737,101.2,206.2,3.62,1.283,37.4,2.42,5.65,0,0
11/6/2023,7.32228,80.89737,2.2,13.3,0.95,-0.209,37.4,2.42,5.65,0,0
11/21/2023,7.32228,80.89737,0.9,11.3,1.11,0.004,37.4,2.42,5.65,0,0
11/26/2023,7.32228,80.89737,4.2,21.8,0.93,0.032,37.4,2.42,5.65,0,0
5/11/2024,7.32228,80.89737,1.9,8.2,1.37,-0.143,37.4,2.42,5.65,0,0
5/12/2024,7.32228,80.89737,0.1,3.6,0.65,-0.091,37.4,2.42,5.65,0,0
11/8/2024,7.32228,80.89737,15.2,48.2,1.46,-0.045,37.4,2.42,5.65,0,0
12/15/2024,7.32228,80.89737,110.1,273.5,4.63,1.45,37.4,2.42,5.65,1,2.3
10/9/2016,8.35967,81.05696,0.1,10.2,1.53,-0.346,30.8,2.36,3.45,0,0
10/21/2016,8.35967,81.05696,3.7,10.7,1.84,-0.022,30.8,2.36,3.45,0,0
11/16/2016,8.35967,81.05696,1.1,6.7,1.32,-0.34,30.8,2.36,3.45,0,0
11/19/2016,8.35967,81.05696,13.2,43.1,1.93,0.066,30.8,2.36,3.45,0,0
5/21/2017,8.35967,81.05696,56.1,104.3,2.62,0.53,30.8,2.36,3.45,0,0
5/30/2017,8.35967,81.05696,0.5,3.6,1.04,-0.185,30.8,2.36,3.45,0,0
11/4/2017,8.35967,81.05696,2.8,6.7,1.14,-0.254,30.8,2.36,3.45,0,0
11/7/2017,8.35967,81.05696,1.4,7.3,1.94,-0.193,30.8,2.36,3.45,0,0
11/12/2017,8.35967,81.05696,2.5,10.6,1.78,-0.21,30.8,2.36,3.45,0,0
11/25/2017,8.35967,81.05696,82.2,185.6,3.54,0.932,30.8,2.36,3.45,0,0
12/1/2017,8.35967,81.05696,4.2,14.7,1.57,-0.021,30.8,2.36,3.45,0,0
5/11/2018,8.35967,81.05696,40,80.3,2.6,0.257,30.8,2.36,3.45,0,0
10/5/2018,8.35967,81.05696,1.5,5.5,1.39,-0.147,30.8,2.36,3.45,0,0
12/12/2018,8.35967,81.05696,0.9,5.1,1.37,-0.122,30.8,2.36,3.45,0,0
12/16/2018,8.35967,81.05696,0,0.2,1.83,-0.15,30.8,2.36,3.45,0,0
12/24/2018,8.35967,81.05696,1.5,13.4,1.79,-0.043,30.8,2.36,3.45,0,0
10/6/2019,8.35967,81.05696,0.1,2.5,0.96,-0.312,30.8,2.36,3.45,0,0
10/26/2019,8.35967,81.05696,0.9,6.7,1.44,-0.14,30.8,2.36,3.45,0,0
10/29/2019,8.35967,81.05696,41.7,98.2,2.29,0.326,30.8,2.36,3.45,0,0
11/29/2019,8.35967,81.05696,0.8,6.4,1.32,-0.318,30.8,2.36,3.45,0,0
11/30/2019,8.35967,81.05696,64.3,160.2,3.47,0.789,30.8,2.36,3.45,0,0
10/4/2020,8.35967,81.05696,39.2,65.1,1.77,0.343,30.8,2.36,3.45,0,0
11/2/2020,8.35967,81.05696,4.2,15.6,2.35,-0.181,30.8,2.36,3.45,0,0
12/12/2020,8.35967,81.05696,0.8,3.1,1.6,-0.058,30.8,2.36,3.45,0,0
5/9/2021,8.35967,81.05696,0.2,1.5,1.83,-0.077,30.8,2.36,3.45,0,0
10/2/2021,8.35967,81.05696,2.6,15,1.7,-0.304,30.8,2.36,3.45,0,0
10/26/2021,8.35967,81.05696,0.9,4,1.18,0.04,30.8,2.36,3.45,0,0
12/24/2021,8.35967,81.05696,0.3,3.9,1.76,0.146,30.8,2.36,3.45,0,0
5/28/2022,8.35967,81.05696,0.1,2.4,1,-0.171,30.8,2.36,3.45,0,0
10/3/2022,8.35967,81.05696,54.1,127.6,2.86,0.548,30.8,2.36,3.45,0,0
10/19/2022,8.35967,81.05696,0.1,0.6,1.63,-0.145,30.8,2.36,3.45,0,0
10/31/2022,8.35967,81.05696,102.4,249.6,4.17,1.446,30.8,2.36,3.45,1,2.03
11/1/2022,8.35967,81.05696,0.1,0.7,1.02,-0.059,30.8,2.36,3.45,0,0
11/11/2022,8.35967,81.05696,20.7,51.4,1.8,0.02,30.8,2.36,3.45,0,0
11/13/2022,8.35967,81.05696,4.2,15,1.48,0.039,30.8,2.36,3.45,0,0
11/26/2022,8.35967,81.05696,2.1,9.8,1.08,-0.118,30.8,2.36,3.45,0,0
5/15/2023,8.35967,81.05696,0.1,0.7,1.78,-0.315,30.8,2.36,3.45,0,0
5/26/2023,8.35967,81.05696,2.1,5,1.73,0.058,30.8,2.36,3.45,0,0
11/6/2023,8.35967,81.05696,1.9,9,1.86,0.075,30.8,2.36,3.45,0,0
11/21/2023,8.35967,81.05696,51.9,123.9,2.9,0.617,30.8,2.36,3.45,0,0
11/26/2023,8.35967,81.05696,1.9,5.3,1.2,-0.139,30.8,2.36,3.45,0,0
5/11/2024,8.35967,81.05696,1.3,7,1.48,0.14,30.8,2.36,3.45,0,0
5/12/2024,8.35967,81.05696,3.2,14.5,1.76,0.092,30.8,2.36,3.45,0,0
11/8/2024,8.35967,81.05696,6.8,22.7,1.82,0.227,30.8,2.36,3.45,0,0
12/15/2024,8.35967,81.05696,0.3,12.1,1.21,-0.179,30.8,2.36,3.45,0,0
10/9/2016,6.64816,81.50653,198.7,618.7,9.2,2.3,4.4,2.46,5.08,1,3.8
10/21/2016,6.64816,81.50653,8.7,31,2.16,-0.127,4.4,2.46,5.08,0,0
11/16/2016,6.64816,81.50653,11.4,29.3,2.32,0.206,4.4,2.46,5.08,0,0
11/19/2016,6.64816,81.50653,3.8,14.6,2.08,0.02,4.4,2.46,5.08,0,0
5/21/2017,6.64816,81.50653,201.1,432.8,7.86,2.3,4.4,2.46,5.08,1,3.8
5/30/2017,6.64816,81.50653,0.1,3.6,2.34,-0.118,4.4,2.46,5.08,0,0
11/4/2017,6.64816,81.50653,2,10.5,1.68,-0.174,4.4,2.46,5.08,0,0
11/7/2017,6.64816,81.50653,0.1,0.2,2.09,-0.176,4.4,2.46,5.08,0,0
11/12/2017,6.64816,81.50653,40,95.1,3.42,0.316,4.4,2.46,5.08,0,0
11/25/2017,6.64816,81.50653,0.7,3.6,2.2,-0.198,4.4,2.46,5.08,0,0
12/1/2017,6.64816,81.50653,0.3,1.2,1.35,-0.401,4.4,2.46,5.08,0,0
5/11/2018,6.64816,81.50653,9.5,29.6,3.03,-0.084,4.4,2.46,5.08,0,0
10/5/2018,6.64816,81.50653,109.8,236.5,5.2,1.736,4.4,2.46,5.08,0,0
12/12/2018,6.64816,81.50653,0.3,1.3,2.78,-0.273,4.4,2.46,5.08,0,0
12/16/2018,6.64816,81.50653,59,144.1,3.68,0.853,4.4,2.46,5.08,0,0
12/24/2018,6.64816,81.50653,0.1,18.7,3.15,-0.159,4.4,2.46,5.08,0,0
10/6/2019,6.64816,81.50653,10.2,25.1,2.77,0.01,4.4,2.46,5.08,0,0
10/26/2019,6.64816,81.50653,49.2,138.9,3.49,0.386,4.4,2.46,5.08,0,0
10/29/2019,6.64816,81.50653,0,0.1,2.41,-0.04,4.4,2.46,5.08,0,0
11/29/2019,6.64816,81.50653,9.9,32.9,3.36,-0.085,4.4,2.46,5.08,0,0
11/30/2019,6.64816,81.50653,16.4,37.1,1.91,0.167,4.4,2.46,5.08,0,0
10/4/2020,6.64816,81.50653,0.6,4.7,2.31,-0.012,4.4,2.46,5.08,0,0
11/2/2020,6.64816,81.50653,62.6,139.1,4.45,0.65,4.4,2.46,5.08,1,1.59
12/12/2020,6.64816,81.50653,48.9,133.9,4.07,0.763,4.4,2.46,5.08,0,0
5/9/2021,6.64816,81.50653,10.6,26.5,2.32,-0.008,4.4,2.46,5.08,0,0
10/2/2021,6.64816,81.50653,70,214.9,5.19,1.162,4.4,2.46,5.08,1,2.23
10/26/2021,6.64816,81.50653,48.2,96.8,3.57,0.437,4.4,2.46,5.08,0,0
12/24/2021,6.64816,81.50653,42.9,124.1,3.4,0.549,4.4,2.46,5.08,0,0
5/28/2022,6.64816,81.50653,4.1,7.9,2.12,-0.197,4.4,2.46,5.08,0,0
10/3/2022,6.64816,81.50653,0.2,5.2,2.71,-0.129,4.4,2.46,5.08,0,0
10/19/2022,6.64816,81.50653,52.1,97.2,3.4,0.435,4.4,2.46,5.08,1,1.12
10/31/2022,6.64816,81.50653,0.2,2.3,2.13,-0.255,4.4,2.46,5.08,0,0
11/1/2022,6.64816,81.50653,104.1,312,6.12,1.765,4.4,2.46,5.08,0,0
11/11/2022,6.64816,81.50653,1.3,5.8,2.61,-0.276,4.4,2.46,5.08,0,0
11/13/2022,6.64816,81.50653,3.4,8.4,3.23,0.052,4.4,2.46,5.08,0,0
11/26/2022,6.64816,81.50653,0.5,2.4,2.3,-0.249,4.4,2.46,5.08,0,0
5/15/2023,6.64816,81.50653,0.5,1.6,3.14,-0.233,4.4,2.46,5.08,0,0
5/26/2023,6.64816,81.50653,40.7,96.1,3.63,0.578,4.4,2.46,5.08,0,0
11/6/2023,6.64816,81.50653,0.2,0.5,2.46,-0.147,4.4,2.46,5.08,0,0
11/21/2023,6.64816,81.50653,0.2,6.7,2.08,0.082,4.4,2.46,5.08,0,0
11/26/2023,6.64816,81.50653,0.8,4.9,2.41,-0.167,4.4,2.46,5.08,0,0
5/11/2024,6.64816,81.50653,0.1,9.2,2.09,0.107,4.4,2.46,5.08,0,0
5/12/2024,6.64816,81.50653,0,1.2,2.32,-0.248,4.4,2.46,5.08,0,0
11/8/2024,6.64816,81.50653,147.4,417.9,7.3,2.3,4.4,2.46,5.08,1,3.45
12/15/2024,6.64816,81.50653,93.1,246.8,5.13,1.346,4.4,2.46,5.08,1,2.06
10/9/2016,7.067,80.67934,0.9,15.3,1.17,-0.074,57.9,0.56,3.35,0,0
10/21/2016,7.067,80.67934,189.7,542.5,7.34,2.3,57.9,0.56,3.35,1,3.8
11/16/2016,7.067,80.67934,44.2,103.2,2.03,0.488,57.9,0.56,3.35,0,0
11/19/2016,7.067,80.67934,0.1,2.1,0.72,-0.12,57.9,0.56,3.35,0,0
5/21/2017,7.067,80.67934,3.4,9.4,1.58,-0.059,57.9,0.56,3.35,0,0
5/30/2017,7.067,80.67934,0,1.4,1.15,-0.265,57.9,0.56,3.35,0,0
11/4/2017,7.067,80.67934,2.2,14.2,1.46,-0.131,57.9,0.56,3.35,0,0
11/7/2017,7.067,80.67934,0.2,0.6,0.87,-0.056,57.9,0.56,3.35,0,0
11/12/2017,7.067,80.67934,1,15.6,1.22,-0.259,57.9,0.56,3.35,0,0
11/25/2017,7.067,80.67934,1.4,4.9,0.98,0.011,57.9,0.56,3.35,1,0.15
12/1/2017,7.067,80.67934,37.1,84.1,1.56,0.353,57.9,0.56,3.35,0,0
5/11/2018,7.067,80.67934,30.6,87.8,2.19,0.379,57.9,0.56,3.35,0,0
10/5/2018,7.067,80.67934,5.6,16.7,0.31,0.067,57.9,0.56,3.35,0,0
12/12/2018,7.067,80.67934,43.1,129.3,2.5,0.557,57.9,0.56,3.35,0,0
12/16/2018,7.067,80.67934,91,194.5,2.78,1.19,57.9,0.56,3.35,0,0
12/24/2018,7.067,80.67934,2.6,7.7,0.05,-0.232,57.9,0.56,3.35,0,0
10/6/2019,7.067,80.67934,0.1,13.1,1.13,0.15,57.9,0.56,3.35,0,0
10/26/2019,7.067,80.67934,0,13.8,1.1,0.081,57.9,0.56,3.35,0,0
10/29/2019,7.067,80.67934,8.1,22.9,1.1,0.038,57.9,0.56,3.35,0,0
11/29/2019,7.067,80.67934,7.7,24.1,1.74,0.048,57.9,0.56,3.35,0,0
11/30/2019,7.067,80.67934,7.3,21.1,1.02,-0.025,57.9,0.56,3.35,0,0
10/4/2020,7.067,80.67934,4.2,15.3,1,-0.066,57.9,0.56,3.35,0,0
11/2/2020,7.067,80.67934,2.3,8.1,0.95,-0.192,57.9,0.56,3.35,0,0
12/12/2020,7.067,80.67934,93.6,199.4,3.43,1.277,57.9,0.56,3.35,1,1.74
5/9/2021,7.067,80.67934,2.5,17,1.18,-0.182,57.9,0.56,3.35,0,0
10/2/2021,7.067,80.67934,0.7,4.9,0.65,-0.08,57.9,0.56,3.35,0,0
10/26/2021,7.067,80.67934,0.6,2,1.37,-0.051,57.9,0.56,3.35,0,0
12/24/2021,7.067,80.67934,0.3,5.2,0.9,-0.084,57.9,0.56,3.35,0,0
5/28/2022,7.067,80.67934,3,12.2,0.87,-0.166,57.9,0.56,3.35,0,0
10/3/2022,7.067,80.67934,20.5,44.4,1.56,0.277,57.9,0.56,3.35,0,0
10/19/2022,7.067,80.67934,46.6,105,2.76,0.456,57.9,0.56,3.35,0,0
10/31/2022,7.067,80.67934,5.5,20.7,0.61,0.015,57.9,0.56,3.35,0,0
11/1/2022,7.067,80.67934,0.4,6.4,1,-0.358,57.9,0.56,3.35,0,0
11/11/2022,7.067,80.67934,0.2,11.6,1,0.076,57.9,0.56,3.35,0,0
11/13/2022,7.067,80.67934,0,3,1.23,-0.19,57.9,0.56,3.35,0,0
11/26/2022,7.067,80.67934,1.4,19.7,0.98,-0.12,57.9,0.56,3.35,0,0
5/15/2023,7.067,80.67934,4.7,30,1.14,-0.055,57.9,0.56,3.35,0,0
5/26/2023,7.067,80.67934,19.6,64.2,1.62,0.269,57.9,0.56,3.35,0,0
11/6/2023,7.067,80.67934,3.2,12,1.11,-0.114,57.9,0.56,3.35,0,0
11/21/2023,7.067,80.67934,0.4,4.5,1.17,-0.413,57.9,0.56,3.35,0,0
11/26/2023,7.067,80.67934,0.7,2,1.14,-0.253,57.9,0.56,3.35,0,0
5/11/2024,7.067,80.67934,1.3,4,1.43,-0.002,57.9,0.56,3.35,0,0
5/12/2024,7.067,80.67934,77.5,173.5,2.59,1.051,57.9,0.56,3.35,0,0
11/8/2024,7.067,80.67934,5.8,24.2,0.7,-0.133,57.9,0.56,3.35,0,0
12/15/2024,7.067,80.67934,0.3,4.5,0.68,-0.049,57.9,0.56,3.35,0,0
10/9/2016,7.96443,80.33132,13.2,37,2.65,0.442,53.5,7.02,3.19,0,0
10/21/2016,7.96443,80.33132,1.9,5.3,2.52,-0.097,53.5,7.02,3.19,0,0
11/16/2016,7.96443,80.33132,3.3,9.1,2.05,-0.17,53.5,7.02,3.19,0,0
11/19/2016,7.96443,80.33132,1.4,10.8,2.18,-0.144,53.5,7.02,3.19,0,0
5/21/2017,7.96443,80.33132,0.4,6.7,2.04,-0.281,53.5,7.02,3.19,0,0
5/30/2017,7.96443,80.33132,3.4,15.6,2.2,0.042,53.5,7.02,3.19,0,0
11/4/2017,7.96443,80.33132,0.8,9.9,2.26,-0.331,53.5,7.02,3.19,0,0
11/7/2017,7.96443,80.33132,85,174.2,4.08,1.09,53.5,7.02,3.19,0,0
11/12/2017,7.96443,80.33132,3.5,8.4,1.76,-0.356,53.5,7.02,3.19,0,0
11/25/2017,7.96443,80.33132,2.7,5.6,1.79,-0.065,53.5,7.02,3.19,0,0
12/1/2017,7.96443,80.33132,150.6,299.1,5.27,2.009,53.5,7.02,3.19,1,2.29
5/11/2018,7.96443,80.33132,26.3,98.7,3.26,0.418,53.5,7.02,3.19,0,0
10/5/2018,7.96443,80.33132,0.6,7.3,1.24,-0.07,53.5,7.02,3.19,0,0
12/12/2018,7.96443,80.33132,28.2,79.2,2.8,0.536,53.5,7.02,3.19,0,0
12/16/2018,7.96443,80.33132,77.2,195.4,4.38,0.895,53.5,7.02,3.19,0,0
12/24/2018,7.96443,80.33132,28.3,68,2.98,0.437,53.5,7.02,3.19,0,0
10/6/2019,7.96443,80.33132,2.5,5.9,2.5,0.095,53.5,7.02,3.19,0,0
10/26/2019,7.96443,80.33132,111.4,272.2,4.99,1.757,53.5,7.02,3.19,1,1.8
10/29/2019,7.96443,80.33132,0.2,2,1.65,0.036,53.5,7.02,3.19,0,0
11/29/2019,7.96443,80.33132,1,3.4,2.43,0.018,53.5,7.02,3.19,0,0
11/30/2019,7.96443,80.33132,0.8,3.6,1.25,0.012,53.5,7.02,3.19,0,0
10/4/2020,7.96443,80.33132,23.2,78.5,2.89,0.113,53.5,7.02,3.19,0,0
11/2/2020,7.96443,80.33132,17.6,39.1,2.83,0.187,53.5,7.02,3.19,0,0
12/12/2020,7.96443,80.33132,6.9,35,2.87,-0.318,53.5,7.02,3.19,0,0
5/9/2021,7.96443,80.33132,10.1,30.1,2,0.247,53.5,7.02,3.19,0,0
10/2/2021,7.96443,80.33132,5.5,14.6,2.06,0.034,53.5,7.02,3.19,0,0
10/26/2021,7.96443,80.33132,75.1,134.9,4.29,0.905,53.5,7.02,3.19,0,0
12/24/2021,7.96443,80.33132,0,5.9,1.29,-0.16,53.5,7.02,3.19,0,0
5/28/2022,7.96443,80.33132,0.3,1.7,2.4,-0.076,53.5,7.02,3.19,0,0
10/3/2022,7.96443,80.33132,2.4,6.5,0.87,0.029,53.5,7.02,3.19,0,0
10/19/2022,7.96443,80.33132,14.4,39.5,2.53,0.09,53.5,7.02,3.19,0,0
10/31/2022,7.96443,80.33132,95.7,308.2,5.09,1.802,53.5,7.02,3.19,0,0
11/1/2022,7.96443,80.33132,2.2,5.4,2.14,-0.015,53.5,7.02,3.19,0,0
11/11/2022,7.96443,80.33132,7.4,18.6,1.63,-0.054,53.5,7.02,3.19,0,0
11/13/2022,7.96443,80.33132,0.1,4.4,1.7,-0.106,53.5,7.02,3.19,0,0
11/26/2022,7.96443,80.33132,0.1,1.1,1.53,-0.135,53.5,7.02,3.19,0,0
5/15/2023,7.96443,80.33132,0.2,2.5,2.19,-0.442,53.5,7.02,3.19,0,0
5/26/2023,7.96443,80.33132,2.7,11.4,2.25,-0.039,53.5,7.02,3.19,0,0
11/6/2023,7.96443,80.33132,83.6,179.3,4.63,1.071,53.5,7.02,3.19,0,0
11/21/2023,7.96443,80.33132,1.6,6.5,1.23,-0.003,53.5,7.02,3.19,0,0
11/26/2023,7.96443,80.33132,11.3,31.2,1.89,0.311,53.5,7.02,3.19,0,0
5/11/2024,7.96443,80.33132,1,3.9,1.98,-0.117,53.5,7.02,3.19,0,0
5/12/2024,7.96443,80.33132,0.4,12.1,2.61,-0.074,53.5,7.02,3.19,0,0
11/8/2024,7.96443,80.33132,0.2,0.6,1.65,-0.179,53.5,7.02,3.19,0,0
12/15/2024,7.96443,80.33132,40.2,101,3.55,0.336,53.5,7.02,3.19,0,0
10/9/2016,6.59488,81.18134,7.3,15.9,2.13,0.116,74,1.68,2.7,0,0
10/21/2016,6.59488,81.18134,4.2,16.9,1.77,-0.039,74,1.68,2.7,0,0
11/16/2016,6.59488,81.18134,2.9,9,1.6,0.181,74,1.68,2.7,0,0
11/19/2016,6.59488,81.18134,1.4,9.4,1.31,-0.116,74,1.68,2.7,0,0
5/21/2017,6.59488,81.18134,0.6,7,0.94,-0.41,74,1.68,2.7,0,0
5/30/2017,6.59488,81.18134,1.3,10.9,1.54,-0.052,74,1.68,2.7,0,0
11/4/2017,6.59488,81.18134,19.4,53.1,1.79,0.044,74,1.68,2.7,0,0
11/7/2017,6.59488,81.18134,3.8,10.8,1.53,-0.008,74,1.68,2.7,0,0
11/12/2017,6.59488,81.18134,15.6,44.8,1.65,0.08,74,1.68,2.7,0,0
11/25/2017,6.59488,81.18134,3.4,9.7,1.65,-0.103,74,1.68,2.7,0,0
12/1/2017,6.59488,81.18134,99.1,263.8,4.23,1.456,74,1.68,2.7,0,0
5/11/2018,6.59488,81.18134,1,3.1,1.73,-0.113,74,1.68,2.7,0,0
10/5/2018,6.59488,81.18134,12,31.5,1.57,0.055,74,1.68,2.7,0,0
12/12/2018,6.59488,81.18134,0.8,2,1.45,-0.159,74,1.68,2.7,0,0
12/16/2018,6.59488,81.18134,2.4,8.8,1.3,-0.209,74,1.68,2.7,0,0
12/24/2018,6.59488,81.18134,4.9,10.1,1.65,0.009,74,1.68,2.7,0,0
10/6/2019,6.59488,81.18134,4.5,16.8,1.2,-0.222,74,1.68,2.7,0,0
10/26/2019,6.59488,81.18134,0.1,1.5,1.48,0.101,74,1.68,2.7,0,0
10/29/2019,6.59488,81.18134,4.7,18,1.86,-0.042,74,1.68,2.7,0,0
11/29/2019,6.59488,81.18134,0.4,1.6,1.82,0.006,74,1.68,2.7,0,0
11/30/2019,6.59488,81.18134,0,2.9,1.48,-0.091,74,1.68,2.7,0,0
10/4/2020,6.59488,81.18134,55.1,152.7,3.46,0.516,74,1.68,2.7,0,0
11/2/2020,6.59488,81.18134,0.2,0.7,1.97,-0.204,74,1.68,2.7,0,0
12/12/2020,6.59488,81.18134,5.4,11.5,1.24,-0.233,74,1.68,2.7,0,0
5/9/2021,6.59488,81.18134,2.5,9.2,0.96,0.129,74,1.68,2.7,0,0
10/2/2021,6.59488,81.18134,0.3,0.8,2,-0.107,74,1.68,2.7,0,0
10/26/2021,6.59488,81.18134,0.2,1.7,1.04,-0.068,74,1.68,2.7,0,0
12/24/2021,6.59488,81.18134,2.8,8.1,1.42,-0.171,74,1.68,2.7,0,0
5/28/2022,6.59488,81.18134,12.1,33,1.38,0.045,74,1.68,2.7,0,0
10/3/2022,6.59488,81.18134,0.1,2.6,1.41,0.101,74,1.68,2.7,0,0
10/19/2022,6.59488,81.18134,0.2,4,1.34,-0.318,74,1.68,2.7,0,0
10/31/2022,6.59488,81.18134,5.2,11.3,1.44,0.249,74,1.68,2.7,0,0
11/1/2022,6.59488,81.18134,0.8,1.8,0.77,-0.152,74,1.68,2.7,0,0
11/11/2022,6.59488,81.18134,0.3,1,0.38,-0.409,74,1.68,2.7,0,0
11/13/2022,6.59488,81.18134,1.7,5.2,1.54,-0.206,74,1.68,2.7,0,0
11/26/2022,6.59488,81.18134,0.1,0.3,1.22,-0.211,74,1.68,2.7,0,0
5/15/2023,6.59488,81.18134,13.6,33.1,1.76,0.003,74,1.68,2.7,0,0
5/26/2023,6.59488,81.18134,67.2,147.7,2.75,0.838,74,1.68,2.7,0,0
11/6/2023,6.59488,81.18134,2.5,16.6,1.41,-0.102,74,1.68,2.7,0,0
11/21/2023,6.59488,81.18134,0.1,1.9,1.48,-0.259,74,1.68,2.7,0,0
11/26/2023,6.59488,81.18134,0,3.7,1.74,-0.074,74,1.68,2.7,0,0
5/11/2024,6.59488,81.18134,2,22.7,1.72,0.179,74,1.68,2.7,0,0
5/12/2024,6.59488,81.18134,3.4,8.9,1.57,-0.144,74,1.68,2.7,0,0
11/8/2024,6.59488,81.18134,8.1,19.3,2.11,-0.041,74,1.68,2.7,0,0
12/15/2024,6.59488,81.18134,0.5,2.6,1.57,-0.026,74,1.68,2.7,0,0
10/9/2016,6.20015,80.2375,8.4,25.7,1.44,-0.011,29.5,1.24,3.91,0,0
10/21/2016,6.20015,80.2375,0.5,1.8,1.85,-0.106,29.5,1.24,3.91,0,0
11/16/2016,6.20015,80.2375,1,7.9,1.87,-0.127,29.5,1.24,3.91,0,0
11/19/2016,6.20015,80.2375,0.6,5.4,1.41,-0.076,29.5,1.24,3.91,0,0
5/21/2017,6.20015,80.2375,8,28.4,1.31,0.195,29.5,1.24,3.91,0,0
5/30/2017,6.20015,80.2375,2.7,21.4,1.45,0.199,29.5,1.24,3.91,0,0
11/4/2017,6.20015,80.2375,0.6,4.1,2.14,-0.19,29.5,1.24,3.91,0,0
11/7/2017,6.20015,80.2375,0.6,5.4,1.92,-0.023,29.5,1.24,3.91,0,0
11/12/2017,6.20015,80.2375,0.1,0.2,2.06,-0.053,29.5,1.24,3.91,0,0
11/25/2017,6.20015,80.2375,0.6,2.8,0.99,-0.24,29.5,1.24,3.91,0,0
12/1/2017,6.20015,80.2375,0.8,4,1.32,0.051,29.5,1.24,3.91,0,0
5/11/2018,6.20015,80.2375,0.6,2.2,1.56,-0.13,29.5,1.24,3.91,0,0
10/5/2018,6.20015,80.2375,1.2,6.7,1.83,-0.162,29.5,1.24,3.91,0,0
12/12/2018,6.20015,80.2375,1.8,5.8,1.25,-0.126,29.5,1.24,3.91,0,0
12/16/2018,6.20015,80.2375,90.1,185.5,3.64,1.004,29.5,1.24,3.91,0,0
12/24/2018,6.20015,80.2375,1.2,5.9,1.15,-0.019,29.5,1.24,3.91,0,0
10/6/2019,6.20015,80.2375,14.9,40.3,2.08,-0.26,29.5,1.24,3.91,0,0
10/26/2019,6.20015,80.2375,9.1,34.4,2.17,0.064,29.5,1.24,3.91,0,0
10/29/2019,6.20015,80.2375,4,10.5,1.89,-0.007,29.5,1.24,3.91,0,0
11/29/2019,6.20015,80.2375,16.3,40.1,1.86,0.238,29.5,1.24,3.91,0,0
11/30/2019,6.20015,80.2375,1,3.5,1.09,-0.038,29.5,1.24,3.91,0,0
10/4/2020,6.20015,80.2375,38.4,87.5,2.74,0.524,29.5,1.24,3.91,0,0
11/2/2020,6.20015,80.2375,1.3,6.6,1.69,-0.135,29.5,1.24,3.91,0,0
12/12/2020,6.20015,80.2375,2.9,12.3,1.38,-0.187,29.5,1.24,3.91,0,0
5/9/2021,6.20015,80.2375,0.3,3.1,1.37,-0.068,29.5,1.24,3.91,0,0
10/2/2021,6.20015,80.2375,5,14.3,1.16,-0.136,29.5,1.24,3.91,0,0
10/26/2021,6.20015,80.2375,0.5,10,1.87,0.108,29.5,1.24,3.91,0,0
12/24/2021,6.20015,80.2375,0.1,0.4,1.61,-0.224,29.5,1.24,3.91,0,0
5/28/2022,6.20015,80.2375,2.2,14.6,1.31,-0.094,29.5,1.24,3.91,0,0
10/3/2022,6.20015,80.2375,29.5,70.7,2.15,0.173,29.5,1.24,3.91,0,0
10/19/2022,6.20015,80.2375,0.7,2.9,0.56,0.031,29.5,1.24,3.91,0,0
10/31/2022,6.20015,80.2375,0.7,2.5,1.66,-0.013,29.5,1.24,3.91,0,0
11/1/2022,6.20015,80.2375,0.6,4.1,1.33,-0.102,29.5,1.24,3.91,0,0
11/11/2022,6.20015,80.2375,0.4,1.6,0.71,-0.276,29.5,1.24,3.91,0,0
11/13/2022,6.20015,80.2375,12.1,37.2,1.41,0.011,29.5,1.24,3.91,0,0
11/26/2022,6.20015,80.2375,8.6,27.3,1.58,0.033,29.5,1.24,3.91,0,0
5/15/2023,6.20015,80.2375,0.1,1.3,0.87,-0.133,29.5,1.24,3.91,0,0
5/26/2023,6.20015,80.2375,3.1,10.3,2.22,-0.233,29.5,1.24,3.91,0,0
11/6/2023,6.20015,80.2375,108.9,341.7,5.44,1.506,29.5,1.24,3.91,1,2.65
11/21/2023,6.20015,80.2375,10.6,20.7,1.29,0.006,29.5,1.24,3.91,0,0
11/26/2023,6.20015,80.2375,64.6,186.8,3.87,0.965,29.5,1.24,3.91,0,0
5/11/2024,6.20015,80.2375,0.5,10.5,1.54,-0.104,29.5,1.24,3.91,0,0
5/12/2024,6.20015,80.2375,58.4,154.3,3.39,0.854,29.5,1.24,3.91,0,0
11/8/2024,6.20015,80.2375,1.6,23,1.71,-0.001,29.5,1.24,3.91,0,0
12/15/2024,6.20015,80.2375,6.5,15.1,1.41,0.044,29.5,1.24,3.91,0,0
10/9/2016,6.75335,80.54015,112.4,323.8,5.61,1.657,31.1,1.89,0.48,0,0
10/21/2016,6.75335,80.54015,39.3,103.8,2.98,0.359,31.1,1.89,0.48,0,0
11/16/2016,6.75335,80.54015,51.6,128.3,3.1,0.843,31.1,1.89,0.48,0,0
11/19/2016,6.75335,80.54015,0.1,1.1,1.79,-0.033,31.1,1.89,0.48,0,0
5/21/2017,6.75335,80.54015,5.4,12.4,1.58,0.006,31.1,1.89,0.48,0,0
5/30/2017,6.75335,80.54015,51.2,136,3.47,0.737,31.1,1.89,0.48,0,0
11/4/2017,6.75335,80.54015,69.1,180.5,3.71,1.101,31.1,1.89,0.48,0,0
11/7/2017,6.75335,80.54015,0.2,5.5,1.06,0.103,31.1,1.89,0.48,0,0
11/12/2017,6.75335,80.54015,14.8,35.1,1.75,0.208,31.1,1.89,0.48,0,0
11/25/2017,6.75335,80.54015,1.2,6.1,1.21,-0.124,31.1,1.89,0.48,0,0
12/1/2017,6.75335,80.54015,10.9,32.8,1.87,-0.12,31.1,1.89,0.48,0,0
5/11/2018,6.75335,80.54015,81.5,225.9,4.05,1.113,31.1,1.89,0.48,1,2.25
10/5/2018,6.75335,80.54015,1.3,7.1,1.49,-0.148,31.1,1.89,0.48,0,0
12/12/2018,6.75335,80.54015,0,0.1,0.89,-0.007,31.1,1.89,0.48,0,0
12/16/2018,6.75335,80.54015,103.3,257.5,4.54,1.521,31.1,1.89,0.48,1,2.38
12/24/2018,6.75335,80.54015,1.1,2.6,1.59,-0.04,31.1,1.89,0.48,0,0
10/6/2019,6.75335,80.54015,61.1,126.3,3.38,0.768,31.1,1.89,0.48,0,0
10/26/2019,6.75335,80.54015,38.8,105.9,3.08,0.667,31.1,1.89,0.48,0,0
10/29/2019,6.75335,80.54015,105.7,252.8,5.09,1.54,31.1,1.89,0.48,1,2.2
11/29/2019,6.75335,80.54015,2.5,20.3,1.02,0.041,31.1,1.89,0.48,0,0
11/30/2019,6.75335,80.54015,0.3,2.1,1.2,0.094,31.1,1.89,0.48,0,0
10/4/2020,6.75335,80.54015,4.3,17.8,1.45,-0.064,31.1,1.89,0.48,0,0
11/2/2020,6.75335,80.54015,8.2,23.1,1.77,0.064,31.1,1.89,0.48,0,0
12/12/2020,6.75335,80.54015,0.1,2.2,1.85,-0.144,31.1,1.89,0.48,0,0
5/9/2021,6.75335,80.54015,2.4,6.4,1.04,-0.233,31.1,1.89,0.48,0,0
10/2/2021,6.75335,80.54015,3.8,8.7,1.33,-0.086,31.1,1.89,0.48,0,0
10/26/2021,6.75335,80.54015,0.8,3.3,1.41,0.034,31.1,1.89,0.48,0,0
12/24/2021,6.75335,80.54015,110.6,333.1,5.43,1.61,31.1,1.89,0.48,1,3.02
5/28/2022,6.75335,80.54015,69.5,157.7,3.49,0.962,31.1,1.89,0.48,0,0
10/3/2022,6.75335,80.54015,3,9.3,1.32,-0.099,31.1,1.89,0.48,0,0
10/19/2022,6.75335,80.54015,74.5,186.8,3.54,1.049,31.1,1.89,0.48,0,0
10/31/2022,6.75335,80.54015,5.4,20.4,1.52,0.027,31.1,1.89,0.48,0,0
11/1/2022,6.75335,80.54015,53.6,130,3.14,0.687,31.1,1.89,0.48,0,0
11/11/2022,6.75335,80.54015,3.6,9.7,1.37,-0.106,31.1,1.89,0.48,0,0
11/13/2022,6.75335,80.54015,1.1,6.3,1.25,-0.02,31.1,1.89,0.48,0,0
11/26/2022,6.75335,80.54015,11,37.7,1.26,0.101,31.1,1.89,0.48,0,0
5/15/2023,6.75335,80.54015,1.6,5.9,1.88,-0.234,31.1,1.89,0.48,0,0
5/26/2023,6.75335,80.54015,0.9,3,1.58,-0.023,31.1,1.89,0.48,0,0
11/6/2023,6.75335,80.54015,1.4,4.4,1.84,-0.194,31.1,1.89,0.48,0,0
11/21/2023,6.75335,80.54015,0.1,1.3,1.76,0.207,31.1,1.89,0.48,0,0
11/26/2023,6.75335,80.54015,5.8,21.4,1.8,-0.087,31.1,1.89,0.48,0,0
5/11/2024,6.75335,80.54015,0.9,4.6,1.94,-0.291,31.1,1.89,0.48,0,0
5/12/2024,6.75335,80.54015,0.5,1.3,1.82,-0.293,31.1,1.89,0.48,0,0
11/8/2024,6.75335,80.54015,0.5,1,1.37,0.077,31.1,1.89,0.48,0,0
12/15/2024,6.75335,80.54015,0.5,11.3,1.42,-0.189,31.1,1.89,0.48,0,0
10/9/2016,6.41918,79.89122,43.9,100.3,3.56,0.606,12.5,0.11,5.96,0,0
10/21/2016,6.41918,79.89122,0.4,1.8,1.64,0.001,12.5,0.11,5.96,0,0
11/16/2016,6.41918,79.89122,61.6,153.5,3.68,0.907,12.5,0.11,5.96,0,0
11/19/2016,6.41918,79.89122,0.6,4.1,1.48,-0.067,12.5,0.11,5.96,0,0
5/21/2017,6.41918,79.89122,63.6,123.7,2.89,0.876,12.5,0.11,5.96,1,1.28
5/30/2017,6.41918,79.89122,2.8,14.9,1.84,0.035,12.5,0.11,5.96,0,0
11/4/2017,6.41918,79.89122,0.9,3.2,1.63,-0.016,12.5,0.11,5.96,0,0
11/7/2017,6.41918,79.89122,3.2,11.4,2.08,-0.073,12.5,0.11,5.96,0,0
11/12/2017,6.41918,79.89122,5.4,14.6,1.34,-0.075,12.5,0.11,5.96,0,0
11/25/2017,6.41918,79.89122,1.6,3.8,2.15,-0.147,12.5,0.11,5.96,0,0
12/1/2017,6.41918,79.89122,80.6,251.6,5.51,1.073,12.5,0.11,5.96,1,2.51
5/11/2018,6.41918,79.89122,37.2,78.2,2.52,0.47,12.5,0.11,5.96,0,0
10/5/2018,6.41918,79.89122,1,3.1,1.8,-0.096,12.5,0.11,5.96,0,0
12/12/2018,6.41918,79.89122,76.8,226,4.52,1.075,12.5,0.11,5.96,0,0
12/16/2018,6.41918,79.89122,27,58.9,2.47,0.462,12.5,0.11,5.96,0,0
12/24/2018,6.41918,79.89122,0.7,4.2,1.28,-0.307,12.5,0.11,5.96,0,0
10/6/2019,6.41918,79.89122,53.7,114.4,3.38,0.531,12.5,0.11,5.96,0,0
10/26/2019,6.41918,79.89122,1.6,11.3,2.23,0.091,12.5,0.11,5.96,0,0
10/29/2019,6.41918,79.89122,13.3,39.1,1.92,0.217,12.5,0.11,5.96,0,0
11/29/2019,6.41918,79.89122,0,2.4,1.65,-0.13,12.5,0.11,5.96,0,0
11/30/2019,6.41918,79.89122,0.2,6.5,1.5,-0.036,12.5,0.11,5.96,0,0
10/4/2020,6.41918,79.89122,1.5,7.9,1.63,0.042,12.5,0.11,5.96,0,0
11/2/2020,6.41918,79.89122,0.3,5.9,1.6,0.02,12.5,0.11,5.96,0,0
12/12/2020,6.41918,79.89122,0.6,9.7,1.5,-0.043,12.5,0.11,5.96,0,0
5/9/2021,6.41918,79.89122,0.4,1.9,1.2,-0.235,12.5,0.11,5.96,0,0
10/2/2021,6.41918,79.89122,3.8,14.1,1.68,-0.137,12.5,0.11,5.96,0,0
10/26/2021,6.41918,79.89122,0.2,12.4,1.69,-0.23,12.5,0.11,5.96,0,0
12/24/2021,6.41918,79.89122,9.9,23.1,2.12,-0.094,12.5,0.11,5.96,0,0
5/28/2022,6.41918,79.89122,3.2,9.6,1.54,-0.025,12.5,0.11,5.96,0,0
10/3/2022,6.41918,79.89122,13.8,46.3,2.22,0.194,12.5,0.11,5.96,0,0
10/19/2022,6.41918,79.89122,153.1,449.1,7.08,2.3,12.5,0.11,5.96,1,3.45
10/31/2022,6.41918,79.89122,31.1,89.1,2.21,0.273,12.5,0.11,5.96,0,0
11/1/2022,6.41918,79.89122,7.7,22.1,2.14,-0.132,12.5,0.11,5.96,0,0
11/11/2022,6.41918,79.89122,0,5,2.09,-0.169,12.5,0.11,5.96,0,0
11/13/2022,6.41918,79.89122,55.3,111.8,2.48,0.493,12.5,0.11,5.96,0,0
11/26/2022,6.41918,79.89122,20,54.2,2.14,0.235,12.5,0.11,5.96,0,0
5/15/2023,6.41918,79.89122,3.9,12.5,1.99,-0.153,12.5,0.11,5.96,0,0
5/26/2023,6.41918,79.89122,1.3,4.2,1.84,-0.164,12.5,0.11,5.96,0,0
11/6/2023,6.41918,79.89122,0.9,2.7,1.15,-0.085,12.5,0.11,5.96,0,0
11/21/2023,6.41918,79.89122,3.9,12.5,1.98,-0.074,12.5,0.11,5.96,0,0
11/26/2023,6.41918,79.89122,12.1,30.8,2.61,-0.096,12.5,0.11,5.96,0,0
5/11/2024,6.41918,79.89122,0.7,6.2,1.9,-0.181,12.5,0.11,5.96,0,0
5/12/2024,6.41918,79.89122,0.3,9.6,1.59,-0.401,12.5,0.11,5.96,0,0
11/8/2024,6.41918,79.89122,81,215.5,4.23,1.183,12.5,0.11,5.96,1,2.06
12/15/2024,6.41918,79.89122,4.4,11.4,1.69,-0.063,12.5,0.11,5.96,0,0
10/9/2016,8.41721,79.79563,0.1,0.3,1.65,-0.173,50.1,0.51,5.75,0,0
10/21/2016,8.41721,79.79563,0.1,4.3,1.14,-0.163,50.1,0.51,5.75,0,0
11/16/2016,8.41721,79.79563,0.2,6.7,0.76,-0.197,50.1,0.51,5.75,0,0
11/19/2016,8.41721,79.79563,5.5,13.1,0.91,0.075,50.1,0.51,5.75,0,0
5/21/2017,8.41721,79.79563,0.7,16.9,0.95,-0.238,50.1,0.51,5.75,0,0
5/30/2017,8.41721,79.79563,17,41.7,1.98,0.334,50.1,0.51,5.75,0,0
11/4/2017,8.41721,79.79563,1,9.4,1.21,-0.227,50.1,0.51,5.75,0,0
11/7/2017,8.41721,79.79563,0.6,16.3,0.69,-0.109,50.1,0.51,5.75,0,0
11/12/2017,8.41721,79.79563,107.8,283.6,4.91,1.595,50.1,0.51,5.75,1,2.06
11/25/2017,8.41721,79.79563,64.3,125.5,1.96,0.905,50.1,0.51,5.75,0,0
12/1/2017,8.41721,79.79563,0,9.9,0.6,-0.08,50.1,0.51,5.75,0,0
5/11/2018,8.41721,79.79563,54.9,139.7,2.17,0.613,50.1,0.51,5.75,0,0
10/5/2018,8.41721,79.79563,6.9,26.1,0.9,-0.099,50.1,0.51,5.75,0,0
12/12/2018,8.41721,79.79563,101.8,272.9,4.83,1.669,50.1,0.51,5.75,1,2.16
12/16/2018,8.41721,79.79563,8,26.1,1.94,0.132,50.1,0.51,5.75,0,0
12/24/2018,8.41721,79.79563,8.6,25,1,0.009,50.1,0.51,5.75,0,0
10/6/2019,8.41721,79.79563,0.8,3.2,1.36,-0.046,50.1,0.51,5.75,0,0
10/26/2019,8.41721,79.79563,120,259.6,4.16,1.586,50.1,0.51,5.75,0,0
10/29/2019,8.41721,79.79563,1.7,4.7,0.76,-0.126,50.1,0.51,5.75,0,0
11/29/2019,8.41721,79.79563,10.1,25.6,1.4,-0.185,50.1,0.51,5.75,0,0
11/30/2019,8.41721,79.79563,31.1,88.3,1.83,0.297,50.1,0.51,5.75,0,0
10/4/2020,8.41721,79.79563,0.5,5,1.29,0.009,50.1,0.51,5.75,0,0
11/2/2020,8.41721,79.79563,3.1,11.8,1.49,0.076,50.1,0.51,5.75,0,0
12/12/2020,8.41721,79.79563,2,6.6,0.7,-0.255,50.1,0.51,5.75,0,0
5/9/2021,8.41721,79.79563,34.5,69.8,1.76,0.105,50.1,0.51,5.75,0,0
10/2/2021,8.41721,79.79563,39.4,73.5,1.94,0.381,50.1,0.51,5.75,0,0
10/26/2021,8.41721,79.79563,99.9,218.6,3.76,1.112,50.1,0.51,5.75,0,0
12/24/2021,8.41721,79.79563,2.7,7.6,0.91,-0.116,50.1,0.51,5.75,0,0
5/28/2022,8.41721,79.79563,0.5,6,1.08,0.014,50.1,0.51,5.75,0,0
10/3/2022,8.41721,79.79563,0.3,1.4,1.39,-0.191,50.1,0.51,5.75,0,0
10/19/2022,8.41721,79.79563,19.1,52,1.26,-0.1,50.1,0.51,5.75,0,0
10/31/2022,8.41721,79.79563,2.4,21,0.82,0.122,50.1,0.51,5.75,0,0
11/1/2022,8.41721,79.79563,0.1,0.4,1.09,-0.011,50.1,0.51,5.75,0,0
11/11/2022,8.41721,79.79563,1.2,6.4,1.02,-0.208,50.1,0.51,5.75,0,0
11/13/2022,8.41721,79.79563,124.3,243.2,3.77,1.527,50.1,0.51,5.75,1,1.55
11/26/2022,8.41721,79.79563,4,10.4,0.78,0.005,50.1,0.51,5.75,0,0
5/15/2023,8.41721,79.79563,1.2,6.9,1.07,-0.116,50.1,0.51,5.75,0,0
5/26/2023,8.41721,79.79563,2.7,8.5,0.85,0.033,50.1,0.51,5.75,0,0
11/6/2023,8.41721,79.79563,5.3,23.9,1.27,-0.125,50.1,0.51,5.75,0,0
11/21/2023,8.41721,79.79563,6.6,16.7,2.02,0.065,50.1,0.51,5.75,0,0
11/26/2023,8.41721,79.79563,5.5,18.7,1.14,-0.144,50.1,0.51,5.75,0,0
5/11/2024,8.41721,79.79563,42.5,135.6,2.49,0.767,50.1,0.51,5.75,0,0
5/12/2024,8.41721,79.79563,4.6,19.6,0.98,0.016,50.1,0.51,5.75,0,0
11/8/2024,8.41721,79.79563,2.8,7,0.05,0.15,50.1,0.51,5.75,0,0
12/15/2024,8.41721,79.79563,6.5,20.8,1.62,-0.132,50.1,0.51,5.75,0,0
10/9/2016,8.10111,81.48277,52.7,127.4,3.37,0.782,41.2,3.62,0.08,0,0
10/21/2016,8.10111,81.48277,3.7,11.1,2.66,-0.283,41.2,3.62,0.08,0,0
11/16/2016,8.10111,81.48277,74.1,208.5,4.74,1.155,41.2,3.62,0.08,1,2.24
11/19/2016,8.10111,81.48277,0.1,5.4,2.92,-0.018,41.2,3.62,0.08,0,0
5/21/2017,8.10111,81.48277,82.2,223.5,4.92,1.295,41.2,3.62,0.08,1,2.15
5/30/2017,8.10111,81.48277,2,6.6,1.7,0.019,41.2,3.62,0.08,0,0
11/4/2017,8.10111,81.48277,0.8,4.2,1.33,-0.105,41.2,3.62,0.08,0,0
11/7/2017,8.10111,81.48277,33.7,104.1,3.35,0.368,41.2,3.62,0.08,0,0
11/12/2017,8.10111,81.48277,1.3,5.3,2,-0.186,41.2,3.62,0.08,0,0
11/25/2017,8.10111,81.48277,0.2,5.1,2.03,-0.087,41.2,3.62,0.08,0,0
12/1/2017,8.10111,81.48277,139.4,356.2,6.06,1.918,41.2,3.62,0.08,1,3.02
5/11/2018,8.10111,81.48277,0.4,9.4,2.78,-0.216,41.2,3.62,0.08,0,0
10/5/2018,8.10111,81.48277,0.7,6,2.06,0.041,41.2,3.62,0.08,0,0
12/12/2018,8.10111,81.48277,92.1,240.6,5.2,1.347,41.2,3.62,0.08,1,2.07
12/16/2018,8.10111,81.48277,30,67,3.17,-0.009,41.2,3.62,0.08,0,0
12/24/2018,8.10111,81.48277,81.7,232.3,4.87,1.261,41.2,3.62,0.08,1,1.91
10/6/2019,8.10111,81.48277,120.7,281.5,5.53,1.608,41.2,3.62,0.08,1,2.86
10/26/2019,8.10111,81.48277,158.9,424.7,6.89,2.3,41.2,3.62,0.08,1,3.62
10/29/2019,8.10111,81.48277,77.7,187.9,4.18,0.973,41.2,3.62,0.08,1,1.9
11/29/2019,8.10111,81.48277,7.6,23.5,2.43,0.084,41.2,3.62,0.08,0,0
11/30/2019,8.10111,81.48277,0,4.5,1.85,-0.207,41.2,3.62,0.08,0,0
10/4/2020,8.10111,81.48277,2.1,6.2,2.49,-0.132,41.2,3.62,0.08,0,0
11/2/2020,8.10111,81.48277,0.1,2.2,1.92,-0.193,41.2,3.62,0.08,0,0
12/12/2020,8.10111,81.48277,2.6,6.7,2.33,-0.236,41.2,3.62,0.08,0,0
5/9/2021,8.10111,81.48277,80,257,5.61,1.341,41.2,3.62,0.08,0,0
10/2/2021,8.10111,81.48277,0,1.2,1.74,-0.202,41.2,3.62,0.08,0,0
10/26/2021,8.10111,81.48277,67.2,188.1,4.29,0.935,41.2,3.62,0.08,0,0
12/24/2021,8.10111,81.48277,1.1,7.3,1.66,-0.133,41.2,3.62,0.08,0,0
5/28/2022,8.10111,81.48277,0.8,2.4,2.11,0,41.2,3.62,0.08,0,0
10/3/2022,8.10111,81.48277,1.9,7.9,1.97,-0.02,41.2,3.62,0.08,0,0
10/19/2022,8.10111,81.48277,85.2,227.1,4.76,1.445,41.2,3.62,0.08,0,0
10/31/2022,8.10111,81.48277,2.2,14.7,2.93,0.002,41.2,3.62,0.08,0,0
11/1/2022,8.10111,81.48277,11.6,28.5,2.21,0.06,41.2,3.62,0.08,0,0
11/11/2022,8.10111,81.48277,0.4,16.2,2.65,-0.229,41.2,3.62,0.08,0,0
11/13/2022,8.10111,81.48277,0,1.1,1.89,-0.24,41.2,3.62,0.08,0,0
11/26/2022,8.10111,81.48277,10.8,26.6,2.83,-0.178,41.2,3.62,0.08,0,0
5/15/2023,8.10111,81.48277,0.1,6.2,2.05,-0.361,41.2,3.62,0.08,0,0
5/26/2023,8.10111,81.48277,27.5,58.4,3.06,0.425,41.2,3.62,0.08,0,0
11/6/2023,8.10111,81.48277,2.1,7.9,1.89,-0.147,41.2,3.62,0.08,0,0
11/21/2023,8.10111,81.48277,1.7,8.5,2.31,0.041,41.2,3.62,0.08,0,0
11/26/2023,8.10111,81.48277,114.5,288.3,5.64,1.666,41.2,3.62,0.08,1,2.23
5/11/2024,8.10111,81.48277,55.8,150.3,4.06,0.675,41.2,3.62,0.08,0,0
5/12/2024,8.10111,81.48277,85.9,233.9,5.08,1.156,41.2,3.62,0.08,0,0
11/8/2024,8.10111,81.48277,16.9,49.3,2.41,0.207,41.2,3.62,0.08,0,0
12/15/2024,8.10111,81.48277,76.8,197.2,4.54,1.254,41.2,3.62,0.08,0,0
10/9/2016,7.64685,81.25476,0,9,0.44,0.334,0.5,0.19,4.89,0,0
10/21/2016,7.64685,81.25476,2.7,9.6,0.68,-0.147,0.5,0.19,4.89,0,0
11/16/2016,7.64685,81.25476,17.3,40.5,1.58,0.254,0.5,0.19,4.89,0,0
11/19/2016,7.64685,81.25476,0.9,10.5,0.89,-0.123,0.5,0.19,4.89,0,0
5/21/2017,7.64685,81.25476,10.2,25.2,0.85,0.054,0.5,0.19,4.89,0,0
5/30/2017,7.64685,81.25476,100.4,244.5,3.81,1.449,0.5,0.19,4.89,1,2.45
11/4/2017,7.64685,81.25476,79.3,177.2,3.21,0.953,0.5,0.19,4.89,0,0
11/7/2017,7.64685,81.25476,73.9,201.6,3.07,1.093,0.5,0.19,4.89,1,1.74
11/12/2017,7.64685,81.25476,19.5,48.6,1.21,0.291,0.5,0.19,4.89,0,0
11/25/2017,7.64685,81.25476,37.8,110.4,2.27,0.549,0.5,0.19,4.89,0,0
12/1/2017,7.64685,81.25476,11.4,29.3,1.26,-0.074,0.5,0.19,4.89,0,0
5/11/2018,7.64685,81.25476,0.9,2.6,0.51,-0.162,0.5,0.19,4.89,0,0
10/5/2018,7.64685,81.25476,27.3,70.4,0.97,0.557,0.5,0.19,4.89,0,0
12/12/2018,7.64685,81.25476,34,84.2,2.15,0.252,0.5,0.19,4.89,0,0
12/16/2018,7.64685,81.25476,1.4,4.3,0.79,-0.178,0.5,0.19,4.89,0,0
12/24/2018,7.64685,81.25476,16.5,30.1,1.12,0.098,0.5,0.19,4.89,0,0
10/6/2019,7.64685,81.25476,12.4,30.6,1.3,0.087,0.5,0.19,4.89,0,0
10/26/2019,7.64685,81.25476,118,286.5,4.04,1.801,0.5,0.19,4.89,0,0
10/29/2019,7.64685,81.25476,50,103.3,2.1,0.435,0.5,0.19,4.89,0,0
11/29/2019,7.64685,81.25476,0.1,11.5,1.26,-0.153,0.5,0.19,4.89,0,0
11/30/2019,7.64685,81.25476,5.4,15.5,1.06,-0.027,0.5,0.19,4.89,0,0
10/4/2020,7.64685,81.25476,0,9.7,0.94,-0.413,0.5,0.19,4.89,0,0
11/2/2020,7.64685,81.25476,3.2,26.4,0.82,-0.177,0.5,0.19,4.89,0,0
12/12/2020,7.64685,81.25476,0,0.5,0.79,0.008,0.5,0.19,4.89,0,0
5/9/2021,7.64685,81.25476,3,12.1,0.71,-0.193,0.5,0.19,4.89,0,0
10/2/2021,7.64685,81.25476,70.5,171.5,2.36,1.165,0.5,0.19,4.89,0,0
10/26/2021,7.64685,81.25476,8.1,23.5,0.84,0.139,0.5,0.19,4.89,0,0
12/24/2021,7.64685,81.25476,0.5,9.3,1.06,-0.09,0.5,0.19,4.89,0,0
5/28/2022,7.64685,81.25476,107.1,273.4,3.89,1.632,0.5,0.19,4.89,1,2.44
10/3/2022,7.64685,81.25476,5.2,14.3,1.02,-0.053,0.5,0.19,4.89,0,0
10/19/2022,7.64685,81.25476,49.1,159.4,2.4,0.823,0.5,0.19,4.89,1,1.36
10/31/2022,7.64685,81.25476,4,13.1,0.92,-0.064,0.5,0.19,4.89,0,0
11/1/2022,7.64685,81.25476,0.1,1.7,0.05,-0.057,0.5,0.19,4.89,0,0
11/11/2022,7.64685,81.25476,1.4,3.7,0.83,-0.294,0.5,0.19,4.89,0,0
11/13/2022,7.64685,81.25476,12.3,34.6,1.64,0.053,0.5,0.19,4.89,0,0
11/26/2022,7.64685,81.25476,76.9,229.6,3.4,1.146,0.5,0.19,4.89,1,1.76
5/15/2023,7.64685,81.25476,1.2,2.8,0.22,0.007,0.5,0.19,4.89,0,0
5/26/2023,7.64685,81.25476,28.8,57.1,1.54,0.197,0.5,0.19,4.89,0,0
11/6/2023,7.64685,81.25476,38.4,97.7,2.01,0.492,0.5,0.19,4.89,0,0
11/21/2023,7.64685,81.25476,8.5,25.7,1.59,-0.109,0.5,0.19,4.89,0,0
11/26/2023,7.64685,81.25476,24.8,80.8,1.77,0.288,0.5,0.19,4.89,0,0
5/11/2024,7.64685,81.25476,0.1,1.5,0.98,-0.141,0.5,0.19,4.89,0,0
5/12/2024,7.64685,81.25476,3.3,11,0.43,-0.067,0.5,0.19,4.89,0,0
11/8/2024,7.64685,81.25476,122.1,291.3,5.21,2.075,0.5,0.19,4.89,1,3.25
12/15/2024,7.64685,81.25476,14.5,40.9,1.14,0.042,0.5,0.19,4.89,0,0
10/9/2016,8.2658,81.00275,66,128.8,4.52,0.884,1.5,2.05,0.39,0,0
10/21/2016,8.2658,81.00275,20.8,57.9,3.63,0.194,1.5,2.05,0.39,0,0
11/16/2016,8.2658,81.00275,126.1,313.4,7.05,1.788,1.5,2.05,0.39,1,3.51
11/19/2016,8.2658,81.00275,33.5,71,3.5,0.446,1.5,2.05,0.39,1,1.33
5/21/2017,8.2658,81.00275,94.9,192.3,5.54,1.09,1.5,2.05,0.39,1,2.38
5/30/2017,8.2658,81.00275,39.1,93.8,4.21,0.471,1.5,2.05,0.39,0,0
11/4/2017,8.2658,81.00275,0.6,11.2,3.26,0.007,1.5,2.05,0.39,0,0
11/7/2017,8.2658,81.00275,53.6,142.8,4.27,0.751,1.5,2.05,0.39,0,0
11/12/2017,8.2658,81.00275,3.1,11.1,3.23,-0.211,1.5,2.05,0.39,0,0
11/25/2017,8.2658,81.00275,125.4,274,6.05,1.549,1.5,2.05,0.39,1,2.88
12/1/2017,8.2658,81.00275,55.9,124.3,3.98,0.684,1.5,2.05,0.39,1,2.11
5/11/2018,8.2658,81.00275,18.3,45.5,3.3,0.142,1.5,2.05,0.39,0,0
10/5/2018,8.2658,81.00275,2.5,12,3.45,-0.1,1.5,2.05,0.39,0,0
12/12/2018,8.2658,81.00275,4.9,13.5,3.1,-0.061,1.5,2.05,0.39,0,0
12/16/2018,8.2658,81.00275,78.8,162.1,5.26,1.112,1.5,2.05,0.39,1,2.43
12/24/2018,8.2658,81.00275,5.1,13.7,3.67,-0.076,1.5,2.05,0.39,0,0
10/6/2019,8.2658,81.00275,37.4,92.8,3.91,0.477,1.5,2.05,0.39,0,0
10/26/2019,8.2658,81.00275,118.2,356.9,7.36,1.745,1.5,2.05,0.39,1,3.77
10/29/2019,8.2658,81.00275,1,3.4,2.74,-0.178,1.5,2.05,0.39,0,0
11/29/2019,8.2658,81.00275,50.6,140.5,4.38,0.695,1.5,2.05,0.39,1,1.71
11/30/2019,8.2658,81.00275,0.2,0.7,2.88,-0.218,1.5,2.05,0.39,0,0
10/4/2020,8.2658,81.00275,0.8,4.5,2.97,0.083,1.5,2.05,0.39,0,0
11/2/2020,8.2658,81.00275,2.6,8.8,3.13,-0.109,1.5,2.05,0.39,0,0
12/12/2020,8.2658,81.00275,63.3,148.6,4.95,0.971,1.5,2.05,0.39,1,1.77
5/9/2021,8.2658,81.00275,17.9,43.1,3.31,0.313,1.5,2.05,0.39,0,0
10/2/2021,8.2658,81.00275,54.1,151.5,4.83,0.822,1.5,2.05,0.39,1,1.86
10/26/2021,8.2658,81.00275,94,230.7,5.07,1.4,1.5,2.05,0.39,1,2.52
12/24/2021,8.2658,81.00275,2.3,5.7,2.74,-0.283,1.5,2.05,0.39,0,0
5/28/2022,8.2658,81.00275,70.3,220.8,5.8,1.115,1.5,2.05,0.39,1,2.54
10/3/2022,8.2658,81.00275,16.7,45.9,3.67,0.085,1.5,2.05,0.39,0,0
10/19/2022,8.2658,81.00275,3.4,20.5,2.55,-0.079,1.5,2.05,0.39,0,0
10/31/2022,8.2658,81.00275,12.3,32.1,3.28,0.263,1.5,2.05,0.39,0,0
11/1/2022,8.2658,81.00275,256.8,608,9.2,2.3,1.5,2.05,0.39,1,3.8
11/11/2022,8.2658,81.00275,2.5,18.8,3.16,-0.025,1.5,2.05,0.39,0,0
11/13/2022,8.2658,81.00275,0.8,7.4,2.93,-0.018,1.5,2.05,0.39,0,0
11/26/2022,8.2658,81.00275,0,0.5,2.97,-0.328,1.5,2.05,0.39,0,0
5/15/2023,8.2658,81.00275,2,9.3,2.94,-0.126,1.5,2.05,0.39,0,0
5/26/2023,8.2658,81.00275,1.7,4.6,2.84,-0.157,1.5,2.05,0.39,0,0
11/6/2023,8.2658,81.00275,128.9,407.3,7.44,2.036,1.5,2.05,0.39,1,3.8
11/21/2023,8.2658,81.00275,7.9,21,2.67,-0.077,1.5,2.05,0.39,0,0
11/26/2023,8.2658,81.00275,1.3,5.2,3.22,-0.29,1.5,2.05,0.39,0,0
5/11/2024,8.2658,81.00275,0.1,0.3,2.92,-0.159,1.5,2.05,0.39,0,0
5/12/2024,8.2658,81.00275,1.6,12.9,2.82,-0.048,1.5,2.05,0.39,0,0
11/8/2024,8.2658,81.00275,6.2,15.7,2.95,-0.052,1.5,2.05,0.39,0,0
12/15/2024,8.2658,81.00275,58.9,180.9,5.04,0.844,1.5,2.05,0.39,1,2.26
10/9/2016,8.08955,80.48612,2.1,11.4,2.81,-0.227,13.5,0.67,1.14,0,0
10/21/2016,8.08955,80.48612,0,1,2.68,-0.214,13.5,0.67,1.14,0,0
11/16/2016,8.08955,80.48612,0.9,2.7,2.7,-0.132,13.5,0.67,1.14,0,0
11/19/2016,8.08955,80.48612,0.5,3.5,2.15,0.032,13.5,0.67,1.14,0,0
5/21/2017,8.08955,80.48612,0.5,4.9,2.37,-0.072,13.5,0.67,1.14,0,0
5/30/2017,8.08955,80.48612,13.5,34.9,3.03,0.215,13.5,0.67,1.14,0,0
11/4/2017,8.08955,80.48612,0.2,4.3,2.22,-0.388,13.5,0.67,1.14,0,0
11/7/2017,8.08955,80.48612,2.2,10.3,1.54,-0.034,13.5,0.67,1.14,0,0
11/12/2017,8.08955,80.48612,0.5,4.4,1.87,-0.28,13.5,0.67,1.14,0,0
11/25/2017,8.08955,80.48612,3.6,10.8,2.26,-0.157,13.5,0.67,1.14,0,0
12/1/2017,8.08955,80.48612,16.6,50,3.04,0.031,13.5,0.67,1.14,0,0
5/11/2018,8.08955,80.48612,0.6,4.9,2.56,-0.167,13.5,0.67,1.14,0,0
10/5/2018,8.08955,80.48612,59.9,152.3,4.05,0.666,13.5,0.67,1.14,0,0
12/12/2018,8.08955,80.48612,0.2,3.3,2.58,-0.054,13.5,0.67,1.14,0,0
12/16/2018,8.08955,80.48612,0.2,4.6,2.82,-0.14,13.5,0.67,1.14,0,0
12/24/2018,8.08955,80.48612,7.1,16.7,2.64,0.072,13.5,0.67,1.14,0,0
10/6/2019,8.08955,80.48612,4.4,11.9,2.22,0.033,13.5,0.67,1.14,0,0
10/26/2019,8.08955,80.48612,3.7,20.5,3.01,0.057,13.5,0.67,1.14,0,0
10/29/2019,8.08955,80.48612,1.8,5.7,2.38,-0.031,13.5,0.67,1.14,0,0
11/29/2019,8.08955,80.48612,50,137,4.6,0.543,13.5,0.67,1.14,1,1.43
11/30/2019,8.08955,80.48612,33.5,70.5,3.41,0.486,13.5,0.67,1.14,0,0
10/4/2020,8.08955,80.48612,6.4,23.9,2.62,0.043,13.5,0.67,1.14,0,0
11/2/2020,8.08955,80.48612,0.2,2.5,2.14,-0.003,13.5,0.67,1.14,0,0
12/12/2020,8.08955,80.48612,0.1,2.9,2.67,0.017,13.5,0.67,1.14,0,0
5/9/2021,8.08955,80.48612,2.1,5.9,3.07,-0.089,13.5,0.67,1.14,0,0
10/2/2021,8.08955,80.48612,6.7,17.4,2.41,0.036,13.5,0.67,1.14,0,0
10/26/2021,8.08955,80.48612,0.2,0.9,2.61,-0.283,13.5,0.67,1.14,0,0
12/24/2021,8.08955,80.48612,0.8,7.6,2.67,-0.069,13.5,0.67,1.14,0,0
5/28/2022,8.08955,80.48612,5,14.4,2.59,0.002,13.5,0.67,1.14,0,0
10/3/2022,8.08955,80.48612,2.4,10.2,2.16,-0.183,13.5,0.67,1.14,0,0
10/19/2022,8.08955,80.48612,0.6,2,2.7,-0.082,13.5,0.67,1.14,0,0
10/31/2022,8.08955,80.48612,87.2,247.7,5.78,1.393,13.5,0.67,1.14,1,2.54
11/1/2022,8.08955,80.48612,77.3,208.4,5.15,1.15,13.5,0.67,1.14,0,0
11/11/2022,8.08955,80.48612,37.2,97.9,3.13,0.595,13.5,0.67,1.14,0,0
11/13/2022,8.08955,80.48612,0.5,8.9,2.51,-0.225,13.5,0.67,1.14,0,0
11/26/2022,8.08955,80.48612,0.8,3.4,2.6,0.004,13.5,0.67,1.14,0,0
5/15/2023,8.08955,80.48612,1.6,9.6,2.35,-0.173,13.5,0.67,1.14,0,0
5/26/2023,8.08955,80.48612,7,21.5,2.76,-0.116,13.5,0.67,1.14,1,0.89
11/6/2023,8.08955,80.48612,6.2,20.7,3.13,0.106,13.5,0.67,1.14,0,0
11/21/2023,8.08955,80.48612,9.2,20.5,2.79,0.027,13.5,0.67,1.14,0,0
11/26/2023,8.08955,80.48612,3.4,9.1,3.03,0.034,13.5,0.67,1.14,0,0
5/11/2024,8.08955,80.48612,0.7,4.8,2.15,-0.178,13.5,0.67,1.14,0,0
5/12/2024,8.08955,80.48612,0,12.9,3.05,-0.142,13.5,0.67,1.14,1,1
11/8/2024,8.08955,80.48612,1.3,11.6,2.53,-0.269,13.5,0.67,1.14,0,0
12/15/2024,8.08955,80.48612,0.9,5.5,2.56,-0.131,13.5,0.67,1.14,0,0
10/9/2016,6.48508,80.06193,2.4,15.4,1.24,-0.175,49.7,1.38,3.81,0,0
10/21/2016,6.48508,80.06193,14.5,52.2,1.68,0.252,49.7,1.38,3.81,0,0
11/16/2016,6.48508,80.06193,1.6,5.8,1.11,-0.042,49.7,1.38,3.81,0,0
11/19/2016,6.48508,80.06193,0.9,6.2,1.85,-0.299,49.7,1.38,3.81,0,0
5/21/2017,6.48508,80.06193,105.8,249.7,4.59,1.439,49.7,1.38,3.81,1,1.95
5/30/2017,6.48508,80.06193,21.4,57.5,1.79,0.344,49.7,1.38,3.81,0,0
11/4/2017,6.48508,80.06193,1.3,4.7,2.14,-0.256,49.7,1.38,3.81,0,0
11/7/2017,6.48508,80.06193,0,2.7,1.45,-0.248,49.7,1.38,3.81,0,0
11/12/2017,6.48508,80.06193,56.1,115.3,2.72,0.704,49.7,1.38,3.81,0,0
11/25/2017,6.48508,80.06193,8.3,18.9,1.78,-0.063,49.7,1.38,3.81,0,0
12/1/2017,6.48508,80.06193,2.7,8.8,1.24,-0.023,49.7,1.38,3.81,0,0
5/11/2018,6.48508,80.06193,0.1,2.7,1.31,-0.043,49.7,1.38,3.81,0,0
10/5/2018,6.48508,80.06193,56.6,148.4,2.74,1.025,49.7,1.38,3.81,0,0
12/12/2018,6.48508,80.06193,5.4,19.8,1.23,-0.179,49.7,1.38,3.81,0,0
12/16/2018,6.48508,80.06193,0.2,5.6,1.08,0.151,49.7,1.38,3.81,0,0
12/24/2018,6.48508,80.06193,8.5,29.8,2.04,0.216,49.7,1.38,3.81,0,0
10/6/2019,6.48508,80.06193,7.2,28.7,1.52,0.032,49.7,1.38,3.81,0,0
10/26/2019,6.48508,80.06193,1.5,3.5,1.15,0.047,49.7,1.38,3.81,0,0
10/29/2019,6.48508,80.06193,0.3,1.8,1.14,-0.216,49.7,1.38,3.81,0,0
11/29/2019,6.48508,80.06193,0.8,3.1,1.82,-0.1,49.7,1.38,3.81,0,0
11/30/2019,6.48508,80.06193,2.2,9.8,1.02,-0.199,49.7,1.38,3.81,0,0
10/4/2020,6.48508,80.06193,6.1,11.7,0.77,0.164,49.7,1.38,3.81,0,0
11/2/2020,6.48508,80.06193,9,18.6,2.12,-0.017,49.7,1.38,3.81,0,0
12/12/2020,6.48508,80.06193,1,14.4,1.52,0.14,49.7,1.38,3.81,0,0
5/9/2021,6.48508,80.06193,0,4.8,1.4,-0.189,49.7,1.38,3.81,0,0
10/2/2021,6.48508,80.06193,0,7.6,1.91,-0.179,49.7,1.38,3.81,0,0
10/26/2021,6.48508,80.06193,2.8,10.3,1.66,0.014,49.7,1.38,3.81,0,0
12/24/2021,6.48508,80.06193,4,9,1.6,-0.267,49.7,1.38,3.81,0,0
5/28/2022,6.48508,80.06193,76.9,148.7,3.23,0.823,49.7,1.38,3.81,0,0
10/3/2022,6.48508,80.06193,62.3,137.3,3.06,0.823,49.7,1.38,3.81,0,0
10/19/2022,6.48508,80.06193,0.7,3.8,1.42,-0.29,49.7,1.38,3.81,0,0
10/31/2022,6.48508,80.06193,0.2,9.2,1.19,-0.14,49.7,1.38,3.81,0,0
11/1/2022,6.48508,80.06193,75,164.6,3.37,0.964,49.7,1.38,3.81,0,0
11/11/2022,6.48508,80.06193,5.1,16.1,1.63,-0.142,49.7,1.38,3.81,0,0
11/13/2022,6.48508,80.06193,0,6.8,1.5,0.027,49.7,1.38,3.81,0,0
11/26/2022,6.48508,80.06193,0.6,23.4,1.24,-0.094,49.7,1.38,3.81,0,0
5/15/2023,6.48508,80.06193,5.3,22.6,1.58,0.084,49.7,1.38,3.81,0,0
5/26/2023,6.48508,80.06193,15.8,42.8,1.62,0.192,49.7,1.38,3.81,0,0
11/6/2023,6.48508,80.06193,62.3,191.7,3.48,1.121,49.7,1.38,3.81,0,0
11/21/2023,6.48508,80.06193,0.1,3.5,1.36,-0.101,49.7,1.38,3.81,0,0
11/26/2023,6.48508,80.06193,5.3,19.9,1.53,-0.287,49.7,1.38,3.81,0,0
5/11/2024,6.48508,80.06193,1.8,30.9,1.85,0.224,49.7,1.38,3.81,0,0
5/12/2024,6.48508,80.06193,2.3,7.2,1.88,-0.049,49.7,1.38,3.81,0,0
11/8/2024,6.48508,80.06193,0,1,1.71,-0.092,49.7,1.38,3.81,0,0
12/15/2024,6.48508,80.06193,43.1,119.5,2.79,0.618,49.7,1.38,3.81,0,0
10/9/2016,8.32065,80.03159,0,0.1,0.67,-0.285,101,1.17,0.49,0,0
10/21/2016,8.32065,80.03159,2.4,10.7,0.23,0.109,101,1.17,0.49,0,0
11/16/2016,8.32065,80.03159,1,12.7,0.67,-0.05,101,1.17,0.49,0,0
11/19/2016,8.32065,80.03159,99.2,248.6,3.99,1.513,101,1.17,0.49,0,0
5/21/2017,8.32065,80.03159,5.9,18.5,1.45,0.002,101,1.17,0.49,0,0
5/30/2017,8.32065,80.03159,1.5,3.4,0.93,-0.165,101,1.17,0.49,0,0
11/4/2017,8.32065,80.03159,5.6,17.8,0.73,-0.014,101,1.17,0.49,0,0
11/7/2017,8.32065,80.03159,5.8,11.8,0.78,-0.121,101,1.17,0.49,0,0
11/12/2017,8.32065,80.03159,3.9,16.9,0.98,-0.07,101,1.17,0.49,0,0
11/25/2017,8.32065,80.03159,36.8,92.8,2,0.311,101,1.17,0.49,0,0
12/1/2017,8.32065,80.03159,11.4,28.9,1.26,0.1,101,1.17,0.49,0,0
5/11/2018,8.32065,80.03159,3.5,8.8,1.1,-0.213,101,1.17,0.49,0,0
10/5/2018,8.32065,80.03159,136.1,315.9,4.33,2.001,101,1.17,0.49,0,0
12/12/2018,8.32065,80.03159,13.4,28.8,0.87,0.084,101,1.17,0.49,0,0
12/16/2018,8.32065,80.03159,1.2,8.1,1.14,-0.141,101,1.17,0.49,0,0
12/24/2018,8.32065,80.03159,5.8,16.2,1.5,-0.016,101,1.17,0.49,0,0
10/6/2019,8.32065,80.03159,64.9,147.2,2.46,0.944,101,1.17,0.49,0,0
10/26/2019,8.32065,80.03159,4.9,25.6,1.54,-0.068,101,1.17,0.49,0,0
10/29/2019,8.32065,80.03159,0.2,1.3,0.98,-0.149,101,1.17,0.49,0,0
11/29/2019,8.32065,80.03159,0.1,11.8,1.57,-0.115,101,1.17,0.49,0,0
11/30/2019,8.32065,80.03159,5.8,16.1,1.82,-0.039,101,1.17,0.49,0,0
10/4/2020,8.32065,80.03159,1.2,10.2,1.06,0.088,101,1.17,0.49,0,0
11/2/2020,8.32065,80.03159,1.2,7.6,1,0.02,101,1.17,0.49,0,0
12/12/2020,8.32065,80.03159,1.7,4.7,1.14,0.052,101,1.17,0.49,0,0
5/9/2021,8.32065,80.03159,4,11.8,1.08,-0.134,101,1.17,0.49,0,0
10/2/2021,8.32065,80.03159,122.1,327.9,4.77,1.948,101,1.17,0.49,0,0
10/26/2021,8.32065,80.03159,31.9,69.6,1.53,0.619,101,1.17,0.49,0,0
12/24/2021,8.32065,80.03159,85.3,225.3,3,1.238,101,1.17,0.49,0,0
5/28/2022,8.32065,80.03159,6.3,13.6,1.2,-0.047,101,1.17,0.49,0,0
10/3/2022,8.32065,80.03159,9.2,25,1.1,-0.133,101,1.17,0.49,0,0
10/19/2022,8.32065,80.03159,15.4,42.6,0.93,0.295,101,1.17,0.49,0,0
10/31/2022,8.32065,80.03159,122.7,295.5,4.99,1.892,101,1.17,0.49,0,0
11/1/2022,8.32065,80.03159,88.1,197.9,2.74,1.153,101,1.17,0.49,0,0
11/11/2022,8.32065,80.03159,0,3.2,0.75,0.019,101,1.17,0.49,0,0
11/13/2022,8.32065,80.03159,2.6,10.5,1.39,-0.103,101,1.17,0.49,0,0
11/26/2022,8.32065,80.03159,0.8,4.3,0.82,0.169,101,1.17,0.49,0,0
5/15/2023,8.32065,80.03159,2.2,5.8,0.79,-0.318,101,1.17,0.49,0,0
5/26/2023,8.32065,80.03159,3.2,15.8,1.07,-0.267,101,1.17,0.49,0,0
11/6/2023,8.32065,80.03159,0.1,0.8,0.77,0.155,101,1.17,0.49,0,0
11/21/2023,8.32065,80.03159,21.5,48.7,0.88,0.201,101,1.17,0.49,0,0
11/26/2023,8.32065,80.03159,68.1,121.6,2.33,0.755,101,1.17,0.49,0,0
5/11/2024,8.32065,80.03159,17.6,32.8,1.38,-0.152,101,1.17,0.49,0,0
5/12/2024,8.32065,80.03159,4.7,21.9,1.04,-0.169,101,1.17,0.49,0,0
11/8/2024,8.32065,80.03159,0.1,3.6,0.69,-0.28,101,1.17,0.49,0,0
12/15/2024,8.32065,80.03159,76.8,209.3,3.34,0.884,101,1.17,0.49,0,0
10/9/2016,7.40229,80.20044,1.7,7.8,1.85,-0.188,5.3,1,4.77,0,0
10/21/2016,7.40229,80.20044,60.1,187.7,3.76,0.901,5.3,1,4.77,0,0
11/16/2016,7.40229,80.20044,3.1,13.6,1.31,0.156,5.3,1,4.77,0,0
11/19/2016,7.40229,80.20044,2.1,5.6,1.9,0.023,5.3,1,4.77,0,0
5/21/2017,7.40229,80.20044,0.3,4,1.76,-0.021,5.3,1,4.77,0,0
5/30/2017,7.40229,80.20044,84.3,191.8,4.18,1.116,5.3,1,4.77,1,2.2
11/4/2017,7.40229,80.20044,0.4,27.1,1.4,-0.171,5.3,1,4.77,0,0
11/7/2017,7.40229,80.20044,1.5,6.8,1.6,-0.251,5.3,1,4.77,0,0
11/12/2017,7.40229,80.20044,10.7,29.6,1.09,0.001,5.3,1,4.77,0,0
11/25/2017,7.40229,80.20044,0,4.6,2.01,-0.168,5.3,1,4.77,0,0
12/1/2017,7.40229,80.20044,53.3,136.4,2.77,0.507,5.3,1,4.77,0,0
5/11/2018,7.40229,80.20044,9,30,1.66,-0.049,5.3,1,4.77,0,0
10/5/2018,7.40229,80.20044,0.1,3.3,1.66,-0.208,5.3,1,4.77,0,0
12/12/2018,7.40229,80.20044,0.1,1,1.18,-0.249,5.3,1,4.77,0,0
12/16/2018,7.40229,80.20044,4.3,13.5,1.34,-0.114,5.3,1,4.77,0,0
12/24/2018,7.40229,80.20044,0.7,2.8,1.36,-0.064,5.3,1,4.77,0,0
10/6/2019,7.40229,80.20044,2.6,11.6,1.45,-0.133,5.3,1,4.77,0,0
10/26/2019,7.40229,80.20044,0,0.7,1.74,-0.202,5.3,1,4.77,0,0
10/29/2019,7.40229,80.20044,1.9,5.6,1.77,-0.135,5.3,1,4.77,0,0
11/29/2019,7.40229,80.20044,80.4,158.4,3.88,0.807,5.3,1,4.77,0,0
11/30/2019,7.40229,80.20044,0.2,4.1,2.26,-0.156,5.3,1,4.77,0,0
10/4/2020,7.40229,80.20044,1.8,14.5,1.71,-0.213,5.3,1,4.77,0,0
11/2/2020,7.40229,80.20044,13.3,40.6,2.45,0.177,5.3,1,4.77,0,0
12/12/2020,7.40229,80.20044,0.3,3.3,1.45,-0.279,5.3,1,4.77,0,0
5/9/2021,7.40229,80.20044,0.6,4.7,1.1,0.061,5.3,1,4.77,0,0
10/2/2021,7.40229,80.20044,0.7,12.6,1.11,-0.355,5.3,1,4.77,0,0
10/26/2021,7.40229,80.20044,52.1,143.1,2.65,0.79,5.3,1,4.77,1,1.65
12/24/2021,7.40229,80.20044,68.8,175,3.34,0.909,5.3,1,4.77,1,1.89
5/28/2022,7.40229,80.20044,88.5,233.6,4.19,1.407,5.3,1,4.77,0,0
10/3/2022,7.40229,80.20044,3.6,11,0.9,-0.136,5.3,1,4.77,0,0
10/19/2022,7.40229,80.20044,27.7,64.3,2.59,0.03,5.3,1,4.77,0,0
10/31/2022,7.40229,80.20044,140.4,441.6,6.53,2.237,5.3,1,4.77,1,3.8
11/1/2022,7.40229,80.20044,7.9,29.4,1.35,-0.029,5.3,1,4.77,0,0
11/11/2022,7.40229,80.20044,0.9,2.7,1.51,-0.291,5.3,1,4.77,0,0
11/13/2022,7.40229,80.20044,2,5.4,1.97,-0.086,5.3,1,4.77,0,0
11/26/2022,7.40229,80.20044,4.9,21.5,1.84,0.084,5.3,1,4.77,0,0
5/15/2023,7.40229,80.20044,1.7,14.3,0.97,-0.169,5.3,1,4.77,0,0
5/26/2023,7.40229,80.20044,51.2,120,2.47,0.696,5.3,1,4.77,0,0
11/6/2023,7.40229,80.20044,0.3,5.3,1.55,-0.092,5.3,1,4.77,0,0
11/21/2023,7.40229,80.20044,0.8,2.8,1.87,-0.049,5.3,1,4.77,0,0
11/26/2023,7.40229,80.20044,0.4,4.1,1.71,-0.202,5.3,1,4.77,0,0
5/11/2024,7.40229,80.20044,2,5.6,0.73,-0.047,5.3,1,4.77,0,0
5/12/2024,7.40229,80.20044,0.1,5.7,1.87,-0.045,5.3,1,4.77,0,0
11/8/2024,7.40229,80.20044,0,1.4,1.66,-0.079,5.3,1,4.77,0,0
12/15/2024,7.40229,80.20044,0.1,12.9,2.35,0.009,5.3,1,4.77,0,0
10/9/2016,8.09934,80.73861,0.3,6.6,2,-0.123,27.8,3.22,5,0,0
10/21/2016,8.09934,80.73861,0.2,1.9,1.77,-0.2,27.8,3.22,5,0,0
11/16/2016,8.09934,80.73861,1.8,15,2.43,-0.028,27.8,3.22,5,0,0
11/19/2016,8.09934,80.73861,2.1,7.7,1.93,-0.251,27.8,3.22,5,0,0
5/21/2017,8.09934,80.73861,2.3,4.4,1.71,-0.162,27.8,3.22,5,0,0
5/30/2017,8.09934,80.73861,0.6,1.7,2.54,0.115,27.8,3.22,5,0,0
11/4/2017,8.09934,80.73861,0.2,3.8,2.39,-0.208,27.8,3.22,5,0,0
11/7/2017,8.09934,80.73861,0.2,3.5,1.59,-0.227,27.8,3.22,5,0,0
11/12/2017,8.09934,80.73861,0.2,0.6,1.85,-0.212,27.8,3.22,5,0,0
11/25/2017,8.09934,80.73861,5.5,21.7,2.51,-0.196,27.8,3.22,5,0,0
12/1/2017,8.09934,80.73861,110,324.5,5.78,1.684,27.8,3.22,5,1,2.62
5/11/2018,8.09934,80.73861,2.3,8.1,1.63,-0.144,27.8,3.22,5,0,0
10/5/2018,8.09934,80.73861,0,1.4,2.56,-0.127,27.8,3.22,5,0,0
12/12/2018,8.09934,80.73861,79.8,236.6,5.03,1.269,27.8,3.22,5,1,2.17
12/16/2018,8.09934,80.73861,0,0.7,2.44,-0.055,27.8,3.22,5,0,0
12/24/2018,8.09934,80.73861,0.1,0.5,2.04,-0.229,27.8,3.22,5,0,0
10/6/2019,8.09934,80.73861,0.9,13.6,2.26,0.176,27.8,3.22,5,0,0
10/26/2019,8.09934,80.73861,9,31.5,2.2,-0.104,27.8,3.22,5,0,0
10/29/2019,8.09934,80.73861,4.2,19.7,2,-0.082,27.8,3.22,5,0,0
11/29/2019,8.09934,80.73861,4.3,12.5,2.59,-0.014,27.8,3.22,5,0,0
11/30/2019,8.09934,80.73861,4.5,11.8,2.22,-0.131,27.8,3.22,5,0,0
10/4/2020,8.09934,80.73861,1,3.4,1.81,-0.131,27.8,3.22,5,0,0
11/2/2020,8.09934,80.73861,0,0.1,2.25,-0.207,27.8,3.22,5,0,0
12/12/2020,8.09934,80.73861,0.2,4.6,1.46,-0.083,27.8,3.22,5,0,0
5/9/2021,8.09934,80.73861,8.2,28.1,2.01,0.046,27.8,3.22,5,0,0
10/2/2021,8.09934,80.73861,6.8,15.4,2.24,0.141,27.8,3.22,5,0,0
10/26/2021,8.09934,80.73861,0.5,11.9,2.74,-0.195,27.8,3.22,5,0,0
12/24/2021,8.09934,80.73861,2.3,12.2,2,-0.13,27.8,3.22,5,0,0
5/28/2022,8.09934,80.73861,0,11,1.47,-0.091,27.8,3.22,5,0,0
10/3/2022,8.09934,80.73861,3.2,7.8,2.34,-0.295,27.8,3.22,5,0,0
10/19/2022,8.09934,80.73861,1.2,3.9,2.43,0.048,27.8,3.22,5,0,0
10/31/2022,8.09934,80.73861,6.1,20.3,1.83,0.182,27.8,3.22,5,0,0
11/1/2022,8.09934,80.73861,0.5,2,2.45,-0.15,27.8,3.22,5,0,0
11/11/2022,8.09934,80.73861,64.5,198.6,4.99,1.004,27.8,3.22,5,0,0
11/13/2022,8.09934,80.73861,129.1,411.8,6.55,2.3,27.8,3.22,5,1,3.47
11/26/2022,8.09934,80.73861,98.4,275.3,5.01,1.519,27.8,3.22,5,1,1.89
5/15/2023,8.09934,80.73861,3.4,12.3,2.06,-0.092,27.8,3.22,5,0,0
5/26/2023,8.09934,80.73861,62.2,134,3.3,0.76,27.8,3.22,5,1,1.23
11/6/2023,8.09934,80.73861,0.2,3.7,2.14,0.053,27.8,3.22,5,0,0
11/21/2023,8.09934,80.73861,1.1,5.3,2.23,0.045,27.8,3.22,5,0,0
11/26/2023,8.09934,80.73861,126.6,302.6,6.19,1.56,27.8,3.22,5,1,2.84
5/11/2024,8.09934,80.73861,135.5,268.1,5.49,2.04,27.8,3.22,5,1,2.13
5/12/2024,8.09934,80.73861,12,34.9,1.72,0.116,27.8,3.22,5,0,0
11/8/2024,8.09934,80.73861,55.7,143.9,3.8,0.822,27.8,3.22,5,0,0
12/15/2024,8.09934,80.73861,10.4,39.5,1.63,0.036,27.8,3.22,5,0,0
10/9/2016,8.32984,81.03627,18.7,41.5,2.03,0.366,0.5,0.78,1.98,0,0
10/21/2016,8.32984,81.03627,11.5,28.2,1.67,-0.067,0.5,0.78,1.98,0,0
11/16/2016,8.32984,81.03627,85.5,215.2,4.31,0.966,0.5,0.78,1.98,1,2.21
11/19/2016,8.32984,81.03627,4.9,20.2,1.46,0.012,0.5,0.78,1.98,0,0
5/21/2017,8.32984,81.03627,45.2,94.5,2.64,0.303,0.5,0.78,1.98,0,0
5/30/2017,8.32984,81.03627,0.9,2.5,1.74,-0.089,0.5,0.78,1.98,0,0
11/4/2017,8.32984,81.03627,64.6,182.9,3.55,1.071,0.5,0.78,1.98,0,0
11/7/2017,8.32984,81.03627,0.2,0.5,1.72,-0.128,0.5,0.78,1.98,0,0
11/12/2017,8.32984,81.03627,12.1,35.3,1.65,0.043,0.5,0.78,1.98,1,0.87
11/25/2017,8.32984,81.03627,180.7,389,5.43,2.3,0.5,0.78,1.98,0,0
12/1/2017,8.32984,81.03627,12,35.9,2,0.014,0.5,0.78,1.98,0,0
5/11/2018,8.32984,81.03627,0.1,4.4,1.56,-0.262,0.5,0.78,1.98,0,0
10/5/2018,8.32984,81.03627,4.4,11.3,1.45,0.189,0.5,0.78,1.98,0,0
12/12/2018,8.32984,81.03627,2.3,5.3,1.27,-0.06,0.5,0.78,1.98,0,0
12/16/2018,8.32984,81.03627,12.7,41.1,2.11,-0.127,0.5,0.78,1.98,0,0
12/24/2018,8.32984,81.03627,2.5,5.8,1.79,0.121,0.5,0.78,1.98,0,0
10/6/2019,8.32984,81.03627,0.8,2.3,1.78,-0.077,0.5,0.78,1.98,0,0
10/26/2019,8.32984,81.03627,116.3,261.1,4.01,1.584,0.5,0.78,1.98,1,2.88
10/29/2019,8.32984,81.03627,60.2,146.2,3.16,0.854,0.5,0.78,1.98,1,1.26
11/29/2019,8.32984,81.03627,51.2,112.7,2.56,0.649,0.5,0.78,1.98,0,0
11/30/2019,8.32984,81.03627,2.5,7.2,1.84,0.002,0.5,0.78,1.98,0,0
10/4/2020,8.32984,81.03627,159.9,464.2,7.09,2.3,0.5,0.78,1.98,1,3.8
11/2/2020,8.32984,81.03627,9.1,26.7,1.83,0.024,0.5,0.78,1.98,0,0
12/12/2020,8.32984,81.03627,54.3,141.1,3.6,0.819,0.5,0.78,1.98,1,1.88
5/9/2021,8.32984,81.03627,8.5,28.8,1.56,-0.091,0.5,0.78,1.98,0,0
10/2/2021,8.32984,81.03627,4.7,18.7,1.88,-0.038,0.5,0.78,1.98,0,0
10/26/2021,8.32984,81.03627,61.4,187.8,3.12,0.995,0.5,0.78,1.98,1,2.17
12/24/2021,8.32984,81.03627,0.6,4.2,1.33,-0.108,0.5,0.78,1.98,0,0
5/28/2022,8.32984,81.03627,62,155.2,3.83,0.959,0.5,0.78,1.98,0,0
10/3/2022,8.32984,81.03627,115.1,267.7,4.33,1.434,0.5,0.78,1.98,1,2.7
10/19/2022,8.32984,81.03627,1.1,2.8,1.37,0.08,0.5,0.78,1.98,0,0
10/31/2022,8.32984,81.03627,82.2,191.3,3.8,1.197,0.5,0.78,1.98,1,2.2
11/1/2022,8.32984,81.03627,0,1.7,1.34,-0.222,0.5,0.78,1.98,0,0
11/11/2022,8.32984,81.03627,1.3,17,1.32,0.048,0.5,0.78,1.98,0,0
11/13/2022,8.32984,81.03627,0.1,5.2,1.14,-0.171,0.5,0.78,1.98,0,0
11/26/2022,8.32984,81.03627,2.5,9.2,2.4,-0.13,0.5,0.78,1.98,0,0
5/15/2023,8.32984,81.03627,6.7,16.4,1.86,0.082,0.5,0.78,1.98,0,0
5/26/2023,8.32984,81.03627,1.6,5.8,2.18,-0.14,0.5,0.78,1.98,0,0
11/6/2023,8.32984,81.03627,2.1,13.8,1.7,-0.207,0.5,0.78,1.98,0,0
11/21/2023,8.32984,81.03627,7.8,23.6,1.92,0.062,0.5,0.78,1.98,0,0
11/26/2023,8.32984,81.03627,20.4,55.9,2.55,0.094,0.5,0.78,1.98,0,0
5/11/2024,8.32984,81.03627,8.4,20.6,1.7,0.159,0.5,0.78,1.98,0,0
5/12/2024,8.32984,81.03627,2.4,5.1,0.92,-0.179,0.5,0.78,1.98,0,0
11/8/2024,8.32984,81.03627,0,4.8,2.07,-0.234,0.5,0.78,1.98,0,0
12/15/2024,8.32984,81.03627,18,50.7,2.31,0.159,0.5,0.78,1.98,0,0
10/9/2016,6.82681,80.93836,71.2,185.9,2.66,0.99,81.5,2.67,0.02,1,1.21
10/21/2016,6.82681,80.93836,8,25.5,1.37,-0.267,81.5,2.67,0.02,0,0
11/16/2016,6.82681,80.93836,88.5,236.1,4.01,1.238,81.5,2.67,0.02,0,0
11/19/2016,6.82681,80.93836,10.7,33.6,0.92,-0.141,81.5,2.67,0.02,0,0
5/21/2017,6.82681,80.93836,9.7,25.7,1.63,-0.096,81.5,2.67,0.02,0,0
5/30/2017,6.82681,80.93836,65.4,154.4,2.15,0.817,81.5,2.67,0.02,0,0
11/4/2017,6.82681,80.93836,4.1,38.8,0.97,0.044,81.5,2.67,0.02,0,0
11/7/2017,6.82681,80.93836,1.7,9.7,0.28,-0.073,81.5,2.67,0.02,0,0
11/12/2017,6.82681,80.93836,8,33.6,1.84,0.103,81.5,2.67,0.02,0,0
11/25/2017,6.82681,80.93836,85.9,224.6,3.71,1.262,81.5,2.67,0.02,0,0
12/1/2017,6.82681,80.93836,0.4,11.3,0.96,-0.274,81.5,2.67,0.02,0,0
5/11/2018,6.82681,80.93836,7.9,22.7,0.84,0.105,81.5,2.67,0.02,0,0
10/5/2018,6.82681,80.93836,4.4,13.6,0.78,-0.07,81.5,2.67,0.02,0,0
12/12/2018,6.82681,80.93836,109.4,272.6,4.19,1.538,81.5,2.67,0.02,1,1.69
12/16/2018,6.82681,80.93836,9.6,23.7,0.48,0.193,81.5,2.67,0.02,0,0
12/24/2018,6.82681,80.93836,87.6,242.3,3.47,1.237,81.5,2.67,0.02,0,0
10/6/2019,6.82681,80.93836,142.5,440.1,5.87,2.259,81.5,2.67,0.02,1,3.22
10/26/2019,6.82681,80.93836,7.6,20.7,0.8,-0.18,81.5,2.67,0.02,0,0
10/29/2019,6.82681,80.93836,3,13.3,0.73,-0.025,81.5,2.67,0.02,0,0
11/29/2019,6.82681,80.93836,0,10.2,1.11,-0.447,81.5,2.67,0.02,0,0
11/30/2019,6.82681,80.93836,8.7,30.1,1.08,-0.012,81.5,2.67,0.02,0,0
10/4/2020,6.82681,80.93836,2.4,9.6,1.03,-0.035,81.5,2.67,0.02,0,0
11/2/2020,6.82681,80.93836,0.3,6.6,0.86,-0.15,81.5,2.67,0.02,0,0
12/12/2020,6.82681,80.93836,6.2,24,0.74,0.151,81.5,2.67,0.02,0,0
5/9/2021,6.82681,80.93836,29.9,74.6,1.16,0.312,81.5,2.67,0.02,0,0
10/2/2021,6.82681,80.93836,0.3,3.3,0.94,-0.249,81.5,2.67,0.02,0,0
10/26/2021,6.82681,80.93836,7.1,27.6,1.03,-0.2,81.5,2.67,0.02,0,0
12/24/2021,6.82681,80.93836,2.1,6,0.69,-0.12,81.5,2.67,0.02,0,0
5/28/2022,6.82681,80.93836,4.1,17.4,1.19,-0.093,81.5,2.67,0.02,0,0
10/3/2022,6.82681,80.93836,0.4,10.1,0.08,-0.328,81.5,2.67,0.02,0,0
10/19/2022,6.82681,80.93836,3.2,9.9,0.9,-0.232,81.5,2.67,0.02,0,0
10/31/2022,6.82681,80.93836,15.9,45.2,1.04,-0.061,81.5,2.67,0.02,0,0
11/1/2022,6.82681,80.93836,5.6,17.3,0.39,-0.13,81.5,2.67,0.02,0,0
11/11/2022,6.82681,80.93836,7.9,16.1,0.71,-0.143,81.5,2.67,0.02,0,0
11/13/2022,6.82681,80.93836,133.2,298.1,4.25,1.865,81.5,2.67,0.02,1,2.34
11/26/2022,6.82681,80.93836,0.1,1.9,0.97,-0.234,81.5,2.67,0.02,0,0
5/15/2023,6.82681,80.93836,91.9,258.5,3.47,1.506,81.5,2.67,0.02,0,0
5/26/2023,6.82681,80.93836,54.6,103.8,1.5,0.601,81.5,2.67,0.02,0,0
11/6/2023,6.82681,80.93836,0.9,5.9,0.05,-0.212,81.5,2.67,0.02,0,0
11/21/2023,6.82681,80.93836,3.1,6.7,1.2,-0.25,81.5,2.67,0.02,0,0
11/26/2023,6.82681,80.93836,0.7,4.6,0.74,-0.195,81.5,2.67,0.02,0,0
5/11/2024,6.82681,80.93836,0.2,2.1,0.49,-0.079,81.5,2.67,0.02,0,0
5/12/2024,6.82681,80.93836,4.4,11.5,0.55,-0.182,81.5,2.67,0.02,0,0
11/8/2024,6.82681,80.93836,63.8,168.2,1.81,0.956,81.5,2.67,0.02,0,0
12/15/2024,6.82681,80.93836,3.3,9.9,0.19,-0.024,81.5,2.67,0.02,0,0
10/9/2016,6.28614,80.25388,191.4,432.9,5.73,2.3,48.2,1.8,0.95,1,3.35
10/21/2016,6.28614,80.25388,0.1,3.4,1.32,0.046,48.2,1.8,0.95,0,0
11/16/2016,6.28614,80.25388,3.6,12.3,0.25,-0.167,48.2,1.8,0.95,0,0
11/19/2016,6.28614,80.25388,79.3,212.2,3.39,0.978,48.2,1.8,0.95,0,0
5/21/2017,6.28614,80.25388,2.1,8.2,0.51,-0.085,48.2,1.8,0.95,0,0
5/30/2017,6.28614,80.25388,19.9,36.5,0.91,0.144,48.2,1.8,0.95,0,0
11/4/2017,6.28614,80.25388,0.3,1.5,0.81,-0.085,48.2,1.8,0.95,0,0
11/7/2017,6.28614,80.25388,90.4,258,3.67,1.389,48.2,1.8,0.95,1,2.09
11/12/2017,6.28614,80.25388,44.4,115.1,2.26,0.524,48.2,1.8,0.95,0,0
11/25/2017,6.28614,80.25388,0,4.2,0.67,0.003,48.2,1.8,0.95,0,0
12/1/2017,6.28614,80.25388,84.7,180.1,2.48,1.177,48.2,1.8,0.95,0,0
5/11/2018,6.28614,80.25388,1.4,3.9,0.85,-0.14,48.2,1.8,0.95,0,0
10/5/2018,6.28614,80.25388,12.4,32,1.1,0.219,48.2,1.8,0.95,0,0
12/12/2018,6.28614,80.25388,9.2,23.9,1.49,-0.046,48.2,1.8,0.95,0,0
12/16/2018,6.28614,80.25388,0.7,2,0.59,0.036,48.2,1.8,0.95,0,0
12/24/2018,6.28614,80.25388,8.6,34.2,1.6,-0.056,48.2,1.8,0.95,0,0
10/6/2019,6.28614,80.25388,128.9,331.1,4.93,1.81,48.2,1.8,0.95,1,2.88
10/26/2019,6.28614,80.25388,2.2,10.9,0.27,-0.051,48.2,1.8,0.95,0,0
10/29/2019,6.28614,80.25388,37.7,101.2,1.45,0.585,48.2,1.8,0.95,0,0
11/29/2019,6.28614,80.25388,75.9,202.8,2.9,1.008,48.2,1.8,0.95,0,0
11/30/2019,6.28614,80.25388,3.2,13.7,1.25,-0.275,48.2,1.8,0.95,0,0
10/4/2020,6.28614,80.25388,86.4,226.5,3.51,1.295,48.2,1.8,0.95,0,0
11/2/2020,6.28614,80.25388,76.9,155.6,2.8,0.752,48.2,1.8,0.95,0,0
12/12/2020,6.28614,80.25388,8.2,30.6,1.41,0.012,48.2,1.8,0.95,0,0
5/9/2021,6.28614,80.25388,3.5,11.9,1.27,-0.346,48.2,1.8,0.95,0,0
10/2/2021,6.28614,80.25388,0,2.4,1.58,-0.101,48.2,1.8,0.95,0,0
10/26/2021,6.28614,80.25388,2.6,7.8,1.13,-0.051,48.2,1.8,0.95,0,0
12/24/2021,6.28614,80.25388,4.6,14.8,0.57,0.173,48.2,1.8,0.95,0,0
5/28/2022,6.28614,80.25388,7.8,16.1,0.97,-0.001,48.2,1.8,0.95,0,0
10/3/2022,6.28614,80.25388,1.5,3.7,0.79,-0.09,48.2,1.8,0.95,0,0
10/19/2022,6.28614,80.25388,72.7,203.9,2.9,1.025,48.2,1.8,0.95,1,1.36
10/31/2022,6.28614,80.25388,0,0.6,0.58,-0.036,48.2,1.8,0.95,0,0
11/1/2022,6.28614,80.25388,39.4,128.7,1.9,0.498,48.2,1.8,0.95,0,0
11/11/2022,6.28614,80.25388,5.2,26.9,0.89,-0.161,48.2,1.8,0.95,0,0
11/13/2022,6.28614,80.25388,0.6,3.6,0.11,-0.131,48.2,1.8,0.95,0,0
11/26/2022,6.28614,80.25388,1.1,10.8,0.49,-0.237,48.2,1.8,0.95,0,0
5/15/2023,6.28614,80.25388,0.6,1.9,0.67,-0.041,48.2,1.8,0.95,0,0
5/26/2023,6.28614,80.25388,30.9,86.3,1.74,0.239,48.2,1.8,0.95,0,0
11/6/2023,6.28614,80.25388,20.7,39.9,0.91,0.132,48.2,1.8,0.95,0,0
11/21/2023,6.28614,80.25388,6,23,0.85,-0.015,48.2,1.8,0.95,0,0
11/26/2023,6.28614,80.25388,0,1.4,1.73,-0.023,48.2,1.8,0.95,0,0
5/11/2024,6.28614,80.25388,30.4,80,1.61,0.548,48.2,1.8,0.95,0,0
5/12/2024,6.28614,80.25388,9.5,28,1.77,0.344,48.2,1.8,0.95,0,0
11/8/2024,6.28614,80.25388,0,0.8,0.85,0.045,48.2,1.8,0.95,0,0
12/15/2024,6.28614,80.25388,145.2,406.2,5.97,2.058,48.2,1.8,0.95,1,3.31
10/9/2016,6.59263,81.46876,0.2,2,2.26,-0.139,34.2,2.85,2.69,0,0
10/21/2016,6.59263,81.46876,5.4,13.3,2.14,0.157,34.2,2.85,2.69,0,0
11/16/2016,6.59263,81.46876,1.3,5.8,2.03,-0.35,34.2,2.85,2.69,0,0
11/19/2016,6.59263,81.46876,1.6,14.5,2.6,0.074,34.2,2.85,2.69,0,0
5/21/2017,6.59263,81.46876,3,9.4,2.4,-0.202,34.2,2.85,2.69,0,0
5/30/2017,6.59263,81.46876,4.8,18,2.08,-0.039,34.2,2.85,2.69,0,0
11/4/2017,6.59263,81.46876,70.8,220.7,4.7,1.41,34.2,2.85,2.69,0,0
11/7/2017,6.59263,81.46876,3.7,9.4,1.97,-0.283,34.2,2.85,2.69,0,0
11/12/2017,6.59263,81.46876,0.5,3.5,2.89,0.018,34.2,2.85,2.69,0,0
11/25/2017,6.59263,81.46876,49.3,119.9,3.29,0.578,34.2,2.85,2.69,0,0
12/1/2017,6.59263,81.46876,63.8,157.1,3.68,0.799,34.2,2.85,2.69,0,0
5/11/2018,6.59263,81.46876,69.6,222.8,4.3,1.267,34.2,2.85,2.69,0,0
10/5/2018,6.59263,81.46876,1,12,2.36,-0.095,34.2,2.85,2.69,0,0
12/12/2018,6.59263,81.46876,4.4,11.8,2.2,-0.022,34.2,2.85,2.69,0,0
12/16/2018,6.59263,81.46876,18.6,62.5,2.78,0.19,34.2,2.85,2.69,0,0
12/24/2018,6.59263,81.46876,14.9,41.9,2.46,0.172,34.2,2.85,2.69,0,0
10/6/2019,6.59263,81.46876,4,10.8,2.48,0.015,34.2,2.85,2.69,0,0
10/26/2019,6.59263,81.46876,2.8,5.7,2.71,-0.359,34.2,2.85,2.69,0,0
10/29/2019,6.59263,81.46876,1.4,4,2.68,0.204,34.2,2.85,2.69,0,0
11/29/2019,6.59263,81.46876,9.8,23.7,2.42,0.16,34.2,2.85,2.69,0,0
11/30/2019,6.59263,81.46876,144.5,375.3,7.23,2.091,34.2,2.85,2.69,1,3.12
10/4/2020,6.59263,81.46876,0.4,23,2.13,-0.096,34.2,2.85,2.69,0,0
11/2/2020,6.59263,81.46876,4.4,10.8,3,0.001,34.2,2.85,2.69,0,0
12/12/2020,6.59263,81.46876,1.6,3.9,2.3,0.014,34.2,2.85,2.69,0,0
5/9/2021,6.59263,81.46876,6.4,14.7,2.82,-0.113,34.2,2.85,2.69,0,0
10/2/2021,6.59263,81.46876,50.8,145.8,3.83,0.627,34.2,2.85,2.69,0,0
10/26/2021,6.59263,81.46876,99.6,235.3,5.26,1.307,34.2,2.85,2.69,0,0
12/24/2021,6.59263,81.46876,0.2,2.2,1.38,-0.221,34.2,2.85,2.69,0,0
5/28/2022,6.59263,81.46876,65.7,216.4,5.21,0.955,34.2,2.85,2.69,0,0
10/3/2022,6.59263,81.46876,3.8,9.8,1.96,-0.313,34.2,2.85,2.69,0,0
10/19/2022,6.59263,81.46876,1.6,12.2,2.49,-0.107,34.2,2.85,2.69,0,0
10/31/2022,6.59263,81.46876,0.2,1.9,2.03,-0.036,34.2,2.85,2.69,0,0
11/1/2022,6.59263,81.46876,47.3,94.4,3.75,0.557,34.2,2.85,2.69,0,0
11/11/2022,6.59263,81.46876,11.6,28.5,2.56,0.041,34.2,2.85,2.69,0,0
11/13/2022,6.59263,81.46876,4,13.3,2.21,0.201,34.2,2.85,2.69,0,0
11/26/2022,6.59263,81.46876,0.2,0.7,1.94,0.045,34.2,2.85,2.69,0,0
5/15/2023,6.59263,81.46876,0.4,2.9,2.74,0.155,34.2,2.85,2.69,0,0
5/26/2023,6.59263,81.46876,0.9,2.8,1.8,-0.065,34.2,2.85,2.69,0,0
11/6/2023,6.59263,81.46876,0,4.4,2.75,-0.238,34.2,2.85,2.69,0,0
11/21/2023,6.59263,81.46876,67,163.1,4.1,0.872,34.2,2.85,2.69,0,0
11/26/2023,6.59263,81.46876,0.3,2.6,1.71,0.201,34.2,2.85,2.69,0,0
5/11/2024,6.59263,81.46876,2.9,6.3,1.55,-0.22,34.2,2.85,2.69,0,0
5/12/2024,6.59263,81.46876,29.4,82,2.47,0.497,34.2,2.85,2.69,0,0
11/8/2024,6.59263,81.46876,9.2,30.1,2.13,-0.061,34.2,2.85,2.69,0,0
12/15/2024,6.59263,81.46876,23.4,67.8,2.87,0.142,34.2,2.85,2.69,0,0
10/9/2016,7.11048,81.07821,48.4,135,3.7,0.757,23.8,6.88,11.12,0,0
10/21/2016,7.11048,81.07821,57.6,142.5,4,0.881,23.8,6.88,11.12,0,0
11/16/2016,7.11048,81.07821,9,22.4,3.01,-0.012,23.8,6.88,11.12,0,0
11/19/2016,7.11048,81.07821,4,18.8,2.44,-0.222,23.8,6.88,11.12,0,0
5/21/2017,7.11048,81.07821,0.4,14,2.25,-0.035,23.8,6.88,11.12,0,0
5/30/2017,7.11048,81.07821,2.9,7.4,2.17,-0.104,23.8,6.88,11.12,0,0
11/4/2017,7.11048,81.07821,95.1,228.3,5.4,1.122,23.8,6.88,11.12,0,0
11/7/2017,7.11048,81.07821,10.7,34.1,3.07,-0.001,23.8,6.88,11.12,0,0
11/12/2017,7.11048,81.07821,0.6,8.9,2.55,-0.036,23.8,6.88,11.12,0,0
11/25/2017,7.11048,81.07821,157.7,458.9,7.64,2.3,23.8,6.88,11.12,1,3.72
12/1/2017,7.11048,81.07821,1.3,12.3,2.1,-0.209,23.8,6.88,11.12,0,0
5/11/2018,7.11048,81.07821,21.3,62.4,2.77,0.344,23.8,6.88,11.12,0,0
10/5/2018,7.11048,81.07821,50.5,136.6,3.97,0.686,23.8,6.88,11.12,0,0
12/12/2018,7.11048,81.07821,1.5,10.4,2.76,0.081,23.8,6.88,11.12,0,0
12/16/2018,7.11048,81.07821,1.1,2.2,1.84,-0.054,23.8,6.88,11.12,0,0
12/24/2018,7.11048,81.07821,5.3,19.6,2.59,0.225,23.8,6.88,11.12,0,0
10/6/2019,7.11048,81.07821,0,1.2,2.27,-0.17,23.8,6.88,11.12,0,0
10/26/2019,7.11048,81.07821,2,5.4,1.98,-0.183,23.8,6.88,11.12,0,0
10/29/2019,7.11048,81.07821,0.9,7.6,2.81,-0.068,23.8,6.88,11.12,0,0
11/29/2019,7.11048,81.07821,0.7,4.2,2.28,-0.205,23.8,6.88,11.12,0,0
11/30/2019,7.11048,81.07821,0.4,1.1,2.6,-0.136,23.8,6.88,11.12,0,0
10/4/2020,7.11048,81.07821,10.4,29.3,2.27,-0.086,23.8,6.88,11.12,0,0
11/2/2020,7.11048,81.07821,11.5,37.9,2.9,0.121,23.8,6.88,11.12,0,0
12/12/2020,7.11048,81.07821,2.7,6.1,2.3,-0.114,23.8,6.88,11.12,0,0
5/9/2021,7.11048,81.07821,0.2,4.8,2.04,-0.166,23.8,6.88,11.12,0,0
10/2/2021,7.11048,81.07821,0,11.7,2.59,-0.088,23.8,6.88,11.12,0,0
10/26/2021,7.11048,81.07821,0.9,3.9,2.22,-0.3,23.8,6.88,11.12,0,0
12/24/2021,7.11048,81.07821,17.7,46,2.88,0.005,23.8,6.88,11.12,0,0
5/28/2022,7.11048,81.07821,0,2.1,2.59,-0.024,23.8,6.88,11.12,0,0
10/3/2022,7.11048,81.07821,51.2,115.3,3.61,0.626,23.8,6.88,11.12,0,0
10/19/2022,7.11048,81.07821,55.5,159.9,4.57,0.749,23.8,6.88,11.12,0,0
10/31/2022,7.11048,81.07821,9.6,19.1,2.32,-0.212,23.8,6.88,11.12,0,0
11/1/2022,7.11048,81.07821,3.5,18.8,2.17,0.013,23.8,6.88,11.12,0,0
11/11/2022,7.11048,81.07821,0.8,2.9,2.17,-0.223,23.8,6.88,11.12,0,0
11/13/2022,7.11048,81.07821,2.9,16.3,2.3,-0.216,23.8,6.88,11.12,0,0
11/26/2022,7.11048,81.07821,1.2,3.7,2.68,-0.327,23.8,6.88,11.12,0,0
5/15/2023,7.11048,81.07821,4.2,12.8,2.66,-0.095,23.8,6.88,11.12,0,0
5/26/2023,7.11048,81.07821,0.6,1.5,2.85,-0.035,23.8,6.88,11.12,0,0
11/6/2023,7.11048,81.07821,7.9,19.9,1.99,0.01,23.8,6.88,11.12,0,0
11/21/2023,7.11048,81.07821,3.7,10.2,2.65,-0.151,23.8,6.88,11.12,0,0
11/26/2023,7.11048,81.07821,2.4,6.3,2.22,-0.057,23.8,6.88,11.12,0,0
5/11/2024,7.11048,81.07821,0.1,0.9,2.03,-0.125,23.8,6.88,11.12,0,0
5/12/2024,7.11048,81.07821,81.3,198.1,4.67,1.086,23.8,6.88,11.12,0,0
11/8/2024,7.11048,81.07821,1.2,3.9,2.4,0.032,23.8,6.88,11.12,0,0
12/15/2024,7.11048,81.07821,0.7,4.5,2.75,0.05,23.8,6.88,11.12,0,0
10/9/2016,8.12684,80.74784,0.2,1.1,2.22,-0.169,16.8,3.17,2.8,0,0
10/21/2016,8.12684,80.74784,2.5,7.6,2.4,-0.188,16.8,3.17,2.8,0,0
11/16/2016,8.12684,80.74784,114.9,332.6,6.64,1.817,16.8,3.17,2.8,1,3.24
11/19/2016,8.12684,80.74784,2.9,10.7,2.32,-0.238,16.8,3.17,2.8,0,0
5/21/2017,8.12684,80.74784,67.3,222.4,5.24,1.062,16.8,3.17,2.8,1,2.16
5/30/2017,8.12684,80.74784,2.4,16.7,2.96,-0.065,16.8,3.17,2.8,0,0
11/4/2017,8.12684,80.74784,80.7,185.9,4.23,0.987,16.8,3.17,2.8,1,2.57
11/7/2017,8.12684,80.74784,1,2.9,2.22,-0.036,16.8,3.17,2.8,0,0
11/12/2017,8.12684,80.74784,16.6,46.6,2.35,0.159,16.8,3.17,2.8,0,0
11/25/2017,8.12684,80.74784,10.2,31.8,2.8,0.122,16.8,3.17,2.8,0,0
12/1/2017,8.12684,80.74784,13.8,38.8,2.82,0.359,16.8,3.17,2.8,0,0
5/11/2018,8.12684,80.74784,9.5,27.6,2.79,0.149,16.8,3.17,2.8,0,0
10/5/2018,8.12684,80.74784,1.5,11,2.67,-0.31,16.8,3.17,2.8,0,0
12/12/2018,8.12684,80.74784,69.9,143.9,4.52,0.683,16.8,3.17,2.8,0,0
12/16/2018,8.12684,80.74784,0.3,10.7,1.49,-0.176,16.8,3.17,2.8,0,0
12/24/2018,8.12684,80.74784,8.7,22.5,2.17,-0.049,16.8,3.17,2.8,0,0
10/6/2019,8.12684,80.74784,61.5,192.4,4.87,0.985,16.8,3.17,2.8,0,0
10/26/2019,8.12684,80.74784,2.8,9.9,3.12,-0.168,16.8,3.17,2.8,0,0
10/29/2019,8.12684,80.74784,2.6,8.1,2.97,-0.266,16.8,3.17,2.8,0,0
11/29/2019,8.12684,80.74784,45.8,172.8,4.73,0.87,16.8,3.17,2.8,1,2.15
11/30/2019,8.12684,80.74784,77.1,147,4.28,0.862,16.8,3.17,2.8,0,0
10/4/2020,8.12684,80.74784,1.5,4.5,2.91,-0.346,16.8,3.17,2.8,0,0
11/2/2020,8.12684,80.74784,116.4,228.6,5.81,1.551,16.8,3.17,2.8,1,2.61
12/12/2020,8.12684,80.74784,4.1,22.7,3.01,-0.21,16.8,3.17,2.8,0,0
5/9/2021,8.12684,80.74784,18.4,34.9,3.2,-0.062,16.8,3.17,2.8,0,0
10/2/2021,8.12684,80.74784,27.2,62.1,3.18,0.355,16.8,3.17,2.8,0,0
10/26/2021,8.12684,80.74784,1.3,5.4,2.8,-0.26,16.8,3.17,2.8,0,0
12/24/2021,8.12684,80.74784,12.7,34.1,2.9,0.218,16.8,3.17,2.8,0,0
5/28/2022,8.12684,80.74784,2.5,14.7,2.45,0.044,16.8,3.17,2.8,0,0
10/3/2022,8.12684,80.74784,1.8,6.9,2.95,-0.277,16.8,3.17,2.8,0,0
10/19/2022,8.12684,80.74784,1.4,6.6,2.98,-0.225,16.8,3.17,2.8,0,0
10/31/2022,8.12684,80.74784,2.5,10.5,2.92,-0.191,16.8,3.17,2.8,0,0
11/1/2022,8.12684,80.74784,109.4,265.3,6.29,1.515,16.8,3.17,2.8,1,2.83
11/11/2022,8.12684,80.74784,0.4,4.6,2.42,-0.028,16.8,3.17,2.8,0,0
11/13/2022,8.12684,80.74784,45.6,88.8,3.25,0.608,16.8,3.17,2.8,0,0
11/26/2022,8.12684,80.74784,75.9,176.7,4.24,1.011,16.8,3.17,2.8,1,1.76
5/15/2023,8.12684,80.74784,1.1,2.6,2.4,-0.111,16.8,3.17,2.8,0,0
5/26/2023,8.12684,80.74784,22.8,42.1,3.74,0.103,16.8,3.17,2.8,0,0
11/6/2023,8.12684,80.74784,0,1,2.25,-0.056,16.8,3.17,2.8,0,0
11/21/2023,8.12684,80.74784,63.4,147.2,4.17,0.806,16.8,3.17,2.8,1,2.04
11/26/2023,8.12684,80.74784,0.8,9.2,3.01,-0.268,16.8,3.17,2.8,0,0
5/11/2024,8.12684,80.74784,0.5,3.7,2.69,-0.032,16.8,3.17,2.8,0,0
5/12/2024,8.12684,80.74784,8.6,19.5,3.64,-0.081,16.8,3.17,2.8,0,0
11/8/2024,8.12684,80.74784,7.4,21.8,2.82,-0.121,16.8,3.17,2.8,0,0
12/15/2024,8.12684,80.74784,0.4,6.3,3.31,-0.101,16.8,3.17,2.8,0,0
10/9/2016,8.2379,80.8511,19.7,43.3,3.16,0.383,7.5,0.55,0.84,1,1.24
10/21/2016,8.2379,80.8511,0.8,6,1.9,-0.137,7.5,0.55,0.84,0,0
11/16/2016,8.2379,80.8511,1.8,5.6,2.16,-0.046,7.5,0.55,0.84,0,0
11/19/2016,8.2379,80.8511,54.8,158.6,3.94,0.705,7.5,0.55,0.84,1,1.97
5/21/2017,8.2379,80.8511,180.4,387.8,7.05,2.3,7.5,0.55,0.84,1,3.8
5/30/2017,8.2379,80.8511,65,159.6,4.56,0.915,7.5,0.55,0.84,0,0
11/4/2017,8.2379,80.8511,6.1,16.4,2.87,0.085,7.5,0.55,0.84,0,0
11/7/2017,8.2379,80.8511,50.3,145.1,4.42,0.825,7.5,0.55,0.84,0,0
11/12/2017,8.2379,80.8511,0.6,1.8,2.62,-0.07,7.5,0.55,0.84,0,0
11/25/2017,8.2379,80.8511,156.6,478.3,8.27,2.3,7.5,0.55,0.84,0,0
12/1/2017,8.2379,80.8511,0.9,3.1,2.59,-0.189,7.5,0.55,0.84,0,0
5/11/2018,8.2379,80.8511,88.2,233.3,5.05,1.253,7.5,0.55,0.84,1,2.53
10/5/2018,8.2379,80.8511,1.1,4.7,2.53,0.045,7.5,0.55,0.84,0,0
12/12/2018,8.2379,80.8511,87.5,205.5,4.94,1.128,7.5,0.55,0.84,1,2.56
12/16/2018,8.2379,80.8511,0.4,2.7,3.03,-0.188,7.5,0.55,0.84,0,0
12/24/2018,8.2379,80.8511,10.6,36.9,2.91,0.04,7.5,0.55,0.84,0,0
10/6/2019,8.2379,80.8511,1.4,4.1,2.62,-0.254,7.5,0.55,0.84,0,0
10/26/2019,8.2379,80.8511,0.2,10.4,3.48,-0.072,7.5,0.55,0.84,0,0
10/29/2019,8.2379,80.8511,0.5,1.8,2.74,0.029,7.5,0.55,0.84,0,0
11/29/2019,8.2379,80.8511,5.8,17.3,2.6,-0.08,7.5,0.55,0.84,0,0
11/30/2019,8.2379,80.8511,181.3,381.7,6.97,2.3,7.5,0.55,0.84,0,0
10/4/2020,8.2379,80.8511,2.4,6,3.3,0.015,7.5,0.55,0.84,0,0
11/2/2020,8.2379,80.8511,0.1,4.7,2.66,-0.05,7.5,0.55,0.84,0,0
12/12/2020,8.2379,80.8511,173.5,420.8,7.49,2.3,7.5,0.55,0.84,1,3.8
5/9/2021,8.2379,80.8511,5.5,16.1,2.47,-0.059,7.5,0.55,0.84,0,0
10/2/2021,8.2379,80.8511,135.5,387.6,6.74,2.148,7.5,0.55,0.84,0,0
10/26/2021,8.2379,80.8511,0.1,3.9,2.48,-0.016,7.5,0.55,0.84,0,0
12/24/2021,8.2379,80.8511,11.1,28.5,2.86,-0.063,7.5,0.55,0.84,0,0
5/28/2022,8.2379,80.8511,0.4,3.7,2.2,0.108,7.5,0.55,0.84,0,0
10/3/2022,8.2379,80.8511,2,8.4,2.59,-0.068,7.5,0.55,0.84,0,0
10/19/2022,8.2379,80.8511,50.6,140.5,4.04,0.88,7.5,0.55,0.84,0,0
10/31/2022,8.2379,80.8511,1.4,7.3,2.26,-0.121,7.5,0.55,0.84,0,0
11/1/2022,8.2379,80.8511,44.4,108.3,3.66,0.752,7.5,0.55,0.84,0,0
11/11/2022,8.2379,80.8511,0.1,2.6,2.54,-0.29,7.5,0.55,0.84,0,0
11/13/2022,8.2379,80.8511,154.7,347,7.02,2.203,7.5,0.55,0.84,1,3.8
11/26/2022,8.2379,80.8511,49.2,147.8,4.62,0.548,7.5,0.55,0.84,1,1.83
5/15/2023,8.2379,80.8511,2.6,6.7,2.77,-0.105,7.5,0.55,0.84,0,0
5/26/2023,8.2379,80.8511,89.4,210.9,4.43,1.216,7.5,0.55,0.84,1,2.15
11/6/2023,8.2379,80.8511,6.9,32.5,2.97,0.085,7.5,0.55,0.84,0,0
11/21/2023,8.2379,80.8511,54.3,163.5,4.75,0.867,7.5,0.55,0.84,0,0
11/26/2023,8.2379,80.8511,164.1,407.8,7.17,2.3,7.5,0.55,0.84,1,3.8
5/11/2024,8.2379,80.8511,3.1,13,3.15,-0.017,7.5,0.55,0.84,0,0
5/12/2024,8.2379,80.8511,0.1,4.6,2.68,-0.089,7.5,0.55,0.84,0,0
11/8/2024,8.2379,80.8511,0.6,2,2.57,-0.117,7.5,0.55,0.84,0,0
12/15/2024,8.2379,80.8511,84.8,229.1,4.92,1.257,7.5,0.55,0.84,1,2.39
10/9/2016,6.01808,80.50528,25.6,64.2,2.6,0.036,8.1,0.07,2.81,0,0
10/21/2016,6.01808,80.50528,87.2,229.2,5.04,1.349,8.1,0.07,2.81,1,2.18
11/16/2016,6.01808,80.50528,3.9,9.9,1.98,0.099,8.1,0.07,2.81,0,0
11/19/2016,6.01808,80.50528,156.7,437.7,7.94,2.3,8.1,0.07,2.81,1,3.8
5/21/2017,6.01808,80.50528,111,275.5,5.58,1.617,8.1,0.07,2.81,1,3.01
5/30/2017,6.01808,80.50528,0.5,3.5,1.91,0.066,8.1,0.07,2.81,0,0
11/4/2017,6.01808,80.50528,23.5,62.3,2.64,0.252,8.1,0.07,2.81,0,0
11/7/2017,6.01808,80.50528,56.8,161.6,4.98,0.853,8.1,0.07,2.81,1,2.08
11/12/2017,6.01808,80.50528,39.8,84.7,2.94,0.752,8.1,0.07,2.81,0,0
11/25/2017,6.01808,80.50528,1.5,9.3,2.27,-0.207,8.1,0.07,2.81,0,0
12/1/2017,6.01808,80.50528,54,151.7,4.11,0.808,8.1,0.07,2.81,1,1.97
5/11/2018,6.01808,80.50528,4.3,17.3,2.87,0.093,8.1,0.07,2.81,0,0
10/5/2018,6.01808,80.50528,59.8,164,4.38,0.87,8.1,0.07,2.81,0,0
12/12/2018,6.01808,80.50528,0.2,1,2.34,-0.169,8.1,0.07,2.81,0,0
12/16/2018,6.01808,80.50528,4.3,13.1,2.89,-0.097,8.1,0.07,2.81,0,0
12/24/2018,6.01808,80.50528,2.5,9.1,2.45,-0.07,8.1,0.07,2.81,0,0
10/6/2019,6.01808,80.50528,116.1,332.9,7.1,1.77,8.1,0.07,2.81,1,3.49
10/26/2019,6.01808,80.50528,0.3,1.5,2.26,-0.163,8.1,0.07,2.81,0,0
10/29/2019,6.01808,80.50528,59.9,132,3.04,0.86,8.1,0.07,2.81,1,1.35
11/29/2019,6.01808,80.50528,9.5,28.5,1.97,-0.253,8.1,0.07,2.81,1,0.59
11/30/2019,6.01808,80.50528,48.3,139.4,3.85,0.729,8.1,0.07,2.81,1,1.5
10/4/2020,6.01808,80.50528,5.5,13.5,1.82,-0.194,8.1,0.07,2.81,0,0
11/2/2020,6.01808,80.50528,12.5,34.3,2.94,0.121,8.1,0.07,2.81,0,0
12/12/2020,6.01808,80.50528,10,28.7,2.92,0.068,8.1,0.07,2.81,0,0
5/9/2021,6.01808,80.50528,0.2,0.5,2.62,-0.091,8.1,0.07,2.81,0,0
10/2/2021,6.01808,80.50528,95.1,299.7,5.62,1.678,8.1,0.07,2.81,1,2.71
10/26/2021,6.01808,80.50528,2.2,10.6,2.2,-0.172,8.1,0.07,2.81,0,0
12/24/2021,6.01808,80.50528,9.4,31.7,2.87,0.078,8.1,0.07,2.81,0,0
5/28/2022,6.01808,80.50528,0.9,10.7,2.09,-0.018,8.1,0.07,2.81,0,0
10/3/2022,6.01808,80.50528,2.7,11.3,2.67,0.075,8.1,0.07,2.81,0,0
10/19/2022,6.01808,80.50528,2,5.3,2.63,-0.098,8.1,0.07,2.81,0,0
10/31/2022,6.01808,80.50528,0.4,1.4,2.49,-0.186,8.1,0.07,2.81,0,0
11/1/2022,6.01808,80.50528,0,1.3,2.19,-0.343,8.1,0.07,2.81,0,0
11/11/2022,6.01808,80.50528,10.6,32.3,2.39,0.164,8.1,0.07,2.81,0,0
11/13/2022,6.01808,80.50528,16,50.8,3.15,0.174,8.1,0.07,2.81,0,0
11/26/2022,6.01808,80.50528,5.8,15.6,2.77,-0.236,8.1,0.07,2.81,0,0
5/15/2023,6.01808,80.50528,0.6,6.9,1.89,-0.151,8.1,0.07,2.81,0,0
5/26/2023,6.01808,80.50528,170.8,360.5,7.21,2.3,8.1,0.07,2.81,1,3.6
11/6/2023,6.01808,80.50528,65.4,208.8,4.32,0.871,8.1,0.07,2.81,0,0
11/21/2023,6.01808,80.50528,0,0.2,1.68,-0.1,8.1,0.07,2.81,0,0
11/26/2023,6.01808,80.50528,8.9,22.5,2.64,0.079,8.1,0.07,2.81,0,0
5/11/2024,6.01808,80.50528,14.1,38.6,3.1,0.077,8.1,0.07,2.81,0,0
5/12/2024,6.01808,80.50528,53,134.1,3.16,0.855,8.1,0.07,2.81,1,1.62
11/8/2024,6.01808,80.50528,2.5,4.8,2.47,-0.289,8.1,0.07,2.81,0,0
12/15/2024,6.01808,80.50528,99,243.6,5.55,1.403,8.1,0.07,2.81,1,2.34
10/9/2016,7.32794,80.19592,0.5,5.2,3.49,-0.173,60.6,0.89,2.17,0,0
10/21/2016,7.32794,80.19592,1.5,7.9,2.98,-0.093,60.6,0.89,2.17,0,0
11/16/2016,7.32794,80.19592,5.4,17,2.98,-0.121,60.6,0.89,2.17,0,0
11/19/2016,7.32794,80.19592,13.9,34.9,3.58,0.051,60.6,0.89,2.17,0,0
5/21/2017,7.32794,80.19592,0.1,9.1,3.35,0.074,60.6,0.89,2.17,0,0
5/30/2017,7.32794,80.19592,11.7,33.3,3.57,0.1,60.6,0.89,2.17,0,0
11/4/2017,7.32794,80.19592,72.8,183,4.81,0.843,60.6,0.89,2.17,0,0
11/7/2017,7.32794,80.19592,13.5,36,2.61,0.15,60.6,0.89,2.17,0,0
11/12/2017,7.32794,80.19592,4.6,14.9,2.4,-0.109,60.6,0.89,2.17,0,0
11/25/2017,7.32794,80.19592,1.9,5.6,2.35,-0.059,60.6,0.89,2.17,0,0
12/1/2017,7.32794,80.19592,121.7,326.3,7.07,2.023,60.6,0.89,2.17,1,2.87
5/11/2018,7.32794,80.19592,3.6,21.8,2.65,0.098,60.6,0.89,2.17,0,0
10/5/2018,7.32794,80.19592,0,6.7,1.88,-0.148,60.6,0.89,2.17,0,0
12/12/2018,7.32794,80.19592,1.8,14.4,2.26,0.064,60.6,0.89,2.17,0,0
12/16/2018,7.32794,80.19592,0.1,3.1,2.53,0.013,60.6,0.89,2.17,0,0
12/24/2018,7.32794,80.19592,98.6,319.8,6.76,1.581,60.6,0.89,2.17,1,2.79
10/6/2019,7.32794,80.19592,7.7,21.2,3.17,0.032,60.6,0.89,2.17,0,0
10/26/2019,7.32794,80.19592,4.7,20.6,3.45,-0.252,60.6,0.89,2.17,0,0
10/29/2019,7.32794,80.19592,1.2,3.6,2.78,0.008,60.6,0.89,2.17,0,0
11/29/2019,7.32794,80.19592,4.5,13.6,2.07,0.072,60.6,0.89,2.17,0,0
11/30/2019,7.32794,80.19592,134.8,282.4,6.29,1.53,60.6,0.89,2.17,1,2.79
10/4/2020,7.32794,80.19592,0.3,1.7,2.83,0.053,60.6,0.89,2.17,0,0
11/2/2020,7.32794,80.19592,0.3,4.9,3.27,-0.117,60.6,0.89,2.17,0,0
12/12/2020,7.32794,80.19592,68.9,199.7,5.12,1.045,60.6,0.89,2.17,0,0
5/9/2021,7.32794,80.19592,1.9,8.1,2.41,0.031,60.6,0.89,2.17,0,0
10/2/2021,7.32794,80.19592,0.4,2.4,2.1,-0.084,60.6,0.89,2.17,0,0
10/26/2021,7.32794,80.19592,0.2,8.3,2.67,-0.136,60.6,0.89,2.17,0,0
12/24/2021,7.32794,80.19592,2.8,8.1,2.65,-0.198,60.6,0.89,2.17,0,0
5/28/2022,7.32794,80.19592,4,19.4,2.67,0.078,60.6,0.89,2.17,0,0
10/3/2022,7.32794,80.19592,0.2,14.7,3.26,-0.192,60.6,0.89,2.17,0,0
10/19/2022,7.32794,80.19592,22.6,50.6,3.43,0.324,60.6,0.89,2.17,0,0
10/31/2022,7.32794,80.19592,9.6,37.8,3.43,0.256,60.6,0.89,2.17,0,0
11/1/2022,7.32794,80.19592,0.3,4.5,3.28,-0.092,60.6,0.89,2.17,0,0
11/11/2022,7.32794,80.19592,0.5,2.8,2.84,0.028,60.6,0.89,2.17,0,0
11/13/2022,7.32794,80.19592,0.2,9.6,2.17,-0.142,60.6,0.89,2.17,0,0
11/26/2022,7.32794,80.19592,81.5,195.5,4.81,1.123,60.6,0.89,2.17,0,0
5/15/2023,7.32794,80.19592,72.6,222.1,5.21,0.998,60.6,0.89,2.17,0,0
5/26/2023,7.32794,80.19592,1.9,3.9,3.38,-0.158,60.6,0.89,2.17,0,0
11/6/2023,7.32794,80.19592,96.7,244,5.54,1.347,60.6,0.89,2.17,0,0
11/21/2023,7.32794,80.19592,10.7,26.1,3.87,-0.061,60.6,0.89,2.17,0,0
11/26/2023,7.32794,80.19592,0.9,2.2,2.45,-0.138,60.6,0.89,2.17,0,0
5/11/2024,7.32794,80.19592,73,171.3,4.14,0.941,60.6,0.89,2.17,0,0
5/12/2024,7.32794,80.19592,0.5,3.5,2.97,-0.089,60.6,0.89,2.17,0,0
11/8/2024,7.32794,80.19592,5.1,23.2,3.06,0.124,60.6,0.89,2.17,0,0
12/15/2024,7.32794,80.19592,2.1,7.7,2.92,-0.031,60.6,0.89,2.17,0,0
10/9/2016,7.08527,80.39075,3.9,12.8,0.94,-0.134,41,2.44,4.24,0,0
10/21/2016,7.08527,80.39075,1.4,7.3,1.48,-0.105,41,2.44,4.24,0,0
11/16/2016,7.08527,80.39075,17.9,45.4,1.2,0.257,41,2.44,4.24,0,0
11/19/2016,7.08527,80.39075,0.1,16.3,0.5,-0.273,41,2.44,4.24,0,0
5/21/2017,7.08527,80.39075,4.6,9.5,0.65,0.1,41,2.44,4.24,0,0
5/30/2017,7.08527,80.39075,0,7.1,0.65,-0.268,41,2.44,4.24,0,0
11/4/2017,7.08527,80.39075,3.1,9.4,0.78,-0.445,41,2.44,4.24,0,0
11/7/2017,7.08527,80.39075,1.3,3.5,0.63,0.09,41,2.44,4.24,0,0
11/12/2017,7.08527,80.39075,2.1,7.9,1.24,-0.272,41,2.44,4.24,0,0
11/25/2017,7.08527,80.39075,35,87.4,2.06,0.45,41,2.44,4.24,0,0
12/1/2017,7.08527,80.39075,26.7,65.3,1.54,0.172,41,2.44,4.24,0,0
5/11/2018,7.08527,80.39075,0.9,6.4,1.1,-0.147,41,2.44,4.24,0,0
10/5/2018,7.08527,80.39075,46.8,95.4,2.07,0.573,41,2.44,4.24,0,0
12/12/2018,7.08527,80.39075,122.4,363.8,5.18,2.149,41,2.44,4.24,1,2.83
12/16/2018,7.08527,80.39075,1.3,7.2,1.27,-0.022,41,2.44,4.24,0,0
12/24/2018,7.08527,80.39075,1.3,3.6,1.15,0.009,41,2.44,4.24,0,0
10/6/2019,7.08527,80.39075,7.8,21.5,0.77,0.108,41,2.44,4.24,0,0
10/26/2019,7.08527,80.39075,0.7,6.6,1.11,0.082,41,2.44,4.24,0,0
10/29/2019,7.08527,80.39075,2.8,9.1,0.99,0.002,41,2.44,4.24,0,0
11/29/2019,7.08527,80.39075,0.3,1.7,0.87,-0.021,41,2.44,4.24,0,0
11/30/2019,7.08527,80.39075,2.3,5.9,1.11,-0.123,41,2.44,4.24,0,0
10/4/2020,7.08527,80.39075,0.4,1.2,0.63,-0.27,41,2.44,4.24,0,0
11/2/2020,7.08527,80.39075,0.3,11,1.27,-0.113,41,2.44,4.24,0,0
12/12/2020,7.08527,80.39075,116.6,226.2,3.22,1.458,41,2.44,4.24,0,0
5/9/2021,7.08527,80.39075,26.2,70.3,1.88,0.255,41,2.44,4.24,0,0
10/2/2021,7.08527,80.39075,1,6.3,0.73,-0.168,41,2.44,4.24,0,0
10/26/2021,7.08527,80.39075,7.1,17.4,1.29,0.111,41,2.44,4.24,0,0
12/24/2021,7.08527,80.39075,39.3,119,2.2,0.551,41,2.44,4.24,0,0
5/28/2022,7.08527,80.39075,0,10.6,1.27,-0.104,41,2.44,4.24,0,0
10/3/2022,7.08527,80.39075,1.5,3.4,0.82,-0.178,41,2.44,4.24,0,0
10/19/2022,7.08527,80.39075,0.3,19,0.05,-0.024,41,2.44,4.24,0,0
10/31/2022,7.08527,80.39075,18,53.8,1.54,0.059,41,2.44,4.24,0,0
11/1/2022,7.08527,80.39075,11.7,30.6,0.89,-0.061,41,2.44,4.24,0,0
11/11/2022,7.08527,80.39075,69.4,138,2.86,0.926,41,2.44,4.24,0,0
11/13/2022,7.08527,80.39075,0.8,4.8,0.69,-0.56,41,2.44,4.24,0,0
11/26/2022,7.08527,80.39075,39.5,94.4,2.47,0.238,41,2.44,4.24,0,0
5/15/2023,7.08527,80.39075,3.7,10,0.59,-0.039,41,2.44,4.24,0,0
5/26/2023,7.08527,80.39075,2.6,11.5,0.43,-0.161,41,2.44,4.24,0,0
11/6/2023,7.08527,80.39075,2.4,10.4,1.38,-0.252,41,2.44,4.24,0,0
11/21/2023,7.08527,80.39075,1.3,8.1,0.9,0.059,41,2.44,4.24,0,0
11/26/2023,7.08527,80.39075,31,82.7,1.2,0.35,41,2.44,4.24,0,0
5/11/2024,7.08527,80.39075,64.8,155.5,2.54,0.765,41,2.44,4.24,0,0
5/12/2024,7.08527,80.39075,42.1,147,2.9,0.544,41,2.44,4.24,0,0
11/8/2024,7.08527,80.39075,1.5,5.1,1.07,-0.399,41,2.44,4.24,0,0
12/15/2024,7.08527,80.39075,14.9,38,1.28,0.199,41,2.44,4.24,0,0
10/9/2016,6.57748,81.11412,94.7,178.8,4.26,1.47,184.3,0.24,0.32,0,0
10/21/2016,6.57748,81.11412,1.2,9.6,1.37,-0.133,184.3,0.24,0.32,0,0
11/16/2016,6.57748,81.11412,1,2.8,2.12,-0.073,184.3,0.24,0.32,0,0
11/19/2016,6.57748,81.11412,0.9,3.5,1.64,-0.197,184.3,0.24,0.32,0,0
5/21/2017,6.57748,81.11412,26.3,51.8,2.22,0.25,184.3,0.24,0.32,0,0
5/30/2017,6.57748,81.11412,1.2,6.5,1.95,-0.241,184.3,0.24,0.32,0,0
11/4/2017,6.57748,81.11412,43.3,83.3,2.73,0.653,184.3,0.24,0.32,0,0
11/7/2017,6.57748,81.11412,2.1,9.5,1.98,-0.063,184.3,0.24,0.32,0,0
11/12/2017,6.57748,81.11412,9.3,27.7,2.22,-0.186,184.3,0.24,0.32,0,0
11/25/2017,6.57748,81.11412,77.9,184,3.79,1.336,184.3,0.24,0.32,0,0
12/1/2017,6.57748,81.11412,81.1,245.1,4.65,1.1,184.3,0.24,0.32,0,0
5/11/2018,6.57748,81.11412,7.4,27.9,1.93,0.319,184.3,0.24,0.32,0,0
10/5/2018,6.57748,81.11412,1.4,9,1.51,0.011,184.3,0.24,0.32,0,0
12/12/2018,6.57748,81.11412,114.2,295.7,5.65,1.56,184.3,0.24,0.32,0,0
12/16/2018,6.57748,81.11412,6.9,18.5,1.26,-0.01,184.3,0.24,0.32,0,0
12/24/2018,6.57748,81.11412,66.3,146,3.97,0.75,184.3,0.24,0.32,0,0
10/6/2019,6.57748,81.11412,0.3,3.8,1.64,-0.184,184.3,0.24,0.32,0,0
10/26/2019,6.57748,81.11412,3.4,12.1,1.9,0.046,184.3,0.24,0.32,0,0
10/29/2019,6.57748,81.11412,1.4,5.1,2.17,-0.23,184.3,0.24,0.32,0,0
11/29/2019,6.57748,81.11412,55.3,149.2,3.54,0.879,184.3,0.24,0.32,0,0
11/30/2019,6.57748,81.11412,68.2,155.2,3.41,0.663,184.3,0.24,0.32,0,0
10/4/2020,6.57748,81.11412,3.9,10.4,2.07,0.195,184.3,0.24,0.32,0,0
11/2/2020,6.57748,81.11412,13.1,35.6,1.79,0.057,184.3,0.24,0.32,0,0
12/12/2020,6.57748,81.11412,0.6,3.1,2.69,-0.18,184.3,0.24,0.32,0,0
5/9/2021,6.57748,81.11412,14.9,46.9,2.34,0.11,184.3,0.24,0.32,0,0
10/2/2021,6.57748,81.11412,1.1,4.9,1.78,-0.314,184.3,0.24,0.32,0,0
10/26/2021,6.57748,81.11412,85,227,3.94,1.143,184.3,0.24,0.32,0,0
12/24/2021,6.57748,81.11412,36.3,80.8,2.52,0.105,184.3,0.24,0.32,0,0
5/28/2022,6.57748,81.11412,0.3,1,2.07,-0.276,184.3,0.24,0.32,0,0
10/3/2022,6.57748,81.11412,1.1,11.3,1.36,-0.045,184.3,0.24,0.32,0,0
10/19/2022,6.57748,81.11412,1,7.1,1.41,0.072,184.3,0.24,0.32,0,0
10/31/2022,6.57748,81.11412,2.5,6.9,1.15,-0.094,184.3,0.24,0.32,0,0
11/1/2022,6.57748,81.11412,121.3,238,4.43,1.393,184.3,0.24,0.32,0,0
11/11/2022,6.57748,81.11412,0.8,2.4,1.62,-0.274,184.3,0.24,0.32,0,0
11/13/2022,6.57748,81.11412,0,0.5,0.63,-0.087,184.3,0.24,0.32,0,0
11/26/2022,6.57748,81.11412,24.3,55.1,2.39,0.444,184.3,0.24,0.32,0,0
5/15/2023,6.57748,81.11412,41.4,133.7,3.15,0.673,184.3,0.24,0.32,0,0
5/26/2023,6.57748,81.11412,0.5,12.6,2.08,0.025,184.3,0.24,0.32,0,0
11/6/2023,6.57748,81.11412,2.6,9,1.94,-0.11,184.3,0.24,0.32,0,0
11/21/2023,6.57748,81.11412,0.7,3.7,1.69,-0.212,184.3,0.24,0.32,0,0
11/26/2023,6.57748,81.11412,3.7,14.6,2.2,-0.212,184.3,0.24,0.32,0,0
5/11/2024,6.57748,81.11412,15,49,2.3,0.251,184.3,0.24,0.32,0,0
5/12/2024,6.57748,81.11412,1,12.5,2.11,0.018,184.3,0.24,0.32,0,0
11/8/2024,6.57748,81.11412,0,7.7,1.7,-0.081,184.3,0.24,0.32,0,0
12/15/2024,6.57748,81.11412,70.4,180,3.98,1.006,184.3,0.24,0.32,0,0
10/9/2016,6.31165,79.77591,0.2,2.8,0.75,0.04,125.5,2.56,4.01,0,0
10/21/2016,6.31165,79.77591,46.2,116.3,2.75,0.666,125.5,2.56,4.01,0,0
11/16/2016,6.31165,79.77591,13.2,41.4,1.68,0.046,125.5,2.56,4.01,0,0
11/19/2016,6.31165,79.77591,0.1,21.6,1.79,-0.092,125.5,2.56,4.01,0,0
5/21/2017,6.31165,79.77591,0.2,0.7,0.49,-0.194,125.5,2.56,4.01,0,0
5/30/2017,6.31165,79.77591,0.5,1.9,1.76,-0.099,125.5,2.56,4.01,0,0
11/4/2017,6.31165,79.77591,2.3,7.5,0.73,-0.167,125.5,2.56,4.01,0,0
11/7/2017,6.31165,79.77591,2,6.4,0.36,-0.325,125.5,2.56,4.01,0,0
11/12/2017,6.31165,79.77591,2.9,8.7,1.37,-0.134,125.5,2.56,4.01,0,0
11/25/2017,6.31165,79.77591,69.7,174.4,3.3,0.841,125.5,2.56,4.01,0,0
12/1/2017,6.31165,79.77591,5.4,19.4,0.76,0.084,125.5,2.56,4.01,0,0
5/11/2018,6.31165,79.77591,37.9,104.9,2.24,0.321,125.5,2.56,4.01,0,0
10/5/2018,6.31165,79.77591,1.9,5.8,1.4,-0.212,125.5,2.56,4.01,0,0
12/12/2018,6.31165,79.77591,0.7,2.2,0.78,0.017,125.5,2.56,4.01,0,0
12/16/2018,6.31165,79.77591,3.8,8.3,0.95,-0.185,125.5,2.56,4.01,0,0
12/24/2018,6.31165,79.77591,1.6,11.1,1.26,0.008,125.5,2.56,4.01,0,0
10/6/2019,6.31165,79.77591,0.5,4.3,0.97,-0.106,125.5,2.56,4.01,0,0
10/26/2019,6.31165,79.77591,5,13.3,1.05,-0.092,125.5,2.56,4.01,0,0
10/29/2019,6.31165,79.77591,5.1,17.6,1.02,-0.115,125.5,2.56,4.01,0,0
11/29/2019,6.31165,79.77591,44.3,116,2.75,0.624,125.5,2.56,4.01,0,0
11/30/2019,6.31165,79.77591,5.2,14.5,1.25,-0.24,125.5,2.56,4.01,0,0
10/4/2020,6.31165,79.77591,1.3,7.4,0.75,-0.145,125.5,2.56,4.01,0,0
11/2/2020,6.31165,79.77591,2.3,7.8,1.18,0.034,125.5,2.56,4.01,0,0
12/12/2020,6.31165,79.77591,0.2,3.5,1.36,-0.11,125.5,2.56,4.01,0,0
5/9/2021,6.31165,79.77591,0.8,4.2,1.17,-0.238,125.5,2.56,4.01,0,0
10/2/2021,6.31165,79.77591,1.4,5.4,1.15,0.046,125.5,2.56,4.01,0,0
10/26/2021,6.31165,79.77591,2,7,1.35,-0.265,125.5,2.56,4.01,0,0
12/24/2021,6.31165,79.77591,0.2,5.7,0.62,-0.289,125.5,2.56,4.01,0,0
5/28/2022,6.31165,79.77591,7.4,23.4,1.43,0.1,125.5,2.56,4.01,0,0
10/3/2022,6.31165,79.77591,0.5,1.4,1.27,-0.385,125.5,2.56,4.01,0,0
10/19/2022,6.31165,79.77591,10.2,23.8,1.19,0.212,125.5,2.56,4.01,0,0
10/31/2022,6.31165,79.77591,50.8,118.4,2.36,0.624,125.5,2.56,4.01,0,0
11/1/2022,6.31165,79.77591,0.2,1.6,0.87,-0.088,125.5,2.56,4.01,0,0
11/11/2022,6.31165,79.77591,33.9,83.3,1.69,0.612,125.5,2.56,4.01,0,0
11/13/2022,6.31165,79.77591,0,1,0.79,-0.125,125.5,2.56,4.01,0,0
11/26/2022,6.31165,79.77591,60.6,134,2.39,0.693,125.5,2.56,4.01,0,0
5/15/2023,6.31165,79.77591,78.9,245.2,3.82,1.352,125.5,2.56,4.01,0,0
5/26/2023,6.31165,79.77591,3.4,15.1,0.78,-0.062,125.5,2.56,4.01,0,0
11/6/2023,6.31165,79.77591,131.4,274.6,4.09,1.835,125.5,2.56,4.01,0,0
11/21/2023,6.31165,79.77591,14.9,37.7,2.1,0.119,125.5,2.56,4.01,0,0
11/26/2023,6.31165,79.77591,0,3.6,1.35,-0.342,125.5,2.56,4.01,0,0
5/11/2024,6.31165,79.77591,0.1,2.3,1.44,-0.092,125.5,2.56,4.01,0,0
5/12/2024,6.31165,79.77591,54.4,162.2,2.61,0.977,125.5,2.56,4.01,0,0
11/8/2024,6.31165,79.77591,31.3,96,2.7,0.538,125.5,2.56,4.01,0,0
12/15/2024,6.31165,79.77591,13.5,33.2,1.67,0.064,125.5,2.56,4.01,0,0
10/9/2016,6.8778,79.95893,4.7,12,1.12,-0.292,15.7,2.17,2.18,0,0
10/21/2016,6.8778,79.95893,4.7,16.4,1.12,0.023,15.7,2.17,2.18,0,0
11/16/2016,6.8778,79.95893,0,11.7,0.93,-0.026,15.7,2.17,2.18,0,0
11/19/2016,6.8778,79.95893,23.7,51.3,1.97,0.293,15.7,2.17,2.18,0,0
5/21/2017,6.8778,79.95893,0,1.2,1.04,0.001,15.7,2.17,2.18,0,0
5/30/2017,6.8778,79.95893,2.9,9.7,1.3,-0.302,15.7,2.17,2.18,0,0
11/4/2017,6.8778,79.95893,28.4,87.5,2.37,0.233,15.7,2.17,2.18,0,0
11/7/2017,6.8778,79.95893,0.4,3.2,2.08,-0.208,15.7,2.17,2.18,0,0
11/12/2017,6.8778,79.95893,99.8,298.7,4.66,1.782,15.7,2.17,2.18,1,2.85
11/25/2017,6.8778,79.95893,6.5,14.4,1.26,0.091,15.7,2.17,2.18,0,0
12/1/2017,6.8778,79.95893,66.8,190.4,4.15,1.085,15.7,2.17,2.18,1,1.97
5/11/2018,6.8778,79.95893,6,17.4,1.78,-0.021,15.7,2.17,2.18,0,0
10/5/2018,6.8778,79.95893,1.2,4.1,1.18,-0.089,15.7,2.17,2.18,0,0
12/12/2018,6.8778,79.95893,52.9,123.4,2.6,0.736,15.7,2.17,2.18,0,0
12/16/2018,6.8778,79.95893,29.1,59.8,2.24,0.3,15.7,2.17,2.18,0,0
12/24/2018,6.8778,79.95893,0.3,3,0.69,-0.011,15.7,2.17,2.18,0,0
10/6/2019,6.8778,79.95893,1.1,27.9,1.53,-0.084,15.7,2.17,2.18,0,0
10/26/2019,6.8778,79.95893,4.3,11.9,1.49,-0.129,15.7,2.17,2.18,0,0
10/29/2019,6.8778,79.95893,0.1,8.3,0.43,0.081,15.7,2.17,2.18,0,0
11/29/2019,6.8778,79.95893,0.1,3.2,1.65,-0.286,15.7,2.17,2.18,0,0
11/30/2019,6.8778,79.95893,0,0.4,0.97,-0.098,15.7,2.17,2.18,0,0
10/4/2020,6.8778,79.95893,1,12.6,1,-0.121,15.7,2.17,2.18,0,0
11/2/2020,6.8778,79.95893,15.8,38.4,1.3,0.043,15.7,2.17,2.18,0,0
12/12/2020,6.8778,79.95893,4.9,14.4,1.54,0,15.7,2.17,2.18,0,0
5/9/2021,6.8778,79.95893,78,216.2,3.38,0.934,15.7,2.17,2.18,1,2.1
10/2/2021,6.8778,79.95893,0.9,6,0.79,-0.25,15.7,2.17,2.18,0,0
10/26/2021,6.8778,79.95893,1.6,4.2,1.16,-0.159,15.7,2.17,2.18,0,0
12/24/2021,6.8778,79.95893,0.5,1.5,0.68,-0.404,15.7,2.17,2.18,0,0
5/28/2022,6.8778,79.95893,3.1,12,1.45,-0.278,15.7,2.17,2.18,0,0
10/3/2022,6.8778,79.95893,1.2,8.2,0.97,-0.095,15.7,2.17,2.18,0,0
10/19/2022,6.8778,79.95893,0.5,11.6,0.92,-0.328,15.7,2.17,2.18,0,0
10/31/2022,6.8778,79.95893,151.7,378.6,5.91,2.276,15.7,2.17,2.18,1,3.35
11/1/2022,6.8778,79.95893,32.6,87.2,2.05,0.415,15.7,2.17,2.18,0,0
11/11/2022,6.8778,79.95893,77.2,152.2,2.46,0.864,15.7,2.17,2.18,0,0
11/13/2022,6.8778,79.95893,0.8,2.8,1.13,-0.089,15.7,2.17,2.18,0,0
11/26/2022,6.8778,79.95893,0.8,12.9,1.21,-0.051,15.7,2.17,2.18,0,0
5/15/2023,6.8778,79.95893,75.2,200.4,3.62,1.073,15.7,2.17,2.18,0,0
5/26/2023,6.8778,79.95893,0,0.9,1.04,-0.028,15.7,2.17,2.18,0,0
11/6/2023,6.8778,79.95893,7.2,13.7,1.45,-0.059,15.7,2.17,2.18,0,0
11/21/2023,6.8778,79.95893,1.4,5,1.23,-0.228,15.7,2.17,2.18,0,0
11/26/2023,6.8778,79.95893,37.1,104.7,2.1,0.56,15.7,2.17,2.18,1,1.2
5/11/2024,6.8778,79.95893,17.3,40.9,1.64,0.154,15.7,2.17,2.18,0,0
5/12/2024,6.8778,79.95893,1.8,8.4,1.31,-0.024,15.7,2.17,2.18,0,0
11/8/2024,6.8778,79.95893,0.4,2.5,1.1,-0.158,15.7,2.17,2.18,0,0
12/15/2024,6.8778,79.95893,102.6,218.3,3.71,1.242,15.7,2.17,2.18,1,1.92
10/9/2016,8.45157,79.8328,4.8,13.5,1.95,0.076,40.2,1.1,9.23,0,0
10/21/2016,8.45157,79.8328,2.1,8.1,1.46,-0.218,40.2,1.1,9.23,0,0
11/16/2016,8.45157,79.8328,1.2,13.3,1.47,-0.173,40.2,1.1,9.23,0,0
11/19/2016,8.45157,79.8328,55.2,132.5,3,0.679,40.2,1.1,9.23,0,0
5/21/2017,8.45157,79.8328,0.6,1.4,1.01,-0.277,40.2,1.1,9.23,0,0
5/30/2017,8.45157,79.8328,1.4,13.6,1.63,-0.088,40.2,1.1,9.23,0,0
11/4/2017,8.45157,79.8328,18.8,58.5,2.11,0.073,40.2,1.1,9.23,0,0
11/7/2017,8.45157,79.8328,6.7,19.1,1.24,-0.271,40.2,1.1,9.23,0,0
11/12/2017,8.45157,79.8328,0.8,4.2,1.52,0.082,40.2,1.1,9.23,0,0
11/25/2017,8.45157,79.8328,7.5,18.3,1.31,-0.235,40.2,1.1,9.23,0,0
12/1/2017,8.45157,79.8328,48.3,111.6,2.3,0.47,40.2,1.1,9.23,0,0
5/11/2018,8.45157,79.8328,0.4,6.1,1.89,-0.126,40.2,1.1,9.23,0,0
10/5/2018,8.45157,79.8328,3.1,12.6,1.06,-0.167,40.2,1.1,9.23,0,0
12/12/2018,8.45157,79.8328,0.3,5.6,1.88,0.084,40.2,1.1,9.23,0,0
12/16/2018,8.45157,79.8328,5.7,15.3,2.02,-0.113,40.2,1.1,9.23,0,0
12/24/2018,8.45157,79.8328,0.1,8.5,1.8,-0.09,40.2,1.1,9.23,0,0
10/6/2019,8.45157,79.8328,1.7,7.1,1.47,-0.184,40.2,1.1,9.23,0,0
10/26/2019,8.45157,79.8328,69.7,171.5,4,0.846,40.2,1.1,9.23,0,0
10/29/2019,8.45157,79.8328,87.8,182.7,3.97,1.035,40.2,1.1,9.23,0,0
11/29/2019,8.45157,79.8328,3.7,10.7,0.9,-0.02,40.2,1.1,9.23,0,0
11/30/2019,8.45157,79.8328,0,1.6,1.07,-0.339,40.2,1.1,9.23,0,0
10/4/2020,8.45157,79.8328,0.1,6.7,1.37,-0.169,40.2,1.1,9.23,0,0
11/2/2020,8.45157,79.8328,0,1.9,0.52,-0.099,40.2,1.1,9.23,0,0
12/12/2020,8.45157,79.8328,0.8,8.7,1.34,-0.116,40.2,1.1,9.23,0,0
5/9/2021,8.45157,79.8328,4,12.4,1.9,0.056,40.2,1.1,9.23,0,0
10/2/2021,8.45157,79.8328,7.7,21.2,1.66,-0.12,40.2,1.1,9.23,0,0
10/26/2021,8.45157,79.8328,22.8,69.9,1.92,0.137,40.2,1.1,9.23,0,0
12/24/2021,8.45157,79.8328,2.5,6.3,1.37,-0.078,40.2,1.1,9.23,0,0
5/28/2022,8.45157,79.8328,0.2,3,1.5,-0.3,40.2,1.1,9.23,0,0
10/3/2022,8.45157,79.8328,2,5.5,1.7,0.053,40.2,1.1,9.23,0,0
10/19/2022,8.45157,79.8328,5.2,17,1.56,-0.115,40.2,1.1,9.23,0,0
10/31/2022,8.45157,79.8328,2.8,17.7,1.55,-0.364,40.2,1.1,9.23,0,0
11/1/2022,8.45157,79.8328,1.8,9.6,1.69,-0.066,40.2,1.1,9.23,0,0
11/11/2022,8.45157,79.8328,1.6,5.4,1.35,0.031,40.2,1.1,9.23,0,0
11/13/2022,8.45157,79.8328,0.7,4,1.23,0.056,40.2,1.1,9.23,0,0
11/26/2022,8.45157,79.8328,2.1,8.2,1.31,0.009,40.2,1.1,9.23,0,0
5/15/2023,8.45157,79.8328,1.9,11.7,0.85,-0.015,40.2,1.1,9.23,0,0
5/26/2023,8.45157,79.8328,1,3.2,1.27,-0.464,40.2,1.1,9.23,0,0
11/6/2023,8.45157,79.8328,2.1,6.1,1.75,-0.237,40.2,1.1,9.23,0,0
11/21/2023,8.45157,79.8328,12,39.8,1.96,0.08,40.2,1.1,9.23,0,0
11/26/2023,8.45157,79.8328,2,12.3,2.02,-0.064,40.2,1.1,9.23,0,0
5/11/2024,8.45157,79.8328,10.6,29.4,2.04,-0.054,40.2,1.1,9.23,0,0
5/12/2024,8.45157,79.8328,3.7,11.7,2.05,0.169,40.2,1.1,9.23,0,0
11/8/2024,8.45157,79.8328,1.4,12,1.7,-0.145,40.2,1.1,9.23,0,0
12/15/2024,8.45157,79.8328,101.7,238.8,4.22,1.554,40.2,1.1,9.23,1,1.76
10/9/2016,6.84033,79.82331,0.4,2.7,1.13,0.303,61.6,4.35,1.17,0,0
10/21/2016,6.84033,79.82331,2.5,7,0.67,-0.245,61.6,4.35,1.17,0,0
11/16/2016,6.84033,79.82331,3.2,7.8,1.35,0.086,61.6,4.35,1.17,0,0
11/19/2016,6.84033,79.82331,55.7,140.1,2.45,0.738,61.6,4.35,1.17,0,0
5/21/2017,6.84033,79.82331,0,2.5,1.17,-0.227,61.6,4.35,1.17,0,0
5/30/2017,6.84033,79.82331,9.2,23.4,0.5,0.061,61.6,4.35,1.17,0,0
11/4/2017,6.84033,79.82331,27.8,70.4,2.21,0.26,61.6,4.35,1.17,0,0
11/7/2017,6.84033,79.82331,1.2,4.7,1.12,-0.011,61.6,4.35,1.17,0,0
11/12/2017,6.84033,79.82331,0.8,27.1,1.03,0.054,61.6,4.35,1.17,0,0
11/25/2017,6.84033,79.82331,19.5,43.3,1.72,0.504,61.6,4.35,1.17,0,0
12/1/2017,6.84033,79.82331,11.4,32.1,1.76,0.171,61.6,4.35,1.17,0,0
5/11/2018,6.84033,79.82331,0.2,2.2,1.76,-0.051,61.6,4.35,1.17,0,0
10/5/2018,6.84033,79.82331,1.8,6.7,1.51,-0.236,61.6,4.35,1.17,0,0
12/12/2018,6.84033,79.82331,1.4,11,1.21,-0.027,61.6,4.35,1.17,0,0
12/16/2018,6.84033,79.82331,3.9,9.3,1.41,0.16,61.6,4.35,1.17,0,0
12/24/2018,6.84033,79.82331,77.6,219.2,3.79,1.088,61.6,4.35,1.17,0,0
10/6/2019,6.84033,79.82331,0.9,2.7,1.11,-0.334,61.6,4.35,1.17,0,0
10/26/2019,6.84033,79.82331,0.4,12,1.08,-0.06,61.6,4.35,1.17,0,0
10/29/2019,6.84033,79.82331,156.8,402.7,6.36,2.236,61.6,4.35,1.17,1,3.22
11/29/2019,6.84033,79.82331,1.9,3.9,1.33,-0.05,61.6,4.35,1.17,0,0
11/30/2019,6.84033,79.82331,0.3,9.9,1.76,-0.181,61.6,4.35,1.17,0,0
10/4/2020,6.84033,79.82331,3.4,8.4,1.43,0.061,61.6,4.35,1.17,0,0
11/2/2020,6.84033,79.82331,7,17.9,1.89,-0.071,61.6,4.35,1.17,0,0
12/12/2020,6.84033,79.82331,4,8.3,0.8,-0.073,61.6,4.35,1.17,0,0
5/9/2021,6.84033,79.82331,3,15.3,1.36,-0.242,61.6,4.35,1.17,0,0
10/2/2021,6.84033,79.82331,0.2,4.6,1.13,-0.096,61.6,4.35,1.17,0,0
10/26/2021,6.84033,79.82331,72.6,172.9,2.94,1.2,61.6,4.35,1.17,0,0
12/24/2021,6.84033,79.82331,4.8,12.2,1.2,0.024,61.6,4.35,1.17,0,0
5/28/2022,6.84033,79.82331,18.8,39.5,1.48,0.288,61.6,4.35,1.17,0,0
10/3/2022,6.84033,79.82331,33.1,96.4,2.36,0.32,61.6,4.35,1.17,0,0
10/19/2022,6.84033,79.82331,7.3,21,1.41,0.032,61.6,4.35,1.17,0,0
10/31/2022,6.84033,79.82331,4,10.8,1.23,-0.019,61.6,4.35,1.17,0,0
11/1/2022,6.84033,79.82331,17.5,48.1,1.67,0.18,61.6,4.35,1.17,0,0
11/11/2022,6.84033,79.82331,172.8,369.7,5.75,2.3,61.6,4.35,1.17,1,3.18
11/13/2022,6.84033,79.82331,11.9,32.8,1.2,-0.062,61.6,4.35,1.17,0,0
11/26/2022,6.84033,79.82331,33.5,87.5,2.38,0.56,61.6,4.35,1.17,0,0
5/15/2023,6.84033,79.82331,6.1,11.2,1.28,-0.178,61.6,4.35,1.17,0,0
5/26/2023,6.84033,79.82331,0,2.3,1.27,-0.197,61.6,4.35,1.17,0,0
11/6/2023,6.84033,79.82331,0.3,1.7,1.5,-0.246,61.6,4.35,1.17,0,0
11/21/2023,6.84033,79.82331,1.3,6,0.37,0.001,61.6,4.35,1.17,0,0
11/26/2023,6.84033,79.82331,3.2,12.2,0.7,-0.065,61.6,4.35,1.17,0,0
5/11/2024,6.84033,79.82331,0,0.2,1.25,-0.097,61.6,4.35,1.17,0,0
5/12/2024,6.84033,79.82331,21,49,2.44,-0.012,61.6,4.35,1.17,0,0
11/8/2024,6.84033,79.82331,41.9,104.4,2.27,0.619,61.6,4.35,1.17,0,0
12/15/2024,6.84033,79.82331,4.9,20,1.64,-0.007,61.6,4.35,1.17,0,0
10/9/2016,7.34886,81.28983,3.4,6.6,1.72,0.218,45.1,0.31,2.8,0,0
10/21/2016,7.34886,81.28983,49.9,133.9,3.34,0.594,45.1,0.31,2.8,0,0
11/16/2016,7.34886,81.28983,52.4,133.7,3.48,0.651,45.1,0.31,2.8,0,0
11/19/2016,7.34886,81.28983,14.7,43.9,2.71,0.362,45.1,0.31,2.8,0,0
5/21/2017,7.34886,81.28983,199.3,601.3,9.12,2.3,45.1,0.31,2.8,1,3.8
5/30/2017,7.34886,81.28983,0.2,0.6,2.14,-0.205,45.1,0.31,2.8,0,0
11/4/2017,7.34886,81.28983,4,18.1,1.66,0.081,45.1,0.31,2.8,0,0
11/7/2017,7.34886,81.28983,12.5,47,2.13,0.167,45.1,0.31,2.8,0,0
11/12/2017,7.34886,81.28983,1.1,16.8,2,-0.16,45.1,0.31,2.8,0,0
11/25/2017,7.34886,81.28983,4.2,8.8,2.24,-0.128,45.1,0.31,2.8,0,0
12/1/2017,7.34886,81.28983,100.6,273.3,5.06,1.497,45.1,0.31,2.8,1,2.19
5/11/2018,7.34886,81.28983,94.7,289.9,5.52,1.656,45.1,0.31,2.8,0,0
10/5/2018,7.34886,81.28983,6.6,15.8,2.15,-0.215,45.1,0.31,2.8,0,0
12/12/2018,7.34886,81.28983,5.2,11.7,2.15,-0.057,45.1,0.31,2.8,0,0
12/16/2018,7.34886,81.28983,0.5,3.8,1.96,-0.121,45.1,0.31,2.8,0,0
12/24/2018,7.34886,81.28983,19.5,48.5,2.17,0.099,45.1,0.31,2.8,0,0
10/6/2019,7.34886,81.28983,88.5,218,4.66,1.156,45.1,0.31,2.8,1,2.08
10/26/2019,7.34886,81.28983,5.5,20.8,2.02,-0.277,45.1,0.31,2.8,0,0
10/29/2019,7.34886,81.28983,5.3,19.8,1.82,-0.095,45.1,0.31,2.8,0,0
11/29/2019,7.34886,81.28983,7.2,15.1,2.13,-0.097,45.1,0.31,2.8,0,0
11/30/2019,7.34886,81.28983,10.1,23.6,1.7,-0.169,45.1,0.31,2.8,0,0
10/4/2020,7.34886,81.28983,2.6,5.7,2.31,-0.13,45.1,0.31,2.8,0,0
11/2/2020,7.34886,81.28983,18.1,50.3,2.62,0.124,45.1,0.31,2.8,0,0
12/12/2020,7.34886,81.28983,0.5,7.6,2.22,-0.145,45.1,0.31,2.8,0,0
5/9/2021,7.34886,81.28983,11.2,34.4,2,0.283,45.1,0.31,2.8,0,0
10/2/2021,7.34886,81.28983,0.6,4.5,1.92,-0.284,45.1,0.31,2.8,0,0
10/26/2021,7.34886,81.28983,3.4,14.9,2.05,0.028,45.1,0.31,2.8,0,0
12/24/2021,7.34886,81.28983,55.5,145.5,4.37,0.739,45.1,0.31,2.8,0,0
5/28/2022,7.34886,81.28983,163.4,403.8,7.07,2.278,45.1,0.31,2.8,1,3.53
10/3/2022,7.34886,81.28983,0.9,2,2.42,0.065,45.1,0.31,2.8,0,0
10/19/2022,7.34886,81.28983,5.5,17.9,2.67,-0.212,45.1,0.31,2.8,0,0
10/31/2022,7.34886,81.28983,141.5,318.7,6.04,1.863,45.1,0.31,2.8,1,2.61
11/1/2022,7.34886,81.28983,5.4,17.1,2.26,-0.181,45.1,0.31,2.8,0,0
11/11/2022,7.34886,81.28983,1.3,5,1.99,-0.285,45.1,0.31,2.8,0,0
11/13/2022,7.34886,81.28983,0.7,2.6,2.04,-0.192,45.1,0.31,2.8,0,0
11/26/2022,7.34886,81.28983,1.2,8.6,2.16,-0.137,45.1,0.31,2.8,0,0
5/15/2023,7.34886,81.28983,10.6,38.9,2.48,-0.276,45.1,0.31,2.8,0,0
5/26/2023,7.34886,81.28983,8.1,23.2,2.17,-0.111,45.1,0.31,2.8,0,0
11/6/2023,7.34886,81.28983,3,13.6,1.83,-0.022,45.1,0.31,2.8,0,0
11/21/2023,7.34886,81.28983,0.3,3.7,1.86,-0.098,45.1,0.31,2.8,0,0
11/26/2023,7.34886,81.28983,10.7,24.7,2.65,0.198,45.1,0.31,2.8,0,0
5/11/2024,7.34886,81.28983,0.6,3.7,2.25,-0.037,45.1,0.31,2.8,0,0
5/12/2024,7.34886,81.28983,25.6,65.6,2.78,-0.038,45.1,0.31,2.8,0,0
11/8/2024,7.34886,81.28983,1.1,3.6,1.97,-0.087,45.1,0.31,2.8,0,0
12/15/2024,7.34886,81.28983,6.1,12.6,2.27,-0.07,45.1,0.31,2.8,0,0
10/9/2016,7.82785,81.01658,0.5,13.7,1.09,-0.15,6.4,0.18,7.53,0,0
10/21/2016,7.82785,81.01658,3.2,13.8,1.47,-0.301,6.4,0.18,7.53,0,0
11/16/2016,7.82785,81.01658,0,14.7,1.5,-0.074,6.4,0.18,7.53,0,0
11/19/2016,7.82785,81.01658,43.4,105,2.4,0.359,6.4,0.18,7.53,0,0
5/21/2017,7.82785,81.01658,2.1,4.2,1.2,-0.261,6.4,0.18,7.53,0,0
5/30/2017,7.82785,81.01658,0.6,8.4,1.44,-0.041,6.4,0.18,7.53,0,0
11/4/2017,7.82785,81.01658,0.2,2.4,1.27,-0.123,6.4,0.18,7.53,0,0
11/7/2017,7.82785,81.01658,116.1,282.9,5.19,1.598,6.4,0.18,7.53,0,0
11/12/2017,7.82785,81.01658,1,2.9,1.21,-0.259,6.4,0.18,7.53,0,0
11/25/2017,7.82785,81.01658,1.4,4.1,1.36,-0.174,6.4,0.18,7.53,0,0
12/1/2017,7.82785,81.01658,7.5,32.4,1.9,0.184,6.4,0.18,7.53,0,0
5/11/2018,7.82785,81.01658,0.3,0.6,1.18,0.051,6.4,0.18,7.53,1,0.37
10/5/2018,7.82785,81.01658,0,1.5,1.73,-0.14,6.4,0.18,7.53,0,0
12/12/2018,7.82785,81.01658,11.4,37.2,1.56,-0.094,6.4,0.18,7.53,0,0
12/16/2018,7.82785,81.01658,0.3,10.9,1.54,0.211,6.4,0.18,7.53,0,0
12/24/2018,7.82785,81.01658,1,2.8,1.25,-0.148,6.4,0.18,7.53,0,0
10/6/2019,7.82785,81.01658,4.5,12.3,1.51,-0.226,6.4,0.18,7.53,0,0
10/26/2019,7.82785,81.01658,3.6,8,1.3,-0.149,6.4,0.18,7.53,0,0
10/29/2019,7.82785,81.01658,7.5,23.6,1.91,0.013,6.4,0.18,7.53,0,0
11/29/2019,7.82785,81.01658,0.8,4.5,1.23,-0.056,6.4,0.18,7.53,0,0
11/30/2019,7.82785,81.01658,17.8,59.1,1.99,0.127,6.4,0.18,7.53,0,0
10/4/2020,7.82785,81.01658,0.3,1.8,1.53,-0.266,6.4,0.18,7.53,0,0
11/2/2020,7.82785,81.01658,2.7,5.6,1.09,0.106,6.4,0.18,7.53,0,0
12/12/2020,7.82785,81.01658,2,20,2.22,-0.182,6.4,0.18,7.53,0,0
5/9/2021,7.82785,81.01658,5.7,20.7,2.34,0.224,6.4,0.18,7.53,0,0
10/2/2021,7.82785,81.01658,0.2,7.4,1.51,-0.407,6.4,0.18,7.53,0,0
10/26/2021,7.82785,81.01658,3.5,25.7,1.69,0.117,6.4,0.18,7.53,0,0
12/24/2021,7.82785,81.01658,0.2,4.7,1.25,-0.136,6.4,0.18,7.53,0,0
5/28/2022,7.82785,81.01658,3.5,13.4,1.93,-0.106,6.4,0.18,7.53,0,0
10/3/2022,7.82785,81.01658,0.6,2.7,1.43,-0.581,6.4,0.18,7.53,0,0
10/19/2022,7.82785,81.01658,1.1,2,0.94,-0.113,6.4,0.18,7.53,0,0
10/31/2022,7.82785,81.01658,3.4,13.9,1.62,0.05,6.4,0.18,7.53,0,0
11/1/2022,7.82785,81.01658,0,1.1,1.93,-0.176,6.4,0.18,7.53,0,0
11/11/2022,7.82785,81.01658,1.5,10.2,1.17,0.053,6.4,0.18,7.53,0,0
11/13/2022,7.82785,81.01658,0.8,3.2,1.14,-0.165,6.4,0.18,7.53,0,0
11/26/2022,7.82785,81.01658,89.1,273.4,3.82,1.369,6.4,0.18,7.53,1,2.27
5/15/2023,7.82785,81.01658,37.5,78.9,2.23,0.336,6.4,0.18,7.53,0,0
5/26/2023,7.82785,81.01658,0.6,2.1,1.29,-0.169,6.4,0.18,7.53,0,0
11/6/2023,7.82785,81.01658,107.1,273.8,5.49,1.543,6.4,0.18,7.53,1,2.41
11/21/2023,7.82785,81.01658,4.9,13.6,1.35,-0.105,6.4,0.18,7.53,0,0
11/26/2023,7.82785,81.01658,4.6,10.6,1.86,-0.11,6.4,0.18,7.53,0,0
5/11/2024,7.82785,81.01658,0.1,5.4,0.74,-0.059,6.4,0.18,7.53,0,0
5/12/2024,7.82785,81.01658,31.3,68.8,1.98,0.485,6.4,0.18,7.53,0,0
11/8/2024,7.82785,81.01658,0,11.3,1.4,-0.118,6.4,0.18,7.53,0,0
12/15/2024,7.82785,81.01658,0.3,5.2,1.67,-0.128,6.4,0.18,7.53,0,0
10/9/2016,6.94544,80.60351,0.7,2,1.54,-0.043,19,3.17,0.3,0,0
10/21/2016,6.94544,80.60351,118.1,331.3,5.88,1.925,19,3.17,0.3,1,3.26
11/16/2016,6.94544,80.60351,33.7,78,1.81,0.363,19,3.17,0.3,0,0
11/19/2016,6.94544,80.60351,5.2,19.4,1.47,0.081,19,3.17,0.3,0,0
5/21/2017,6.94544,80.60351,0.4,31.3,1.72,-0.022,19,3.17,0.3,0,0
5/30/2017,6.94544,80.60351,8,18.9,1.46,-0.008,19,3.17,0.3,0,0
11/4/2017,6.94544,80.60351,0.7,6,0.91,-0.108,19,3.17,0.3,0,0
11/7/2017,6.94544,80.60351,3.2,9.8,1.65,-0.021,19,3.17,0.3,0,0
11/12/2017,6.94544,80.60351,3,11.9,1.19,0.05,19,3.17,0.3,0,0
11/25/2017,6.94544,80.60351,0,5.7,1.56,-0.378,19,3.17,0.3,0,0
12/1/2017,6.94544,80.60351,15.8,37,1.8,0.1,19,3.17,0.3,0,0
5/11/2018,6.94544,80.60351,3.4,10.8,1.2,-0.093,19,3.17,0.3,0,0
10/5/2018,6.94544,80.60351,40.7,125.6,2.7,0.703,19,3.17,0.3,1,1.35
12/12/2018,6.94544,80.60351,47.1,121.3,2.27,0.833,19,3.17,0.3,1,1.14
12/16/2018,6.94544,80.60351,165.1,387.8,5.88,2.3,19,3.17,0.3,1,3.44
12/24/2018,6.94544,80.60351,71.2,170.6,3.17,0.941,19,3.17,0.3,1,1.3
10/6/2019,6.94544,80.60351,2.3,12.4,1.36,-0.024,19,3.17,0.3,0,0
10/26/2019,6.94544,80.60351,0.1,1.5,1.29,-0.086,19,3.17,0.3,0,0
10/29/2019,6.94544,80.60351,39.8,105.6,2.75,0.394,19,3.17,0.3,1,1.08
11/29/2019,6.94544,80.60351,0.1,8,1.74,-0.144,19,3.17,0.3,0,0
11/30/2019,6.94544,80.60351,2.8,10.6,1.52,-0.117,19,3.17,0.3,0,0
10/4/2020,6.94544,80.60351,6,23.6,2.03,-0.179,19,3.17,0.3,0,0
11/2/2020,6.94544,80.60351,5.4,18,1.4,-0.126,19,3.17,0.3,0,0
12/12/2020,6.94544,80.60351,0.5,20.1,1.49,-0.263,19,3.17,0.3,0,0
5/9/2021,6.94544,80.60351,21.3,55.8,2.73,0.075,19,3.17,0.3,0,0
10/2/2021,6.94544,80.60351,39.7,76.9,2.49,0.324,19,3.17,0.3,0,0
10/26/2021,6.94544,80.60351,3.3,14.4,0.83,-0.118,19,3.17,0.3,0,0
12/24/2021,6.94544,80.60351,0.8,7.1,1.21,0.065,19,3.17,0.3,0,0
5/28/2022,6.94544,80.60351,1.5,10.4,1.6,-0.423,19,3.17,0.3,0,0
10/3/2022,6.94544,80.60351,9,31.9,2.07,0.017,19,3.17,0.3,0,0
10/19/2022,6.94544,80.60351,0,0.7,0.97,0.038,19,3.17,0.3,0,0
10/31/2022,6.94544,80.60351,102,240.3,4.22,1.316,19,3.17,0.3,1,1.95
11/1/2022,6.94544,80.60351,59.2,159.8,3.19,0.863,19,3.17,0.3,1,1.34
11/11/2022,6.94544,80.60351,3.9,15.7,1.2,0.035,19,3.17,0.3,0,0
11/13/2022,6.94544,80.60351,0.6,3.1,2,-0.278,19,3.17,0.3,0,0
11/26/2022,6.94544,80.60351,1.6,5.6,0.82,0.174,19,3.17,0.3,0,0
5/15/2023,6.94544,80.60351,6.6,18.4,1.61,0.064,19,3.17,0.3,0,0
5/26/2023,6.94544,80.60351,0.2,3.5,0.6,-0.095,19,3.17,0.3,0,0
11/6/2023,6.94544,80.60351,50.2,112.1,3.04,0.582,19,3.17,0.3,0,0
11/21/2023,6.94544,80.60351,82.3,252.7,4.47,1.453,19,3.17,0.3,1,2.52
11/26/2023,6.94544,80.60351,92.7,295.3,4.8,1.559,19,3.17,0.3,1,2.64
5/11/2024,6.94544,80.60351,26,64,1.93,0.209,19,3.17,0.3,0,0
5/12/2024,6.94544,80.60351,56.5,143.2,3.14,0.873,19,3.17,0.3,1,1.43
11/8/2024,6.94544,80.60351,59.5,128.6,2.53,0.683,19,3.17,0.3,0,0
12/15/2024,6.94544,80.60351,94.8,224,4.37,1.277,19,3.17,0.3,0,0
10/9/2016,8.52663,79.9261,1.2,3.4,1.02,-0.199,8,1.57,7.75,0,0
10/21/2016,8.52663,79.9261,1.3,3.7,1.45,-0.013,8,1.57,7.75,0,0
11/16/2016,8.52663,79.9261,2.7,7.8,0.39,-0.074,8,1.57,7.75,0,0
11/19/2016,8.52663,79.9261,18.1,50.7,1.56,0.22,8,1.57,7.75,0,0
5/21/2017,8.52663,79.9261,53.2,124.5,1.7,0.71,8,1.57,7.75,0,0
5/30/2017,8.52663,79.9261,0.5,6.2,1.14,-0.142,8,1.57,7.75,0,0
11/4/2017,8.52663,79.9261,3.5,7.1,0.51,-0.024,8,1.57,7.75,0,0
11/7/2017,8.52663,79.9261,1.1,3,0.38,-0.043,8,1.57,7.75,0,0
11/12/2017,8.52663,79.9261,3.8,15,0.58,-0.077,8,1.57,7.75,0,0
11/25/2017,8.52663,79.9261,13.9,41.4,1.17,-0.018,8,1.57,7.75,0,0
12/1/2017,8.52663,79.9261,0.2,4.8,0.99,-0.226,8,1.57,7.75,0,0
5/11/2018,8.52663,79.9261,12.8,41.9,0.94,0.116,8,1.57,7.75,0,0
10/5/2018,8.52663,79.9261,0.8,6.8,0.53,0.009,8,1.57,7.75,0,0
12/12/2018,8.52663,79.9261,2,9.7,0.93,-0.375,8,1.57,7.75,0,0
12/16/2018,8.52663,79.9261,3.4,12.1,0.96,0.067,8,1.57,7.75,0,0
12/24/2018,8.52663,79.9261,8.3,21,0.85,-0.148,8,1.57,7.75,0,0
10/6/2019,8.52663,79.9261,2.5,6.5,0.75,0.072,8,1.57,7.75,0,0
10/26/2019,8.52663,79.9261,4.8,11,1.18,-0.073,8,1.57,7.75,0,0
10/29/2019,8.52663,79.9261,0.8,1.8,1.48,-0.1,8,1.57,7.75,0,0
11/29/2019,8.52663,79.9261,2.4,7.5,0.73,0.106,8,1.57,7.75,0,0
11/30/2019,8.52663,79.9261,2.8,11.5,0.43,0.044,8,1.57,7.75,0,0
10/4/2020,8.52663,79.9261,225.3,476.3,6.1,2.3,8,1.57,7.75,1,3.78
11/2/2020,8.52663,79.9261,9.8,21.5,0.62,-0.011,8,1.57,7.75,0,0
12/12/2020,8.52663,79.9261,5.3,14.7,0.6,-0.046,8,1.57,7.75,0,0
5/9/2021,8.52663,79.9261,41.5,83.4,1.94,0.368,8,1.57,7.75,0,0
10/2/2021,8.52663,79.9261,68.3,160.1,3.28,0.859,8,1.57,7.75,0,0
10/26/2021,8.52663,79.9261,17.2,48.6,1.42,0.347,8,1.57,7.75,0,0
12/24/2021,8.52663,79.9261,54.7,167.4,2.87,0.956,8,1.57,7.75,0,0
5/28/2022,8.52663,79.9261,69.6,154.6,2.73,0.944,8,1.57,7.75,0,0
10/3/2022,8.52663,79.9261,14.2,37.2,1.35,0.127,8,1.57,7.75,0,0
10/19/2022,8.52663,79.9261,4.9,17.8,0.38,0.155,8,1.57,7.75,0,0
10/31/2022,8.52663,79.9261,2.5,6.2,0.56,-0.204,8,1.57,7.75,0,0
11/1/2022,8.52663,79.9261,0.4,5.8,0.57,-0.094,8,1.57,7.75,0,0
11/11/2022,8.52663,79.9261,3.9,24.6,0.72,0.066,8,1.57,7.75,0,0
11/13/2022,8.52663,79.9261,0.1,1.4,0.43,-0.222,8,1.57,7.75,0,0
11/26/2022,8.52663,79.9261,76.1,178.3,2.61,1.248,8,1.57,7.75,0,0
5/15/2023,8.52663,79.9261,111.6,314.6,4.08,1.603,8,1.57,7.75,1,2.46
5/26/2023,8.52663,79.9261,126.5,280.2,4.31,1.898,8,1.57,7.75,1,2.71
11/6/2023,8.52663,79.9261,0.2,14.6,1.04,-0.135,8,1.57,7.75,0,0
11/21/2023,8.52663,79.9261,2.5,8.2,1.17,-0.112,8,1.57,7.75,0,0
11/26/2023,8.52663,79.9261,132.4,340.8,4.41,2.179,8,1.57,7.75,1,2.72
5/11/2024,8.52663,79.9261,16.8,38.3,0.89,0.047,8,1.57,7.75,0,0
5/12/2024,8.52663,79.9261,0.2,0.9,1.11,-0.013,8,1.57,7.75,1,0.15
11/8/2024,8.52663,79.9261,76.9,185.9,2.86,1.03,8,1.57,7.75,1,1.88
12/15/2024,8.52663,79.9261,6.8,16.4,0.87,-0.101,8,1.57,7.75,0,0
10/9/2016,8.50236,80.63491,3.9,20.8,1.09,-0.109,77,3.66,3.26,0,0
10/21/2016,8.50236,80.63491,8.5,20.4,1.4,0.004,77,3.66,3.26,0,0
11/16/2016,8.50236,80.63491,0.5,2,1.65,-0.105,77,3.66,3.26,0,0
11/19/2016,8.50236,80.63491,7.6,28.2,1.54,0.021,77,3.66,3.26,0,0
5/21/2017,8.50236,80.63491,0.8,9.2,1.57,-0.046,77,3.66,3.26,0,0
5/30/2017,8.50236,80.63491,0.5,4.5,1.14,-0.146,77,3.66,3.26,0,0
11/4/2017,8.50236,80.63491,143.9,333.7,4.69,2.056,77,3.66,3.26,1,2.15
11/7/2017,8.50236,80.63491,10.5,29.5,1.31,-0.044,77,3.66,3.26,0,0
11/12/2017,8.50236,80.63491,0.6,1.7,1.24,-0.124,77,3.66,3.26,0,0
11/25/2017,8.50236,80.63491,7.3,22.5,0.85,-0.013,77,3.66,3.26,0,0
12/1/2017,8.50236,80.63491,4.5,18.7,1.73,-0.023,77,3.66,3.26,0,0
5/11/2018,8.50236,80.63491,73.7,222.2,3.85,1.227,77,3.66,3.26,0,0
10/5/2018,8.50236,80.63491,9,22.4,1.48,0.117,77,3.66,3.26,0,0
12/12/2018,8.50236,80.63491,0,0.4,1.07,-0.26,77,3.66,3.26,0,0
12/16/2018,8.50236,80.63491,13.7,45,2.29,-0.057,77,3.66,3.26,0,0
12/24/2018,8.50236,80.63491,2.5,14.4,1.34,0.047,77,3.66,3.26,0,0
10/6/2019,8.50236,80.63491,34.9,109.9,2.46,0.513,77,3.66,3.26,0,0
10/26/2019,8.50236,80.63491,73.3,179.9,3.38,1.213,77,3.66,3.26,0,0
10/29/2019,8.50236,80.63491,0.2,4.4,1.06,-0.219,77,3.66,3.26,0,0
11/29/2019,8.50236,80.63491,70.1,169.6,3.1,0.789,77,3.66,3.26,0,0
11/30/2019,8.50236,80.63491,0.7,2.6,1,-0.16,77,3.66,3.26,0,0
10/4/2020,8.50236,80.63491,1.4,11.4,1.04,-0.093,77,3.66,3.26,0,0
11/2/2020,8.50236,80.63491,2.6,8.7,1.5,-0.159,77,3.66,3.26,0,0
12/12/2020,8.50236,80.63491,12.8,36.6,1.54,0.094,77,3.66,3.26,0,0
5/9/2021,8.50236,80.63491,0,1.4,0.67,0.09,77,3.66,3.26,0,0
10/2/2021,8.50236,80.63491,24.3,54.5,1.73,0.132,77,3.66,3.26,0,0
10/26/2021,8.50236,80.63491,21.6,48.5,1.95,-0.057,77,3.66,3.26,0,0
12/24/2021,8.50236,80.63491,3.4,9.6,1.14,-0.17,77,3.66,3.26,0,0
5/28/2022,8.50236,80.63491,0.3,1.4,1.36,-0.048,77,3.66,3.26,0,0
10/3/2022,8.50236,80.63491,1.1,7.7,1.44,-0.326,77,3.66,3.26,0,0
10/19/2022,8.50236,80.63491,0.6,3.9,1.71,-0.003,77,3.66,3.26,0,0
10/31/2022,8.50236,80.63491,18.7,59.7,1.47,0.081,77,3.66,3.26,0,0
11/1/2022,8.50236,80.63491,25.4,65.5,1.35,0.065,77,3.66,3.26,0,0
11/11/2022,8.50236,80.63491,1,8.1,0.77,-0.328,77,3.66,3.26,0,0
11/13/2022,8.50236,80.63491,0.8,2.2,1.5,0.001,77,3.66,3.26,0,0
11/26/2022,8.50236,80.63491,4.9,49.3,1.78,-0.03,77,3.66,3.26,0,0
5/15/2023,8.50236,80.63491,11.8,24.3,1.92,-0.128,77,3.66,3.26,0,0
5/26/2023,8.50236,80.63491,10.3,30.6,0.97,-0.104,77,3.66,3.26,0,0
11/6/2023,8.50236,80.63491,71.5,160.5,3.14,0.856,77,3.66,3.26,0,0
11/21/2023,8.50236,80.63491,0.3,3.8,1.29,0.021,77,3.66,3.26,0,0
11/26/2023,8.50236,80.63491,0.9,9.2,1.49,-0.102,77,3.66,3.26,0,0
5/11/2024,8.50236,80.63491,1.4,11.6,0.82,-0.112,77,3.66,3.26,0,0
5/12/2024,8.50236,80.63491,5.5,24,1.83,0.058,77,3.66,3.26,0,0
11/8/2024,8.50236,80.63491,1,7.2,1.49,-0.166,77,3.66,3.26,0,0
12/15/2024,8.50236,80.63491,6,20.3,1.17,-0.181,77,3.66,3.26,0,0
10/9/2016,6.65463,80.60225,3.7,9.1,1.9,0.125,20.4,1.4,0.2,0,0
10/21/2016,6.65463,80.60225,4,10.9,2.37,-0.136,20.4,1.4,0.2,0,0
11/16/2016,6.65463,80.60225,72.4,139.2,3.19,0.982,20.4,1.4,0.2,0,0
11/19/2016,6.65463,80.60225,11.6,33.9,2.37,0.029,20.4,1.4,0.2,0,0
5/21/2017,6.65463,80.60225,92.3,264.5,5.1,1.426,20.4,1.4,0.2,1,2.52
5/30/2017,6.65463,80.60225,136.1,376.8,6.57,2.048,20.4,1.4,0.2,1,3.48
11/4/2017,6.65463,80.60225,5.8,19.3,1.61,0.034,20.4,1.4,0.2,0,0
11/7/2017,6.65463,80.60225,24.5,58.9,2.33,0.063,20.4,1.4,0.2,0,0
11/12/2017,6.65463,80.60225,2.6,6.6,1.72,0.007,20.4,1.4,0.2,0,0
11/25/2017,6.65463,80.60225,67.1,128.1,3.03,0.679,20.4,1.4,0.2,0,0
12/1/2017,6.65463,80.60225,4.7,17.9,2.21,-0.183,20.4,1.4,0.2,0,0
5/11/2018,6.65463,80.60225,39.1,99.5,3.03,0.553,20.4,1.4,0.2,0,0
10/5/2018,6.65463,80.60225,137.8,320.8,5.52,1.958,20.4,1.4,0.2,1,3.26
12/12/2018,6.65463,80.60225,5,20.6,2.07,-0.138,20.4,1.4,0.2,0,0
12/16/2018,6.65463,80.60225,8.3,21,1.88,-0.196,20.4,1.4,0.2,0,0
12/24/2018,6.65463,80.60225,108.3,297.4,5.19,1.98,20.4,1.4,0.2,1,2.54
10/6/2019,6.65463,80.60225,46.6,119.7,3.32,0.559,20.4,1.4,0.2,1,1.23
10/26/2019,6.65463,80.60225,4.3,13.8,2.3,-0.124,20.4,1.4,0.2,0,0
10/29/2019,6.65463,80.60225,4.8,18.3,2.13,-0.161,20.4,1.4,0.2,0,0
11/29/2019,6.65463,80.60225,0,0.8,1.13,-0.291,20.4,1.4,0.2,0,0
11/30/2019,6.65463,80.60225,86.9,157.9,3.31,0.994,20.4,1.4,0.2,0,0
10/4/2020,6.65463,80.60225,0.1,6.1,2.03,0.1,20.4,1.4,0.2,0,0
11/2/2020,6.65463,80.60225,104.3,246.1,5.15,1.443,20.4,1.4,0.2,1,2.38
12/12/2020,6.65463,80.60225,10.6,33.1,2.94,-0.046,20.4,1.4,0.2,0,0
5/9/2021,6.65463,80.60225,0.9,10.2,1.64,-0.272,20.4,1.4,0.2,0,0
10/2/2021,6.65463,80.60225,3.9,18,2.21,-0.021,20.4,1.4,0.2,0,0
10/26/2021,6.65463,80.60225,0,4,1.76,-0.183,20.4,1.4,0.2,0,0
12/24/2021,6.65463,80.60225,0,5.6,1.73,0.071,20.4,1.4,0.2,0,0
5/28/2022,6.65463,80.60225,7.5,16.6,2.17,-0.313,20.4,1.4,0.2,0,0
10/3/2022,6.65463,80.60225,0.8,3.1,1.97,-0.226,20.4,1.4,0.2,0,0
10/19/2022,6.65463,80.60225,1.3,3.9,1.32,-0.303,20.4,1.4,0.2,0,0
10/31/2022,6.65463,80.60225,1.7,12.2,1.86,-0.15,20.4,1.4,0.2,0,0
11/1/2022,6.65463,80.60225,0.8,3.1,1.88,-0.105,20.4,1.4,0.2,0,0
11/11/2022,6.65463,80.60225,3.2,8.3,2,-0.165,20.4,1.4,0.2,0,0
11/13/2022,6.65463,80.60225,12.6,37,2.68,0.084,20.4,1.4,0.2,0,0
11/26/2022,6.65463,80.60225,46,130.6,3.39,0.632,20.4,1.4,0.2,0,0
5/15/2023,6.65463,80.60225,0,7.8,1.68,-0.038,20.4,1.4,0.2,0,0
5/26/2023,6.65463,80.60225,1.5,4.3,1.79,-0.202,20.4,1.4,0.2,0,0
11/6/2023,6.65463,80.60225,66.4,168.2,3.76,0.853,20.4,1.4,0.2,0,0
11/21/2023,6.65463,80.60225,0,1.5,2.44,0.177,20.4,1.4,0.2,0,0
11/26/2023,6.65463,80.60225,34.8,103.9,3.23,0.444,20.4,1.4,0.2,0,0
5/11/2024,6.65463,80.60225,54.1,167.7,3.99,0.982,20.4,1.4,0.2,1,1.95
5/12/2024,6.65463,80.60225,0.9,19.4,1.95,-0.124,20.4,1.4,0.2,0,0
11/8/2024,6.65463,80.60225,1.5,5,1.21,-0.244,20.4,1.4,0.2,0,0
12/15/2024,6.65463,80.60225,0.1,0.8,1.43,-0.35,20.4,1.4,0.2,0,0
10/9/2016,7.29285,80.06176,8.6,25.5,2.93,-0.01,7.1,0.65,1,0,0
10/21/2016,7.29285,80.06176,1.2,8.5,2.36,-0.17,7.1,0.65,1,0,0
11/16/2016,7.29285,80.06176,20.3,55.3,4.04,0.298,7.1,0.65,1,0,0
11/19/2016,7.29285,80.06176,11.3,31.9,2.48,-0.034,7.1,0.65,1,0,0
5/21/2017,7.29285,80.06176,37.6,85.4,3.23,0.484,7.1,0.65,1,0,0
5/30/2017,7.29285,80.06176,6.4,19.7,2.8,0.169,7.1,0.65,1,0,0
11/4/2017,7.29285,80.06176,55.3,153.8,4.42,1.02,7.1,0.65,1,1,2.02
11/7/2017,7.29285,80.06176,0.2,6,2.13,-0.223,7.1,0.65,1,0,0
11/12/2017,7.29285,80.06176,0.2,3.3,2.18,-0.123,7.1,0.65,1,0,0
11/25/2017,7.29285,80.06176,5.6,17,2.36,-0.101,7.1,0.65,1,0,0
12/1/2017,7.29285,80.06176,0.6,3.6,1.95,0.02,7.1,0.65,1,0,0
5/11/2018,7.29285,80.06176,70.2,129.7,3.92,0.8,7.1,0.65,1,1,1.65
10/5/2018,7.29285,80.06176,0.2,1,2.03,-0.093,7.1,0.65,1,0,0
12/12/2018,7.29285,80.06176,0.2,0.6,2.14,-0.029,7.1,0.65,1,0,0
12/16/2018,7.29285,80.06176,0.7,6.5,2.71,-0.187,7.1,0.65,1,0,0
12/24/2018,7.29285,80.06176,118.1,254.5,4.82,1.584,7.1,0.65,1,1,2.6
10/6/2019,7.29285,80.06176,1,5.4,1.95,-0.18,7.1,0.65,1,0,0
10/26/2019,7.29285,80.06176,11,26.6,2.47,0.204,7.1,0.65,1,0,0
10/29/2019,7.29285,80.06176,1.2,6.1,2.57,-0.257,7.1,0.65,1,0,0
11/29/2019,7.29285,80.06176,3.1,11.3,1.99,-0.062,7.1,0.65,1,0,0
11/30/2019,7.29285,80.06176,0.6,6.6,1.88,-0.152,7.1,0.65,1,0,0
10/4/2020,7.29285,80.06176,124.8,319,5.39,1.803,7.1,0.65,1,1,3.53
11/2/2020,7.29285,80.06176,33,107.4,3.22,0.341,7.1,0.65,1,0,0
12/12/2020,7.29285,80.06176,22.8,61.8,3.02,0.027,7.1,0.65,1,0,0
5/9/2021,7.29285,80.06176,1.5,8.4,2.05,0.053,7.1,0.65,1,0,0
10/2/2021,7.29285,80.06176,21.1,52.9,2.26,0.223,7.1,0.65,1,0,0
10/26/2021,7.29285,80.06176,51.7,113.2,3.68,0.822,7.1,0.65,1,0,0
12/24/2021,7.29285,80.06176,0.1,2,1.99,-0.032,7.1,0.65,1,0,0
5/28/2022,7.29285,80.06176,9.7,35.7,2.49,0.202,7.1,0.65,1,0,0
10/3/2022,7.29285,80.06176,7,26.7,2.58,0.035,7.1,0.65,1,0,0
10/19/2022,7.29285,80.06176,40.5,105.2,3.47,0.286,7.1,0.65,1,0,0
10/31/2022,7.29285,80.06176,2.5,10.9,2.16,-0.163,7.1,0.65,1,0,0
11/1/2022,7.29285,80.06176,5.4,15.6,2.32,-0.261,7.1,0.65,1,0,0
11/11/2022,7.29285,80.06176,0.5,7.8,2.77,0.081,7.1,0.65,1,0,0
11/13/2022,7.29285,80.06176,0.1,11,2.77,-0.056,7.1,0.65,1,0,0
11/26/2022,7.29285,80.06176,11.4,49.9,2.1,-0.27,7.1,0.65,1,0,0
5/15/2023,7.29285,80.06176,35.5,101,3.29,0.255,7.1,0.65,1,0,0
5/26/2023,7.29285,80.06176,55,112.6,2.92,0.611,7.1,0.65,1,0,0
11/6/2023,7.29285,80.06176,1.3,8.9,2.8,-0.037,7.1,0.65,1,0,0
11/21/2023,7.29285,80.06176,133.8,254.9,5.2,1.674,7.1,0.65,1,0,0
11/26/2023,7.29285,80.06176,0.3,8.2,2.86,-0.265,7.1,0.65,1,0,0
5/11/2024,7.29285,80.06176,56,135.8,4.46,0.684,7.1,0.65,1,1,1.65
5/12/2024,7.29285,80.06176,58.2,149.9,4.29,0.797,7.1,0.65,1,0,0
11/8/2024,7.29285,80.06176,7,16.8,2.28,-0.1,7.1,0.65,1,0,0
12/15/2024,7.29285,80.06176,1.3,3.6,2.27,-0.105,7.1,0.65,1,0,0
10/9/2016,6.78228,80.53093,10.2,29.9,2.72,0.285,21.6,4.21,3.45,0,0
10/21/2016,6.78228,80.53093,3,6.3,2.03,-0.258,21.6,4.21,3.45,0,0
11/16/2016,6.78228,80.53093,55.5,117.6,3.3,0.819,21.6,4.21,3.45,0,0
11/19/2016,6.78228,80.53093,6.5,14.9,1.89,-0.058,21.6,4.21,3.45,0,0
5/21/2017,6.78228,80.53093,92.6,240.3,4.67,1.264,21.6,4.21,3.45,1,2.33
5/30/2017,6.78228,80.53093,2.9,12.7,1.35,0.118,21.6,4.21,3.45,0,0
11/4/2017,6.78228,80.53093,2,6,2.24,-0.093,21.6,4.21,3.45,0,0
11/7/2017,6.78228,80.53093,1.1,7.6,1.76,-0.082,21.6,4.21,3.45,0,0
11/12/2017,6.78228,80.53093,1.3,2.6,2.29,-0.076,21.6,4.21,3.45,0,0
11/25/2017,6.78228,80.53093,0.2,12.8,2.21,-0.226,21.6,4.21,3.45,0,0
12/1/2017,6.78228,80.53093,0.4,4.6,3.06,-0.085,21.6,4.21,3.45,0,0
5/11/2018,6.78228,80.53093,39.4,89.1,3.41,0.417,21.6,4.21,3.45,0,0
10/5/2018,6.78228,80.53093,94.5,231.9,4.66,1.301,21.6,4.21,3.45,1,1.77
12/12/2018,6.78228,80.53093,22.1,59.6,3.17,0.19,21.6,4.21,3.45,0,0
12/16/2018,6.78228,80.53093,4.3,11.1,2.29,-0.123,21.6,4.21,3.45,0,0
12/24/2018,6.78228,80.53093,36.2,109,3.14,0.37,21.6,4.21,3.45,0,0
10/6/2019,6.78228,80.53093,1.9,10.2,2.21,-0.004,21.6,4.21,3.45,0,0
10/26/2019,6.78228,80.53093,64.6,148.2,2.98,0.908,21.6,4.21,3.45,0,0
10/29/2019,6.78228,80.53093,16.5,42.4,2.17,0.257,21.6,4.21,3.45,0,0
11/29/2019,6.78228,80.53093,61.3,167.7,3.95,1.128,21.6,4.21,3.45,0,0
11/30/2019,6.78228,80.53093,2.9,18.6,2.4,0.108,21.6,4.21,3.45,0,0
10/4/2020,6.78228,80.53093,1.9,9.1,2,0.179,21.6,4.21,3.45,0,0
11/2/2020,6.78228,80.53093,3.5,12.8,2.04,0.103,21.6,4.21,3.45,0,0
12/12/2020,6.78228,80.53093,225.3,389.8,6.97,2.3,21.6,4.21,3.45,1,3.71
5/9/2021,6.78228,80.53093,0,4.5,1.87,-0.167,21.6,4.21,3.45,0,0
10/2/2021,6.78228,80.53093,58.1,133.4,3.94,0.599,21.6,4.21,3.45,0,0
10/26/2021,6.78228,80.53093,24.5,47.9,2.81,0.416,21.6,4.21,3.45,0,0
12/24/2021,6.78228,80.53093,2.6,12.2,2.13,-0.176,21.6,4.21,3.45,0,0
5/28/2022,6.78228,80.53093,16,42.2,1.78,0.109,21.6,4.21,3.45,0,0
10/3/2022,6.78228,80.53093,0.1,0.3,2.08,-0.13,21.6,4.21,3.45,0,0
10/19/2022,6.78228,80.53093,7.9,28.6,2.55,-0.112,21.6,4.21,3.45,0,0
10/31/2022,6.78228,80.53093,1.4,4,1.75,0.075,21.6,4.21,3.45,0,0
11/1/2022,6.78228,80.53093,1.6,4,2.17,-0.115,21.6,4.21,3.45,0,0
11/11/2022,6.78228,80.53093,1,15.5,2.62,0.014,21.6,4.21,3.45,0,0
11/13/2022,6.78228,80.53093,1.2,6.5,2.55,-0.243,21.6,4.21,3.45,0,0
11/26/2022,6.78228,80.53093,9.8,23.2,2.5,-0.108,21.6,4.21,3.45,0,0
5/15/2023,6.78228,80.53093,1,7.2,2.46,0.066,21.6,4.21,3.45,0,0
5/26/2023,6.78228,80.53093,93.7,266.1,5.48,1.486,21.6,4.21,3.45,0,0
11/6/2023,6.78228,80.53093,4.7,12.4,2.33,-0.066,21.6,4.21,3.45,0,0
11/21/2023,6.78228,80.53093,5.4,12.8,2.4,-0.036,21.6,4.21,3.45,0,0
11/26/2023,6.78228,80.53093,2.2,8.4,2.46,0.023,21.6,4.21,3.45,0,0
5/11/2024,6.78228,80.53093,11,24.7,1.92,0.123,21.6,4.21,3.45,0,0
5/12/2024,6.78228,80.53093,0,10.8,2.02,-0.153,21.6,4.21,3.45,0,0
11/8/2024,6.78228,80.53093,0.3,1.6,2.4,-0.005,21.6,4.21,3.45,0,0
12/15/2024,6.78228,80.53093,1.4,8.8,1.71,-0.064,21.6,4.21,3.45,0,0
10/9/2016,6.74059,80.46731,5.5,15.5,1.32,-0.179,21.5,3.96,0.2,0,0
10/21/2016,6.74059,80.46731,199.4,509.4,6.84,2.3,21.5,3.96,0.2,1,3.8
11/16/2016,6.74059,80.46731,0.3,7.9,1.16,-0.141,21.5,3.96,0.2,0,0
11/19/2016,6.74059,80.46731,5.3,15.6,1.44,0.128,21.5,3.96,0.2,0,0
5/21/2017,6.74059,80.46731,2.4,5.7,2.02,-0.039,21.5,3.96,0.2,0,0
5/30/2017,6.74059,80.46731,8.8,17.2,1.75,-0.133,21.5,3.96,0.2,0,0
11/4/2017,6.74059,80.46731,116,331.6,5.23,2.008,21.5,3.96,0.2,1,2.69
11/7/2017,6.74059,80.46731,0.1,0.5,0.42,0.098,21.5,3.96,0.2,0,0
11/12/2017,6.74059,80.46731,1.7,6.6,1.48,-0.358,21.5,3.96,0.2,0,0
11/25/2017,6.74059,80.46731,66.7,168.1,3.11,1.12,21.5,3.96,0.2,0,0
12/1/2017,6.74059,80.46731,75.1,174.5,3.28,1.054,21.5,3.96,0.2,0,0
5/11/2018,6.74059,80.46731,4,13.7,1.04,0.074,21.5,3.96,0.2,0,0
10/5/2018,6.74059,80.46731,64.3,149.5,2.43,0.909,21.5,3.96,0.2,1,1.36
12/12/2018,6.74059,80.46731,0,0.8,0.4,-0.074,21.5,3.96,0.2,0,0
12/16/2018,6.74059,80.46731,48.8,130.2,2.29,0.593,21.5,3.96,0.2,0,0
12/24/2018,6.74059,80.46731,0.5,2.6,1.57,-0.297,21.5,3.96,0.2,0,0
10/6/2019,6.74059,80.46731,0.4,2.9,1.01,-0.15,21.5,3.96,0.2,0,0
10/26/2019,6.74059,80.46731,1.9,7.1,1.43,-0.058,21.5,3.96,0.2,0,0
10/29/2019,6.74059,80.46731,79.3,228.6,4.01,1.242,21.5,3.96,0.2,1,1.9
11/29/2019,6.74059,80.46731,2.9,6.5,1.1,0.035,21.5,3.96,0.2,0,0
11/30/2019,6.74059,80.46731,1.1,5.2,0.73,0.006,21.5,3.96,0.2,0,0
10/4/2020,6.74059,80.46731,2.9,7.3,1,-0.024,21.5,3.96,0.2,0,0
11/2/2020,6.74059,80.46731,4.3,9.3,1.17,-0.048,21.5,3.96,0.2,0,0
12/12/2020,6.74059,80.46731,164.5,380.2,5.55,2.3,21.5,3.96,0.2,1,3.67
5/9/2021,6.74059,80.46731,95.7,207.8,3.33,1.428,21.5,3.96,0.2,1,1.92
10/2/2021,6.74059,80.46731,84.5,242.2,3.69,1.39,21.5,3.96,0.2,1,2.18
10/26/2021,6.74059,80.46731,3.9,12.6,0.97,-0.015,21.5,3.96,0.2,0,0
12/24/2021,6.74059,80.46731,0.8,6.7,0.58,-0.246,21.5,3.96,0.2,0,0
5/28/2022,6.74059,80.46731,0.5,8.7,1.57,-0.167,21.5,3.96,0.2,0,0
10/3/2022,6.74059,80.46731,85.6,214.2,3.1,1.253,21.5,3.96,0.2,0,0
10/19/2022,6.74059,80.46731,1.5,4,1.03,-0.055,21.5,3.96,0.2,0,0
10/31/2022,6.74059,80.46731,0.2,13.4,1.36,-0.229,21.5,3.96,0.2,0,0
11/1/2022,6.74059,80.46731,10.5,28.7,1.86,0.172,21.5,3.96,0.2,0,0
11/11/2022,6.74059,80.46731,13.9,40.2,1.7,-0.086,21.5,3.96,0.2,0,0
11/13/2022,6.74059,80.46731,2,18.1,1.21,-0.346,21.5,3.96,0.2,0,0
11/26/2022,6.74059,80.46731,36.9,81.2,1.8,0.2,21.5,3.96,0.2,0,0
5/15/2023,6.74059,80.46731,0.5,7.4,1.8,-0.348,21.5,3.96,0.2,0,0
5/26/2023,6.74059,80.46731,0.6,3.4,1.67,-0.203,21.5,3.96,0.2,0,0
11/6/2023,6.74059,80.46731,19.2,44.9,1.65,0.094,21.5,3.96,0.2,0,0
11/21/2023,6.74059,80.46731,2.2,12.8,1.04,-0.09,21.5,3.96,0.2,0,0
11/26/2023,6.74059,80.46731,20.6,59.3,1.63,0.074,21.5,3.96,0.2,0,0
5/11/2024,6.74059,80.46731,4.5,14.2,1.43,-0.196,21.5,3.96,0.2,0,0
5/12/2024,6.74059,80.46731,6.4,14.9,1.08,0.182,21.5,3.96,0.2,0,0
11/8/2024,6.74059,80.46731,113.3,189.9,3.53,1.444,21.5,3.96,0.2,1,1.91
12/15/2024,6.74059,80.46731,2.3,5,1.24,-0.218,21.5,3.96,0.2,0,0
10/9/2016,6.09591,80.85853,1.4,11.7,1.78,-0.107,15,2.83,2.44,0,0
10/21/2016,6.09591,80.85853,1.9,7.8,1.43,-0.068,15,2.83,2.44,0,0
11/16/2016,6.09591,80.85853,3.5,8.1,1.53,-0.051,15,2.83,2.44,0,0
11/19/2016,6.09591,80.85853,7.1,19.7,1.42,-0.185,15,2.83,2.44,0,0
5/21/2017,6.09591,80.85853,8.1,15.7,1.67,0.245,15,2.83,2.44,0,0
5/30/2017,6.09591,80.85853,22.9,74.9,2.14,0.34,15,2.83,2.44,0,0
11/4/2017,6.09591,80.85853,0.3,0.9,1.54,-0.067,15,2.83,2.44,0,0
11/7/2017,6.09591,80.85853,2.6,6.5,1.86,-0.293,15,2.83,2.44,0,0
11/12/2017,6.09591,80.85853,5.2,14.4,1.61,0.076,15,2.83,2.44,0,0
11/25/2017,6.09591,80.85853,1.4,4,1.45,-0.193,15,2.83,2.44,0,0
12/1/2017,6.09591,80.85853,9.3,29.5,1.74,0.049,15,2.83,2.44,0,0
5/11/2018,6.09591,80.85853,42.5,98.8,3.16,0.479,15,2.83,2.44,0,0
10/5/2018,6.09591,80.85853,2.9,6.7,1.49,-0.014,15,2.83,2.44,0,0
12/12/2018,6.09591,80.85853,0.5,7.6,1.52,-0.037,15,2.83,2.44,0,0
12/16/2018,6.09591,80.85853,0.4,7.5,1.18,-0.16,15,2.83,2.44,0,0
12/24/2018,6.09591,80.85853,94.1,251.7,4.32,1.561,15,2.83,2.44,1,2.16
10/6/2019,6.09591,80.85853,61.8,141,3.46,0.721,15,2.83,2.44,1,1.86
10/26/2019,6.09591,80.85853,10.6,32.4,2.69,-0.048,15,2.83,2.44,0,0
10/29/2019,6.09591,80.85853,2.3,7.9,1.41,-0.067,15,2.83,2.44,0,0
11/29/2019,6.09591,80.85853,3.3,8.6,1.67,-0.183,15,2.83,2.44,0,0
11/30/2019,6.09591,80.85853,1.3,5.9,2.2,-0.028,15,2.83,2.44,0,0
10/4/2020,6.09591,80.85853,2.2,5.3,1.89,-0.063,15,2.83,2.44,0,0
11/2/2020,6.09591,80.85853,5.5,24.1,2.08,-0.044,15,2.83,2.44,0,0
12/12/2020,6.09591,80.85853,3.9,10.8,1.84,0.063,15,2.83,2.44,0,0
5/9/2021,6.09591,80.85853,16.8,46.2,2.16,0.093,15,2.83,2.44,0,0
10/2/2021,6.09591,80.85853,32.8,92.1,2.2,0.263,15,2.83,2.44,0,0
10/26/2021,6.09591,80.85853,4.7,12.3,1.53,-0.127,15,2.83,2.44,0,0
12/24/2021,6.09591,80.85853,1.2,5,1.83,-0.155,15,2.83,2.44,0,0
5/28/2022,6.09591,80.85853,3.6,15.9,1.57,-0.218,15,2.83,2.44,0,0
10/3/2022,6.09591,80.85853,0.3,3.6,1.65,-0.296,15,2.83,2.44,0,0
10/19/2022,6.09591,80.85853,2,17.5,1.4,-0.155,15,2.83,2.44,0,0
10/31/2022,6.09591,80.85853,2.2,6.4,1.56,-0.218,15,2.83,2.44,0,0
11/1/2022,6.09591,80.85853,4.7,17.1,1.16,-0.092,15,2.83,2.44,0,0
11/11/2022,6.09591,80.85853,0.9,12.9,2.01,-0.083,15,2.83,2.44,0,0
11/13/2022,6.09591,80.85853,68.7,144.9,3.14,0.819,15,2.83,2.44,0,0
11/26/2022,6.09591,80.85853,6.8,12.3,2.1,-0.036,15,2.83,2.44,0,0
5/15/2023,6.09591,80.85853,47.3,127,3.08,0.642,15,2.83,2.44,0,0
5/26/2023,6.09591,80.85853,86.6,210.8,4.65,1.282,15,2.83,2.44,1,2.13
11/6/2023,6.09591,80.85853,9.1,23.5,1.45,-0.113,15,2.83,2.44,0,0
11/21/2023,6.09591,80.85853,0,0.2,2.21,-0.205,15,2.83,2.44,0,0
11/26/2023,6.09591,80.85853,11.6,28.6,2.17,0.047,15,2.83,2.44,0,0
5/11/2024,6.09591,80.85853,75.1,191.9,4.13,1.037,15,2.83,2.44,0,0
5/12/2024,6.09591,80.85853,55.1,138.8,3.91,0.785,15,2.83,2.44,0,0
11/8/2024,6.09591,80.85853,0.2,1.9,1.79,-0.204,15,2.83,2.44,0,0
12/15/2024,6.09591,80.85853,5.4,12,1.76,0.011,15,2.83,2.44,0,0
10/9/2016,7.58487,80.89317,6,15.5,1.25,0.152,10.2,0.74,1.19,0,0
10/21/2016,7.58487,80.89317,17.8,40.7,2.34,0.027,10.2,0.74,1.19,0,0
11/16/2016,7.58487,80.89317,6.1,28.9,1.81,0.082,10.2,0.74,1.19,0,0
11/19/2016,7.58487,80.89317,7.1,22.6,1.95,0.031,10.2,0.74,1.19,0,0
5/21/2017,7.58487,80.89317,2.9,6.7,1.81,-0.19,10.2,0.74,1.19,0,0
5/30/2017,7.58487,80.89317,0.4,8.1,1.42,0.043,10.2,0.74,1.19,0,0
11/4/2017,7.58487,80.89317,0.1,4.1,1.98,0.073,10.2,0.74,1.19,0,0
11/7/2017,7.58487,80.89317,140.6,269,4.87,1.63,10.2,0.74,1.19,1,2.23
11/12/2017,7.58487,80.89317,1.2,3.9,1.94,-0.301,10.2,0.74,1.19,0,0
11/25/2017,7.58487,80.89317,0.3,0.8,1.8,-0.137,10.2,0.74,1.19,0,0
12/1/2017,7.58487,80.89317,0.8,11,1.77,0.069,10.2,0.74,1.19,0,0
5/11/2018,7.58487,80.89317,52.6,107.1,3.43,0.243,10.2,0.74,1.19,0,0
10/5/2018,7.58487,80.89317,10.3,30.4,1.7,-0.084,10.2,0.74,1.19,0,0
12/12/2018,7.58487,80.89317,133.8,375.6,5.57,2.127,10.2,0.74,1.19,1,3.23
12/16/2018,7.58487,80.89317,3.2,14.8,1.72,-0.256,10.2,0.74,1.19,0,0
12/24/2018,7.58487,80.89317,0.9,2.5,1.63,-0.117,10.2,0.74,1.19,0,0
10/6/2019,7.58487,80.89317,3.9,9.2,1.74,-0.049,10.2,0.74,1.19,0,0
10/26/2019,7.58487,80.89317,48.5,117.4,2.7,0.755,10.2,0.74,1.19,0,0
10/29/2019,7.58487,80.89317,1.1,7,1.52,-0.148,10.2,0.74,1.19,0,0
11/29/2019,7.58487,80.89317,2.6,9.2,2.15,0.045,10.2,0.74,1.19,0,0
11/30/2019,7.58487,80.89317,2.3,11.8,1.44,-0.176,10.2,0.74,1.19,0,0
10/4/2020,7.58487,80.89317,6.2,17.2,1.94,-0.279,10.2,0.74,1.19,0,0
11/2/2020,7.58487,80.89317,46,116,2.48,0.77,10.2,0.74,1.19,0,0
12/12/2020,7.58487,80.89317,2.4,21.9,1.74,-0.06,10.2,0.74,1.19,0,0
5/9/2021,7.58487,80.89317,26.4,58.5,2.15,0.264,10.2,0.74,1.19,0,0
10/2/2021,7.58487,80.89317,0.1,0.8,2.32,-0.356,10.2,0.74,1.19,0,0
10/26/2021,7.58487,80.89317,4.5,12.3,1.93,-0.09,10.2,0.74,1.19,0,0
12/24/2021,7.58487,80.89317,0.2,1.1,0.99,-0.031,10.2,0.74,1.19,0,0
5/28/2022,7.58487,80.89317,0.1,1.3,1.56,-0.199,10.2,0.74,1.19,0,0
10/3/2022,7.58487,80.89317,160.2,394.7,6.64,2.3,10.2,0.74,1.19,1,3.76
10/19/2022,7.58487,80.89317,6.7,20.1,1.63,-0.059,10.2,0.74,1.19,0,0
10/31/2022,7.58487,80.89317,0.5,3.1,1.69,-0.201,10.2,0.74,1.19,0,0
11/1/2022,7.58487,80.89317,64.4,160.8,3.73,0.744,10.2,0.74,1.19,1,1.52
11/11/2022,7.58487,80.89317,35.2,93.5,3.08,0.177,10.2,0.74,1.19,0,0
11/13/2022,7.58487,80.89317,0,2.7,1.02,-0.019,10.2,0.74,1.19,0,0
11/26/2022,7.58487,80.89317,51.8,121.8,2.47,0.684,10.2,0.74,1.19,0,0
5/15/2023,7.58487,80.89317,0.1,8.8,1.98,-0.145,10.2,0.74,1.19,0,0
5/26/2023,7.58487,80.89317,0.2,3.8,2.46,-0.091,10.2,0.74,1.19,0,0
11/6/2023,7.58487,80.89317,2.4,7.5,1.83,0.006,10.2,0.74,1.19,1,0.15
11/21/2023,7.58487,80.89317,0.8,3.2,1.37,-0.028,10.2,0.74,1.19,0,0
11/26/2023,7.58487,80.89317,25.4,75.7,2.81,0.221,10.2,0.74,1.19,0,0
5/11/2024,7.58487,80.89317,1.6,3.9,1.4,-0.234,10.2,0.74,1.19,0,0
5/12/2024,7.58487,80.89317,0.2,6.5,1.63,-0.322,10.2,0.74,1.19,0,0
11/8/2024,7.58487,80.89317,1.3,4.1,1.59,-0.125,10.2,0.74,1.19,0,0
12/15/2024,7.58487,80.89317,12.4,33.1,2.19,0.015,10.2,0.74,1.19,0,0
10/9/2016,7.30697,79.83155,5.2,11.6,0.22,0.019,22,2.2,2.72,0,0
10/21/2016,7.30697,79.83155,0.7,2.2,0.76,-0.217,22,2.2,2.72,0,0
11/16/2016,7.30697,79.83155,7.9,21.1,0.86,0.024,22,2.2,2.72,0,0
11/19/2016,7.30697,79.83155,96.8,257.5,3.69,1.366,22,2.2,2.72,0,0
5/21/2017,7.30697,79.83155,0.3,12.1,0.5,-0.104,22,2.2,2.72,0,0
5/30/2017,7.30697,79.83155,4.2,9.2,0.64,-0.075,22,2.2,2.72,0,0
11/4/2017,7.30697,79.83155,2.9,8.5,0.52,-0.138,22,2.2,2.72,0,0
11/7/2017,7.30697,79.83155,0.7,2.3,0.34,-0.207,22,2.2,2.72,0,0
11/12/2017,7.30697,79.83155,4,20.6,0.76,-0.083,22,2.2,2.72,0,0
11/25/2017,7.30697,79.83155,7.5,16.7,0.91,0.152,22,2.2,2.72,0,0
12/1/2017,7.30697,79.83155,3.5,6.6,0.42,-0.087,22,2.2,2.72,0,0
5/11/2018,7.30697,79.83155,43.3,116.2,1.86,0.599,22,2.2,2.72,0,0
10/5/2018,7.30697,79.83155,100.8,253.6,2.9,1.494,22,2.2,2.72,1,2.01
12/12/2018,7.30697,79.83155,102.2,294.9,3.64,1.695,22,2.2,2.72,0,0
12/16/2018,7.30697,79.83155,96.7,229.6,3.14,1.357,22,2.2,2.72,0,0
12/24/2018,7.30697,79.83155,0.8,11.3,0.05,0.132,22,2.2,2.72,0,0
10/6/2019,7.30697,79.83155,56.9,146,2.11,0.705,22,2.2,2.72,1,1.34
10/26/2019,7.30697,79.83155,11.7,42.5,1.45,0.034,22,2.2,2.72,0,0
10/29/2019,7.30697,79.83155,8.4,28.5,1.34,-0.156,22,2.2,2.72,0,0
11/29/2019,7.30697,79.83155,0,6,0.6,-0.164,22,2.2,2.72,0,0
11/30/2019,7.30697,79.83155,0,0.4,1.21,-0.146,22,2.2,2.72,0,0
10/4/2020,7.30697,79.83155,46.4,124,2.02,0.558,22,2.2,2.72,0,0
11/2/2020,7.30697,79.83155,12.4,35.2,0.6,-0.108,22,2.2,2.72,0,0
12/12/2020,7.30697,79.83155,13.4,38.2,0.86,0.184,22,2.2,2.72,0,0
5/9/2021,7.30697,79.83155,7.4,17.8,1.01,-0.044,22,2.2,2.72,0,0
10/2/2021,7.30697,79.83155,1.9,6.9,0.73,-0.105,22,2.2,2.72,0,0
10/26/2021,7.30697,79.83155,2.2,6.6,0.84,0.05,22,2.2,2.72,0,0
12/24/2021,7.30697,79.83155,86.9,207.3,3.01,1.063,22,2.2,2.72,1,1.41
5/28/2022,7.30697,79.83155,38.8,84.7,1.77,0.59,22,2.2,2.72,0,0
10/3/2022,7.30697,79.83155,89.6,222.6,3.07,1.205,22,2.2,2.72,0,0
10/19/2022,7.30697,79.83155,1.3,18.5,0.69,-0.124,22,2.2,2.72,0,0
10/31/2022,7.30697,79.83155,0.4,1.7,0.22,-0.136,22,2.2,2.72,0,0
11/1/2022,7.30697,79.83155,3.5,7.9,0.68,-0.177,22,2.2,2.72,0,0
11/11/2022,7.30697,79.83155,6.5,15.9,1.08,-0.091,22,2.2,2.72,0,0
11/13/2022,7.30697,79.83155,64,163.5,1.86,0.923,22,2.2,2.72,0,0
11/26/2022,7.30697,79.83155,24.8,72.8,1.46,0.276,22,2.2,2.72,0,0
5/15/2023,7.30697,79.83155,7,26.3,0.94,0.216,22,2.2,2.72,0,0
5/26/2023,7.30697,79.83155,5.1,38.2,0.81,0.163,22,2.2,2.72,0,0
11/6/2023,7.30697,79.83155,0.7,4.9,0.55,-0.215,22,2.2,2.72,0,0
11/21/2023,7.30697,79.83155,2,8.3,0.16,0.152,22,2.2,2.72,0,0
11/26/2023,7.30697,79.83155,52.7,123.7,2.5,0.356,22,2.2,2.72,0,0
5/11/2024,7.30697,79.83155,4.8,12.6,0.69,0.009,22,2.2,2.72,0,0
5/12/2024,7.30697,79.83155,1.7,8.3,0.88,-0.203,22,2.2,2.72,0,0
11/8/2024,7.30697,79.83155,0.9,2.4,0.47,-0.211,22,2.2,2.72,0,0
12/15/2024,7.30697,79.83155,174.6,527.4,6.53,2.3,22,2.2,2.72,1,3.8
10/9/2016,6.13384,80.4243,3.1,11.1,2.07,0.001,24.4,1.12,0.13,0,0
10/21/2016,6.13384,80.4243,0,13.9,3.2,-0.335,24.4,1.12,0.13,0,0
11/16/2016,6.13384,80.4243,2.2,22.9,3.26,-0.056,24.4,1.12,0.13,0,0
11/19/2016,6.13384,80.4243,0,3.3,2.94,-0.159,24.4,1.12,0.13,0,0
5/21/2017,6.13384,80.4243,2.1,5.2,2.99,0.056,24.4,1.12,0.13,0,0
5/30/2017,6.13384,80.4243,36.9,96.5,4.07,0.741,24.4,1.12,0.13,0,0
11/4/2017,6.13384,80.4243,0.4,1.9,2.72,-0.145,24.4,1.12,0.13,0,0
11/7/2017,6.13384,80.4243,152.6,433.9,8.32,2.3,24.4,1.12,0.13,1,3.8
11/12/2017,6.13384,80.4243,8,18.2,3.29,0.253,24.4,1.12,0.13,0,0
11/25/2017,6.13384,80.4243,0.3,2.3,3.36,-0.116,24.4,1.12,0.13,0,0
12/1/2017,6.13384,80.4243,3.4,11.4,2.74,0.09,24.4,1.12,0.13,0,0
5/11/2018,6.13384,80.4243,11.7,29,2.9,0.323,24.4,1.12,0.13,0,0
10/5/2018,6.13384,80.4243,0,9.5,3.01,-0.158,24.4,1.12,0.13,0,0
12/12/2018,6.13384,80.4243,9.7,32,2.74,0.008,24.4,1.12,0.13,0,0
12/16/2018,6.13384,80.4243,87.3,241.5,5.76,1.47,24.4,1.12,0.13,1,2.72
12/24/2018,6.13384,80.4243,2.5,17.7,3.13,-0.122,24.4,1.12,0.13,0,0
10/6/2019,6.13384,80.4243,110.3,224.8,5.95,1.314,24.4,1.12,0.13,1,2.4
10/26/2019,6.13384,80.4243,2.4,6.2,2.39,-0.05,24.4,1.12,0.13,0,0
10/29/2019,6.13384,80.4243,0.8,2.5,2.2,-0.275,24.4,1.12,0.13,0,0
11/29/2019,6.13384,80.4243,3.6,8.1,2.6,-0.127,24.4,1.12,0.13,0,0
11/30/2019,6.13384,80.4243,1.2,4.8,2.73,-0.029,24.4,1.12,0.13,0,0
10/4/2020,6.13384,80.4243,63.3,147.8,4.57,0.996,24.4,1.12,0.13,1,1.84
11/2/2020,6.13384,80.4243,45.6,88.8,4.25,0.536,24.4,1.12,0.13,0,0
12/12/2020,6.13384,80.4243,0.4,1.2,2.99,-0.202,24.4,1.12,0.13,0,0
5/9/2021,6.13384,80.4243,193.2,417.2,7.41,2.3,24.4,1.12,0.13,1,3.8
10/2/2021,6.13384,80.4243,7.6,24.2,3.12,0.063,24.4,1.12,0.13,0,0
10/26/2021,6.13384,80.4243,92.7,303.1,6.12,1.509,24.4,1.12,0.13,1,3.1
12/24/2021,6.13384,80.4243,9.1,24.5,3.22,-0.046,24.4,1.12,0.13,0,0
5/28/2022,6.13384,80.4243,9,36.5,3.09,-0.029,24.4,1.12,0.13,0,0
10/3/2022,6.13384,80.4243,36.3,89.6,3.88,0.422,24.4,1.12,0.13,1,1.14
10/19/2022,6.13384,80.4243,2.5,7.2,2.47,0.006,24.4,1.12,0.13,0,0
10/31/2022,6.13384,80.4243,11.9,38,3.06,0.264,24.4,1.12,0.13,0,0
11/1/2022,6.13384,80.4243,1.3,2.7,3.6,-0.051,24.4,1.12,0.13,0,0
11/11/2022,6.13384,80.4243,192,596.1,9.2,2.3,24.4,1.12,0.13,1,3.8
11/13/2022,6.13384,80.4243,4.7,10.7,2.69,-0.209,24.4,1.12,0.13,0,0
11/26/2022,6.13384,80.4243,0.1,0.3,2.24,-0.097,24.4,1.12,0.13,0,0
5/15/2023,6.13384,80.4243,95.4,188.6,5.08,1.476,24.4,1.12,0.13,0,0
5/26/2023,6.13384,80.4243,73.8,168.2,4.63,0.869,24.4,1.12,0.13,1,1.92
11/6/2023,6.13384,80.4243,2.7,9.5,2.6,-0.255,24.4,1.12,0.13,0,0
11/21/2023,6.13384,80.4243,1.6,3.4,3.05,-0.042,24.4,1.12,0.13,0,0
11/26/2023,6.13384,80.4243,0,9.6,3.08,-0.189,24.4,1.12,0.13,0,0
5/11/2024,6.13384,80.4243,3.1,12.1,2.36,-0.109,24.4,1.12,0.13,0,0
5/12/2024,6.13384,80.4243,0,9.3,3.35,-0.258,24.4,1.12,0.13,0,0
11/8/2024,6.13384,80.4243,0,11,3.1,-0.268,24.4,1.12,0.13,0,0
12/15/2024,6.13384,80.4243,0.1,3.2,2.86,-0.223,24.4,1.12,0.13,0,0
10/9/2016,6.72448,80.87655,62.4,183.4,3.92,0.917,43.7,0.26,5.75,0,0
10/21/2016,6.72448,80.87655,5.4,18.5,1.86,-0.058,43.7,0.26,5.75,0,0
11/16/2016,6.72448,80.87655,8.5,34.1,2.7,0.213,43.7,0.26,5.75,0,0
11/19/2016,6.72448,80.87655,0.9,4.8,2.3,-0.263,43.7,0.26,5.75,0,0
5/21/2017,6.72448,80.87655,0.1,1,1.54,-0.142,43.7,0.26,5.75,0,0
5/30/2017,6.72448,80.87655,3.4,18.2,2.21,-0.029,43.7,0.26,5.75,0,0
11/4/2017,6.72448,80.87655,4.4,14.8,1.77,-0.079,43.7,0.26,5.75,0,0
11/7/2017,6.72448,80.87655,91,222.9,5.35,1.228,43.7,0.26,5.75,0,0
11/12/2017,6.72448,80.87655,8.5,22.6,2.23,-0.007,43.7,0.26,5.75,0,0
11/25/2017,6.72448,80.87655,22.8,54.7,3.03,0.273,43.7,0.26,5.75,0,0
12/1/2017,6.72448,80.87655,0.8,4.6,2.15,-0.143,43.7,0.26,5.75,0,0
5/11/2018,6.72448,80.87655,7.6,14.6,2.19,-0.126,43.7,0.26,5.75,0,0
10/5/2018,6.72448,80.87655,3.8,12.2,1.91,-0.071,43.7,0.26,5.75,0,0
12/12/2018,6.72448,80.87655,3.6,7.6,2.36,-0.196,43.7,0.26,5.75,0,0
12/16/2018,6.72448,80.87655,0,11,2.32,-0.112,43.7,0.26,5.75,0,0
12/24/2018,6.72448,80.87655,109.5,250.9,4.46,1.409,43.7,0.26,5.75,0,0
10/6/2019,6.72448,80.87655,3.4,11.6,1.78,-0.06,43.7,0.26,5.75,0,0
10/26/2019,6.72448,80.87655,0,4,2.07,0.022,43.7,0.26,5.75,0,0
10/29/2019,6.72448,80.87655,0.1,0.4,2.69,-0.246,43.7,0.26,5.75,0,0
11/29/2019,6.72448,80.87655,96.3,249.5,5.43,1.218,43.7,0.26,5.75,0,0
11/30/2019,6.72448,80.87655,1.2,8.6,1.81,0.009,43.7,0.26,5.75,0,0
10/4/2020,6.72448,80.87655,41.3,104.9,2.22,0.617,43.7,0.26,5.75,0,0
11/2/2020,6.72448,80.87655,0.3,5.3,1.57,-0.094,43.7,0.26,5.75,0,0
12/12/2020,6.72448,80.87655,64.4,148,3.57,0.748,43.7,0.26,5.75,0,0
5/9/2021,6.72448,80.87655,6,24.5,2.2,0.172,43.7,0.26,5.75,0,0
10/2/2021,6.72448,80.87655,7.2,25.6,2.09,0.068,43.7,0.26,5.75,0,0
10/26/2021,6.72448,80.87655,17.7,44.3,2.83,0.01,43.7,0.26,5.75,0,0
12/24/2021,6.72448,80.87655,2.8,21.6,1.86,-0.126,43.7,0.26,5.75,0,0
5/28/2022,6.72448,80.87655,1.3,3.3,1.93,-0.151,43.7,0.26,5.75,0,0
10/3/2022,6.72448,80.87655,79.6,168.3,4.46,1.156,43.7,0.26,5.75,1,1.5
10/19/2022,6.72448,80.87655,0,0.3,2.55,-0.181,43.7,0.26,5.75,0,0
10/31/2022,6.72448,80.87655,0,2.8,1.63,-0.363,43.7,0.26,5.75,0,0
11/1/2022,6.72448,80.87655,1.7,14.6,1.64,-0.249,43.7,0.26,5.75,0,0
11/11/2022,6.72448,80.87655,0.2,4.9,2.09,-0.187,43.7,0.26,5.75,0,0
11/13/2022,6.72448,80.87655,28.2,69.4,3.36,0.264,43.7,0.26,5.75,0,0
11/26/2022,6.72448,80.87655,2.8,21,2.34,-0.181,43.7,0.26,5.75,0,0
5/15/2023,6.72448,80.87655,1.3,6.1,1.47,0.264,43.7,0.26,5.75,0,0
5/26/2023,6.72448,80.87655,175.6,396.8,6.67,2.3,43.7,0.26,5.75,0,0
11/6/2023,6.72448,80.87655,30.2,85.4,2.67,0.562,43.7,0.26,5.75,0,0
11/21/2023,6.72448,80.87655,0.3,4.1,2.23,-0.052,43.7,0.26,5.75,0,0
11/26/2023,6.72448,80.87655,25.6,63.7,2.69,0.12,43.7,0.26,5.75,0,0
5/11/2024,6.72448,80.87655,0.2,2.1,1.94,0.002,43.7,0.26,5.75,0,0
5/12/2024,6.72448,80.87655,71.6,175.2,4.34,1.051,43.7,0.26,5.75,0,0
11/8/2024,6.72448,80.87655,6.7,23.6,2.52,0.062,43.7,0.26,5.75,0,0
12/15/2024,6.72448,80.87655,85.5,200.5,3.9,1.38,43.7,0.26,5.75,0,0
10/9/2016,8.36149,80.65565,116.5,292,5.34,1.404,21.6,6.14,10.16,1,2.44
10/21/2016,8.36149,80.65565,4.2,12.9,1.96,-0.129,21.6,6.14,10.16,0,0
11/16/2016,8.36149,80.65565,3.5,12.4,2.2,-0.063,21.6,6.14,10.16,0,0
11/19/2016,8.36149,80.65565,1.2,2.9,2.08,0.016,21.6,6.14,10.16,0,0
5/21/2017,8.36149,80.65565,0.4,2.2,2.03,-0.168,21.6,6.14,10.16,0,0
5/30/2017,8.36149,80.65565,17.9,49.8,2.65,0.211,21.6,6.14,10.16,0,0
11/4/2017,8.36149,80.65565,0.4,9.8,1.85,-0.107,21.6,6.14,10.16,0,0
11/7/2017,8.36149,80.65565,1,6.7,1.71,-0.091,21.6,6.14,10.16,0,0
11/12/2017,8.36149,80.65565,36.8,88.2,2.29,0.517,21.6,6.14,10.16,0,0
11/25/2017,8.36149,80.65565,0.8,4.1,1.83,-0.128,21.6,6.14,10.16,0,0
12/1/2017,8.36149,80.65565,0.2,7.5,1.69,-0.089,21.6,6.14,10.16,0,0
5/11/2018,8.36149,80.65565,65.1,154.6,3.8,0.976,21.6,6.14,10.16,0,0
10/5/2018,8.36149,80.65565,0.4,20.6,1.76,-0.038,21.6,6.14,10.16,0,0
12/12/2018,8.36149,80.65565,2.6,14.2,2.07,-0.231,21.6,6.14,10.16,0,0
12/16/2018,8.36149,80.65565,3.4,7.6,1.88,-0.16,21.6,6.14,10.16,0,0
12/24/2018,8.36149,80.65565,66.2,194.9,3.92,1.194,21.6,6.14,10.16,1,1.42
10/6/2019,8.36149,80.65565,11.3,43.9,1.83,0.182,21.6,6.14,10.16,0,0
10/26/2019,8.36149,80.65565,0.6,12,2.4,0.141,21.6,6.14,10.16,0,0
10/29/2019,8.36149,80.65565,40,118.9,3.47,0.791,21.6,6.14,10.16,0,0
11/29/2019,8.36149,80.65565,9.4,22.6,2.48,0.019,21.6,6.14,10.16,0,0
11/30/2019,8.36149,80.65565,21,67,3.15,0.256,21.6,6.14,10.16,0,0
10/4/2020,8.36149,80.65565,13.9,44.8,2.55,0.189,21.6,6.14,10.16,0,0
11/2/2020,8.36149,80.65565,8,25.9,2.28,-0.118,21.6,6.14,10.16,0,0
12/12/2020,8.36149,80.65565,4.9,11.7,2.01,-0.013,21.6,6.14,10.16,0,0
5/9/2021,8.36149,80.65565,0,0,1.64,-0.024,21.6,6.14,10.16,0,0
10/2/2021,8.36149,80.65565,133.2,279.1,5.79,1.776,21.6,6.14,10.16,1,2.62
10/26/2021,8.36149,80.65565,86.5,200.1,4.51,1.047,21.6,6.14,10.16,0,0
12/24/2021,8.36149,80.65565,0.6,12.9,2.45,-0.128,21.6,6.14,10.16,0,0
5/28/2022,8.36149,80.65565,0.4,6.5,2.12,-0.098,21.6,6.14,10.16,0,0
10/3/2022,8.36149,80.65565,5.7,15.8,1.51,-0.221,21.6,6.14,10.16,0,0
10/19/2022,8.36149,80.65565,4.8,12.3,1.92,-0.103,21.6,6.14,10.16,0,0
10/31/2022,8.36149,80.65565,12.3,26.6,2.48,0.112,21.6,6.14,10.16,0,0
11/1/2022,8.36149,80.65565,1,2.9,2.06,-0.035,21.6,6.14,10.16,0,0
11/11/2022,8.36149,80.65565,5.5,12.5,1.54,-0.111,21.6,6.14,10.16,0,0
11/13/2022,8.36149,80.65565,0.5,1.2,2.4,-0.194,21.6,6.14,10.16,0,0
11/26/2022,8.36149,80.65565,1.3,7.2,1.64,-0.092,21.6,6.14,10.16,0,0
5/15/2023,8.36149,80.65565,9.2,30.5,2.59,0.037,21.6,6.14,10.16,0,0
5/26/2023,8.36149,80.65565,3.9,13.7,1.6,0.074,21.6,6.14,10.16,0,0
11/6/2023,8.36149,80.65565,7.7,18.4,2.04,0.01,21.6,6.14,10.16,0,0
11/21/2023,8.36149,80.65565,0.1,10,1.43,-0.147,21.6,6.14,10.16,0,0
11/26/2023,8.36149,80.65565,3,11,1.82,-0.498,21.6,6.14,10.16,0,0
5/11/2024,8.36149,80.65565,3,6.6,1.42,-0.048,21.6,6.14,10.16,0,0
5/12/2024,8.36149,80.65565,0.1,4.3,2.47,-0.148,21.6,6.14,10.16,0,0
11/8/2024,8.36149,80.65565,0.3,3.7,2.28,-0.16,21.6,6.14,10.16,0,0
12/15/2024,8.36149,80.65565,5.1,18.2,2.26,0.032,21.6,6.14,10.16,0,0
10/9/2016,6.62286,81.29168,0.7,4.2,1.65,-0.215,56.3,0.42,9.72,0,0
10/21/2016,6.62286,81.29168,2,5.4,1.59,-0.334,56.3,0.42,9.72,0,0
11/16/2016,6.62286,81.29168,1.6,7.9,1.71,-0.108,56.3,0.42,9.72,0,0
11/19/2016,6.62286,81.29168,3.4,7.8,1.78,-0.229,56.3,0.42,9.72,0,0
5/21/2017,6.62286,81.29168,64.3,143.1,3.43,0.843,56.3,0.42,9.72,0,0
5/30/2017,6.62286,81.29168,37.8,115.8,2.94,0.501,56.3,0.42,9.72,0,0
11/4/2017,6.62286,81.29168,0,1.6,1.71,-0.275,56.3,0.42,9.72,0,0
11/7/2017,6.62286,81.29168,0.2,1.8,1.55,-0.206,56.3,0.42,9.72,0,0
11/12/2017,6.62286,81.29168,2,8.4,1.74,-0.038,56.3,0.42,9.72,0,0
11/25/2017,6.62286,81.29168,5.4,20.9,2.56,-0.136,56.3,0.42,9.72,0,0
12/1/2017,6.62286,81.29168,19.4,42,2.07,-0.022,56.3,0.42,9.72,0,0
5/11/2018,6.62286,81.29168,12.7,24,2.09,0.098,56.3,0.42,9.72,0,0
10/5/2018,6.62286,81.29168,5.2,15.1,2.14,0.067,56.3,0.42,9.72,0,0
12/12/2018,6.62286,81.29168,3.9,14.6,1.54,-0.171,56.3,0.42,9.72,0,0
12/16/2018,6.62286,81.29168,2.8,25.4,2.23,0.038,56.3,0.42,9.72,0,0
12/24/2018,6.62286,81.29168,3,14.5,1.97,0.056,56.3,0.42,9.72,0,0
10/6/2019,6.62286,81.29168,4.8,13.4,1.79,-0.136,56.3,0.42,9.72,0,0
10/26/2019,6.62286,81.29168,0,0.2,1.82,-0.127,56.3,0.42,9.72,0,0
10/29/2019,6.62286,81.29168,61.1,175.8,3.95,0.941,56.3,0.42,9.72,0,0
11/29/2019,6.62286,81.29168,10.9,28.6,1.85,0.075,56.3,0.42,9.72,0,0
11/30/2019,6.62286,81.29168,109,308.2,5.79,1.655,56.3,0.42,9.72,1,2.44
10/4/2020,6.62286,81.29168,1.1,12.6,1.63,-0.179,56.3,0.42,9.72,0,0
11/2/2020,6.62286,81.29168,0.4,2.8,2.12,-0.028,56.3,0.42,9.72,0,0
12/12/2020,6.62286,81.29168,5.2,11.7,2.24,0.205,56.3,0.42,9.72,0,0
5/9/2021,6.62286,81.29168,0.7,22.4,1.76,-0.086,56.3,0.42,9.72,0,0
10/2/2021,6.62286,81.29168,0.3,5.5,2.18,-0.136,56.3,0.42,9.72,0,0
10/26/2021,6.62286,81.29168,46.2,119.9,2.97,0.494,56.3,0.42,9.72,0,0
12/24/2021,6.62286,81.29168,72.2,158.1,3.64,0.879,56.3,0.42,9.72,0,0
5/28/2022,6.62286,81.29168,0.5,2.1,1.92,-0.289,56.3,0.42,9.72,0,0
10/3/2022,6.62286,81.29168,3.1,16.6,2.74,0.269,56.3,0.42,9.72,0,0
10/19/2022,6.62286,81.29168,1.7,5.3,1.4,-0.265,56.3,0.42,9.72,0,0
10/31/2022,6.62286,81.29168,2.1,6.3,1.4,-0.172,56.3,0.42,9.72,0,0
11/1/2022,6.62286,81.29168,160.5,432.6,6.78,2.3,56.3,0.42,9.72,1,3.75
11/11/2022,6.62286,81.29168,1.8,6.7,1.86,-0.256,56.3,0.42,9.72,0,0
11/13/2022,6.62286,81.29168,1.9,7,1.92,0.069,56.3,0.42,9.72,0,0
11/26/2022,6.62286,81.29168,8.3,25,2.27,0.031,56.3,0.42,9.72,0,0
5/15/2023,6.62286,81.29168,5.2,39.2,2.32,0.063,56.3,0.42,9.72,0,0
5/26/2023,6.62286,81.29168,5.8,13.7,1.88,-0.1,56.3,0.42,9.72,0,0
11/6/2023,6.62286,81.29168,38.8,119.2,3.7,0.679,56.3,0.42,9.72,0,0
11/21/2023,6.62286,81.29168,43.2,127.8,3.21,0.562,56.3,0.42,9.72,0,0
11/26/2023,6.62286,81.29168,5.5,16.7,1.7,0.062,56.3,0.42,9.72,0,0
5/11/2024,6.62286,81.29168,1.2,3.1,1.54,-0.273,56.3,0.42,9.72,0,0
5/12/2024,6.62286,81.29168,0.1,2.6,1.45,0.016,56.3,0.42,9.72,0,0
11/8/2024,6.62286,81.29168,35.6,74.3,2.67,0.308,56.3,0.42,9.72,0,0
12/15/2024,6.62286,81.29168,0.2,0.8,2.02,-0.012,56.3,0.42,9.72,0,0
10/9/2016,6.37673,80.93565,1,3,2.28,-0.221,16,7.19,3.88,0,0
10/21/2016,6.37673,80.93565,3.1,13.3,1.47,-0.024,16,7.19,3.88,0,0
11/16/2016,6.37673,80.93565,80.4,222.8,4.59,1.291,16,7.19,3.88,0,0
11/19/2016,6.37673,80.93565,7.5,19.2,2.4,0.069,16,7.19,3.88,0,0
5/21/2017,6.37673,80.93565,5.3,14.4,1.34,-0.094,16,7.19,3.88,0,0
5/30/2017,6.37673,80.93565,0.5,5.1,1.67,-0.008,16,7.19,3.88,0,0
11/4/2017,6.37673,80.93565,4.6,11.4,1.6,-0.184,16,7.19,3.88,0,0
11/7/2017,6.37673,80.93565,68.4,172.3,3.49,0.939,16,7.19,3.88,0,0
11/12/2017,6.37673,80.93565,1.5,5.7,1.88,0.035,16,7.19,3.88,0,0
11/25/2017,6.37673,80.93565,2.4,7.2,1.69,-0.016,16,7.19,3.88,0,0
12/1/2017,6.37673,80.93565,1.3,11.9,2.07,-0.172,16,7.19,3.88,0,0
5/11/2018,6.37673,80.93565,0.2,1,1.47,0.203,16,7.19,3.88,0,0
10/5/2018,6.37673,80.93565,21.9,54.7,2.76,0.296,16,7.19,3.88,0,0
12/12/2018,6.37673,80.93565,1.1,18,0.62,0.096,16,7.19,3.88,0,0
12/16/2018,6.37673,80.93565,119,294,5.05,1.645,16,7.19,3.88,1,2.3
12/24/2018,6.37673,80.93565,11.3,26,2.16,0.136,16,7.19,3.88,0,0
10/6/2019,6.37673,80.93565,0.9,7.8,1.76,-0.213,16,7.19,3.88,0,0
10/26/2019,6.37673,80.93565,0.2,1.9,1.81,-0.059,16,7.19,3.88,0,0
10/29/2019,6.37673,80.93565,0.1,0.8,1.48,-0.076,16,7.19,3.88,0,0
11/29/2019,6.37673,80.93565,2.6,7.6,1.61,-0.015,16,7.19,3.88,0,0
11/30/2019,6.37673,80.93565,10.7,32.8,1.86,-0.095,16,7.19,3.88,0,0
10/4/2020,6.37673,80.93565,0.6,2,1.81,-0.005,16,7.19,3.88,0,0
11/2/2020,6.37673,80.93565,61.3,159.1,4.13,0.911,16,7.19,3.88,0,0
12/12/2020,6.37673,80.93565,23.1,53.2,2.31,0.168,16,7.19,3.88,0,0
5/9/2021,6.37673,80.93565,4.3,12.2,1.32,0.183,16,7.19,3.88,0,0
10/2/2021,6.37673,80.93565,39.9,109.2,3.03,0.429,16,7.19,3.88,0,0
10/26/2021,6.37673,80.93565,144.6,412.1,6.61,2.3,16,7.19,3.88,1,3.17
12/24/2021,6.37673,80.93565,4.5,11.9,1.12,-0.129,16,7.19,3.88,0,0
5/28/2022,6.37673,80.93565,24.3,80.3,2.47,0.324,16,7.19,3.88,0,0
10/3/2022,6.37673,80.93565,1.5,26.2,1.34,-0.186,16,7.19,3.88,0,0
10/19/2022,6.37673,80.93565,97.3,257.4,4.39,1.652,16,7.19,3.88,1,2.35
10/31/2022,6.37673,80.93565,0.4,3.8,1.87,-0.279,16,7.19,3.88,0,0
11/1/2022,6.37673,80.93565,83.2,221.7,4.7,1.016,16,7.19,3.88,1,2.16
11/11/2022,6.37673,80.93565,2.2,4.7,1.65,0.038,16,7.19,3.88,0,0
11/13/2022,6.37673,80.93565,0.2,7.7,1.41,-0.05,16,7.19,3.88,0,0
11/26/2022,6.37673,80.93565,5.1,11.1,1.56,-0.175,16,7.19,3.88,0,0
5/15/2023,6.37673,80.93565,0.1,12.5,1.55,-0.086,16,7.19,3.88,0,0
5/26/2023,6.37673,80.93565,12.3,42.5,1.86,0.074,16,7.19,3.88,0,0
11/6/2023,6.37673,80.93565,0.2,11.6,1.51,0.13,16,7.19,3.88,0,0
11/21/2023,6.37673,80.93565,0.9,9.8,1.11,0.087,16,7.19,3.88,0,0
11/26/2023,6.37673,80.93565,1,3.4,1.33,-0.097,16,7.19,3.88,0,0
5/11/2024,6.37673,80.93565,3.4,12.9,1.85,-0.026,16,7.19,3.88,0,0
5/12/2024,6.37673,80.93565,2.2,5.1,1.54,-0.196,16,7.19,3.88,0,0
11/8/2024,6.37673,80.93565,1.6,11.9,1.64,-0.039,16,7.19,3.88,0,0
12/15/2024,6.37673,80.93565,0.1,0.4,2.21,-0.091,16,7.19,3.88,0,0
10/9/2016,7.27258,80.04328,0.1,8.8,1.29,-0.015,13.6,1.4,0.39,0,0
10/21/2016,7.27258,80.04328,0,10.8,1.93,0.178,13.6,1.4,0.39,0,0
11/16/2016,7.27258,80.04328,15.8,35.1,1.52,-0.136,13.6,1.4,0.39,0,0
11/19/2016,7.27258,80.04328,3,24.1,0.88,-0.057,13.6,1.4,0.39,0,0
5/21/2017,7.27258,80.04328,2.3,6.2,1.54,-0.099,13.6,1.4,0.39,0,0
5/30/2017,7.27258,80.04328,11.9,35.4,2.1,-0.057,13.6,1.4,0.39,0,0
11/4/2017,7.27258,80.04328,8.1,23.1,1.57,-0.219,13.6,1.4,0.39,0,0
11/7/2017,7.27258,80.04328,3.1,10.2,1.44,0.082,13.6,1.4,0.39,0,0
11/12/2017,7.27258,80.04328,51.7,113.9,2.16,0.576,13.6,1.4,0.39,0,0
11/25/2017,7.27258,80.04328,31.6,57.7,2.15,0.338,13.6,1.4,0.39,0,0
12/1/2017,7.27258,80.04328,137.8,299.9,4.93,1.975,13.6,1.4,0.39,1,2.63
5/11/2018,7.27258,80.04328,0.7,8.5,1.16,-0.213,13.6,1.4,0.39,0,0
10/5/2018,7.27258,80.04328,3.3,13.4,1.43,-0.312,13.6,1.4,0.39,0,0
12/12/2018,7.27258,80.04328,0.2,1,0.76,0.014,13.6,1.4,0.39,0,0
12/16/2018,7.27258,80.04328,53.4,120.5,2.79,0.825,13.6,1.4,0.39,0,0
12/24/2018,7.27258,80.04328,41.7,112.7,3.43,0.663,13.6,1.4,0.39,1,1.29
10/6/2019,7.27258,80.04328,7.3,13.1,0.93,-0.23,13.6,1.4,0.39,0,0
10/26/2019,7.27258,80.04328,5.5,16.8,1.23,0.072,13.6,1.4,0.39,0,0
10/29/2019,7.27258,80.04328,14.3,35.1,1.73,-0.09,13.6,1.4,0.39,0,0
11/29/2019,7.27258,80.04328,5.1,17,1.73,0.308,13.6,1.4,0.39,0,0
11/30/2019,7.27258,80.04328,62.5,151.7,3.61,0.702,13.6,1.4,0.39,1,1.99
10/4/2020,7.27258,80.04328,1.5,8.4,1.86,0.049,13.6,1.4,0.39,0,0
11/2/2020,7.27258,80.04328,4.7,15.2,1.73,-0.169,13.6,1.4,0.39,0,0
12/12/2020,7.27258,80.04328,80.9,149.3,2.78,0.897,13.6,1.4,0.39,1,1.49
5/9/2021,7.27258,80.04328,3.2,7.6,0.78,-0.204,13.6,1.4,0.39,0,0
10/2/2021,7.27258,80.04328,2.1,8.1,0.8,-0.042,13.6,1.4,0.39,0,0
10/26/2021,7.27258,80.04328,0.1,3.8,1.21,-0.17,13.6,1.4,0.39,0,0
12/24/2021,7.27258,80.04328,1,4.3,1.24,-0.168,13.6,1.4,0.39,0,0
5/28/2022,7.27258,80.04328,4.4,9.4,1.27,-0.118,13.6,1.4,0.39,0,0
10/3/2022,7.27258,80.04328,1.3,9,1.53,-0.023,13.6,1.4,0.39,0,0
10/19/2022,7.27258,80.04328,21.7,49.2,2.3,0.116,13.6,1.4,0.39,0,0
10/31/2022,7.27258,80.04328,51.8,152,3.12,0.645,13.6,1.4,0.39,1,1.64
11/1/2022,7.27258,80.04328,2.5,20.2,2.07,-0.054,13.6,1.4,0.39,0,0
11/11/2022,7.27258,80.04328,105.3,333.1,5.47,1.795,13.6,1.4,0.39,1,3.08
11/13/2022,7.27258,80.04328,19.5,52.7,1.52,0.211,13.6,1.4,0.39,0,0
11/26/2022,7.27258,80.04328,100.1,286.5,4.16,1.335,13.6,1.4,0.39,1,2.64
5/15/2023,7.27258,80.04328,0,2.3,1.34,0.1,13.6,1.4,0.39,0,0
5/26/2023,7.27258,80.04328,4.4,10.2,1.23,-0.027,13.6,1.4,0.39,0,0
11/6/2023,7.27258,80.04328,3.3,8.7,1.21,-0.009,13.6,1.4,0.39,0,0
11/21/2023,7.27258,80.04328,0.1,3.8,1.41,-0.269,13.6,1.4,0.39,0,0
11/26/2023,7.27258,80.04328,81.8,226.7,4.89,1.216,13.6,1.4,0.39,1,2.49
5/11/2024,7.27258,80.04328,27.2,67.3,2.16,0.106,13.6,1.4,0.39,0,0
5/12/2024,7.27258,80.04328,0.5,8.4,0.62,-0.442,13.6,1.4,0.39,0,0
11/8/2024,7.27258,80.04328,10.1,30.1,1.25,-0.088,13.6,1.4,0.39,0,0
12/15/2024,7.27258,80.04328,3.4,8.7,1.12,-0.042,13.6,1.4,0.39,0,0
10/9/2016,8.56269,79.87702,75.8,187.4,3.98,1.332,38.4,0.55,3.98,0,0
10/21/2016,8.56269,79.87702,172.7,495.2,7.41,2.3,38.4,0.55,3.98,1,3.8
11/16/2016,8.56269,79.87702,0.6,5.5,1.86,-0.051,38.4,0.55,3.98,0,0
11/19/2016,8.56269,79.87702,2.1,5.1,1.06,-0.192,38.4,0.55,3.98,0,0
5/21/2017,8.56269,79.87702,9.4,28.5,1.3,-0.034,38.4,0.55,3.98,0,0
5/30/2017,8.56269,79.87702,1.2,2.8,1.56,-0.31,38.4,0.55,3.98,0,0
11/4/2017,8.56269,79.87702,8.1,56.4,1.3,0.176,38.4,0.55,3.98,0,0
11/7/2017,8.56269,79.87702,0.3,1.2,1.94,0.007,38.4,0.55,3.98,0,0
11/12/2017,8.56269,79.87702,0.2,1.2,1.77,-0.145,38.4,0.55,3.98,0,0
11/25/2017,8.56269,79.87702,0.6,3.7,1.31,-0.077,38.4,0.55,3.98,0,0
12/1/2017,8.56269,79.87702,1.8,5.1,1.65,-0.118,38.4,0.55,3.98,0,0
5/11/2018,8.56269,79.87702,2.9,7.5,1.54,0.128,38.4,0.55,3.98,0,0
10/5/2018,8.56269,79.87702,1.2,11.7,1.48,-0.133,38.4,0.55,3.98,0,0
12/12/2018,8.56269,79.87702,3.3,12.4,1.55,-0.095,38.4,0.55,3.98,0,0
12/16/2018,8.56269,79.87702,0.5,4.9,1.17,-0.201,38.4,0.55,3.98,0,0
12/24/2018,8.56269,79.87702,3.3,12.3,1.39,-0.02,38.4,0.55,3.98,0,0
10/6/2019,8.56269,79.87702,0.6,1.8,1.8,-0.024,38.4,0.55,3.98,0,0
10/26/2019,8.56269,79.87702,0.7,3.4,1.58,-0.107,38.4,0.55,3.98,0,0
10/29/2019,8.56269,79.87702,46.2,103.3,2.06,0.57,38.4,0.55,3.98,0,0
11/29/2019,8.56269,79.87702,1.8,5.4,1.39,-0.189,38.4,0.55,3.98,0,0
11/30/2019,8.56269,79.87702,1,7,1.96,-0.318,38.4,0.55,3.98,0,0
10/4/2020,8.56269,79.87702,56.1,174.3,3.02,1.087,38.4,0.55,3.98,0,0
11/2/2020,8.56269,79.87702,0.1,2.2,1.24,-0.009,38.4,0.55,3.98,0,0
12/12/2020,8.56269,79.87702,47.6,106.7,2.69,0.495,38.4,0.55,3.98,0,0
5/9/2021,8.56269,79.87702,2.9,9.3,1.61,-0.016,38.4,0.55,3.98,0,0
10/2/2021,8.56269,79.87702,0.7,2,1.6,-0.04,38.4,0.55,3.98,0,0
10/26/2021,8.56269,79.87702,0.2,1.2,1.63,-0.116,38.4,0.55,3.98,0,0
12/24/2021,8.56269,79.87702,0,3.1,1.38,0.054,38.4,0.55,3.98,0,0
5/28/2022,8.56269,79.87702,0.8,2.2,1.34,-0.395,38.4,0.55,3.98,0,0
10/3/2022,8.56269,79.87702,0.2,4.1,1.9,-0.069,38.4,0.55,3.98,0,0
10/19/2022,8.56269,79.87702,2.9,9.2,1.75,-0.246,38.4,0.55,3.98,0,0
10/31/2022,8.56269,79.87702,0.1,5.3,1.49,-0.089,38.4,0.55,3.98,0,0
11/1/2022,8.56269,79.87702,0,3.8,1.21,-0.041,38.4,0.55,3.98,0,0
11/11/2022,8.56269,79.87702,10.3,20.8,1.67,-0.105,38.4,0.55,3.98,0,0
11/13/2022,8.56269,79.87702,10.6,30.6,1.82,0.121,38.4,0.55,3.98,0,0
11/26/2022,8.56269,79.87702,11.7,28.7,1.86,-0.13,38.4,0.55,3.98,0,0
5/15/2023,8.56269,79.87702,6.3,24.9,1.32,-0.048,38.4,0.55,3.98,0,0
5/26/2023,8.56269,79.87702,2.5,14.1,1.35,-0.139,38.4,0.55,3.98,0,0
11/6/2023,8.56269,79.87702,3.9,11.4,1.23,0.03,38.4,0.55,3.98,0,0
11/21/2023,8.56269,79.87702,1.3,3,1.41,0.058,38.4,0.55,3.98,0,0
11/26/2023,8.56269,79.87702,80.8,231.5,3.75,1.291,38.4,0.55,3.98,0,0
5/11/2024,8.56269,79.87702,32.4,77.3,2.49,0.093,38.4,0.55,3.98,0,0
5/12/2024,8.56269,79.87702,1.9,7.5,1.87,0.054,38.4,0.55,3.98,0,0
11/8/2024,8.56269,79.87702,1.1,6,1.42,-0.177,38.4,0.55,3.98,0,0
12/15/2024,8.56269,79.87702,22.4,69.3,1.98,0.466,38.4,0.55,3.98,0,0
10/9/2016,6.62934,80.90635,97.5,264.7,4.74,1.327,23.3,1.94,0.07,0,0
10/21/2016,6.62934,80.90635,0.3,5.8,0.98,-0.112,23.3,1.94,0.07,0,0
11/16/2016,6.62934,80.90635,93.6,219.3,4.01,1.063,23.3,1.94,0.07,1,2.2
11/19/2016,6.62934,80.90635,11.7,37.3,1.81,-0.077,23.3,1.94,0.07,0,0
5/21/2017,6.62934,80.90635,18.2,41.6,1.29,-0.023,23.3,1.94,0.07,0,0
5/30/2017,6.62934,80.90635,21.9,58.3,2.01,0.081,23.3,1.94,0.07,0,0
11/4/2017,6.62934,80.90635,1.4,15.8,1.26,-0.175,23.3,1.94,0.07,0,0
11/7/2017,6.62934,80.90635,1.1,4.3,1.21,0.153,23.3,1.94,0.07,0,0
11/12/2017,6.62934,80.90635,21.1,61,1.2,0.244,23.3,1.94,0.07,0,0
11/25/2017,6.62934,80.90635,0.4,11.3,1.14,0.133,23.3,1.94,0.07,0,0
12/1/2017,6.62934,80.90635,32.9,77.5,1.63,0.337,23.3,1.94,0.07,0,0
5/11/2018,6.62934,80.90635,66,192.7,3.06,1.195,23.3,1.94,0.07,1,1.39
10/5/2018,6.62934,80.90635,6.7,16.3,0.85,-0.004,23.3,1.94,0.07,0,0
12/12/2018,6.62934,80.90635,0.7,9.7,1.09,-0.186,23.3,1.94,0.07,0,0
12/16/2018,6.62934,80.90635,0.2,5.8,1.4,0.168,23.3,1.94,0.07,0,0
12/24/2018,6.62934,80.90635,35.4,74.7,1.93,0.171,23.3,1.94,0.07,0,0
10/6/2019,6.62934,80.90635,75.9,135.4,2.99,0.879,23.3,1.94,0.07,0,0
10/26/2019,6.62934,80.90635,0.3,4.1,0.84,-0.391,23.3,1.94,0.07,0,0
10/29/2019,6.62934,80.90635,6.1,16.5,1.23,0.019,23.3,1.94,0.07,0,0
11/29/2019,6.62934,80.90635,22,64.3,1.41,-0.022,23.3,1.94,0.07,0,0
11/30/2019,6.62934,80.90635,5,19.3,1.42,0.075,23.3,1.94,0.07,0,0
10/4/2020,6.62934,80.90635,98.1,308.9,4.6,1.769,23.3,1.94,0.07,1,2.63
11/2/2020,6.62934,80.90635,7.2,18.5,1.34,0.029,23.3,1.94,0.07,0,0
12/12/2020,6.62934,80.90635,82,215.4,3.54,1.133,23.3,1.94,0.07,1,1.55
5/9/2021,6.62934,80.90635,13.9,45.5,1.38,0.155,23.3,1.94,0.07,0,0
10/2/2021,6.62934,80.90635,5.4,13.1,1.78,-0.011,23.3,1.94,0.07,0,0
10/26/2021,6.62934,80.90635,0.7,2.1,1.53,-0.128,23.3,1.94,0.07,0,0
12/24/2021,6.62934,80.90635,0.9,16.2,1.32,0.005,23.3,1.94,0.07,0,0
5/28/2022,6.62934,80.90635,2,14.9,2.03,0.055,23.3,1.94,0.07,0,0
10/3/2022,6.62934,80.90635,41.8,133.8,2.97,0.808,23.3,1.94,0.07,0,0
10/19/2022,6.62934,80.90635,0,2.4,0.98,-0.13,23.3,1.94,0.07,0,0
10/31/2022,6.62934,80.90635,5.7,19.9,1.83,0.154,23.3,1.94,0.07,0,0
11/1/2022,6.62934,80.90635,9.4,30.5,1.35,0.073,23.3,1.94,0.07,0,0
11/11/2022,6.62934,80.90635,168.1,448.9,6.86,2.3,23.3,1.94,0.07,1,3.8
11/13/2022,6.62934,80.90635,15.3,41.3,1.54,0.198,23.3,1.94,0.07,0,0
11/26/2022,6.62934,80.90635,0.1,5,1.38,-0.127,23.3,1.94,0.07,0,0
5/15/2023,6.62934,80.90635,3.4,9.9,1.56,-0.242,23.3,1.94,0.07,0,0
5/26/2023,6.62934,80.90635,2.7,6.5,1.22,0.027,23.3,1.94,0.07,0,0
11/6/2023,6.62934,80.90635,0.6,5.4,1.43,-0.006,23.3,1.94,0.07,0,0
11/21/2023,6.62934,80.90635,104.1,269.5,4.37,1.797,23.3,1.94,0.07,1,2.61
11/26/2023,6.62934,80.90635,4.2,11.1,1.45,-0.001,23.3,1.94,0.07,0,0
5/11/2024,6.62934,80.90635,8.6,17.9,1.23,0.033,23.3,1.94,0.07,0,0
5/12/2024,6.62934,80.90635,77.4,178,3.54,1.066,23.3,1.94,0.07,0,0
11/8/2024,6.62934,80.90635,0.5,3,1.15,-0.278,23.3,1.94,0.07,0,0
12/15/2024,6.62934,80.90635,84.5,239.4,3.28,1.29,23.3,1.94,0.07,0,0
10/9/2016,7.74755,79.79772,13.4,29.4,3.08,-0.057,10.1,4.79,0.06,0,0
10/21/2016,7.74755,79.79772,64.2,146.6,4.64,0.89,10.1,4.79,0.06,1,2.11
11/16/2016,7.74755,79.79772,0.6,3,2.79,-0.044,10.1,4.79,0.06,0,0
11/19/2016,7.74755,79.79772,0.3,6.5,2.57,-0.196,10.1,4.79,0.06,0,0
5/21/2017,7.74755,79.79772,0.2,7,2.75,-0.401,10.1,4.79,0.06,0,0
5/30/2017,7.74755,79.79772,4,8.3,3,-0.143,10.1,4.79,0.06,0,0
11/4/2017,7.74755,79.79772,0.2,6.7,3.06,0.043,10.1,4.79,0.06,0,0
11/7/2017,7.74755,79.79772,67.3,195.2,4.48,0.936,10.1,4.79,0.06,1,2.07
11/12/2017,7.74755,79.79772,14.4,35,2.81,-0.051,10.1,4.79,0.06,0,0
11/25/2017,7.74755,79.79772,1.8,4.7,3.34,-0.38,10.1,4.79,0.06,0,0
12/1/2017,7.74755,79.79772,8.2,27.5,2.96,0.084,10.1,4.79,0.06,0,0
5/11/2018,7.74755,79.79772,2.3,6.9,2.55,-0.294,10.1,4.79,0.06,0,0
10/5/2018,7.74755,79.79772,2.6,7.5,3.81,-0.199,10.1,4.79,0.06,1,0.88
12/12/2018,7.74755,79.79772,54.9,157,3.9,0.93,10.1,4.79,0.06,1,1.8
12/16/2018,7.74755,79.79772,14.1,37.4,3.24,0.046,10.1,4.79,0.06,0,0
12/24/2018,7.74755,79.79772,68.7,213.4,5.58,1.201,10.1,4.79,0.06,1,2.29
10/6/2019,7.74755,79.79772,130.4,364,6.63,2.071,10.1,4.79,0.06,1,3.55
10/26/2019,7.74755,79.79772,110.1,280.1,6.1,1.532,10.1,4.79,0.06,1,3.06
10/29/2019,7.74755,79.79772,1.6,4.1,2.8,-0.211,10.1,4.79,0.06,0,0
11/29/2019,7.74755,79.79772,2.7,23.2,2.62,-0.089,10.1,4.79,0.06,0,0
11/30/2019,7.74755,79.79772,0.4,6.5,3.11,-0.217,10.1,4.79,0.06,0,0
10/4/2020,7.74755,79.79772,159.5,321.3,6.83,2.124,10.1,4.79,0.06,1,3.38
11/2/2020,7.74755,79.79772,48.7,127.2,3.56,0.709,10.1,4.79,0.06,0,0
12/12/2020,7.74755,79.79772,3.3,6.7,3.11,-0.1,10.1,4.79,0.06,0,0
5/9/2021,7.74755,79.79772,11.7,23.4,3.05,-0.187,10.1,4.79,0.06,0,0
10/2/2021,7.74755,79.79772,0.5,4,2.36,0.17,10.1,4.79,0.06,0,0
10/26/2021,7.74755,79.79772,7.9,54.3,3.72,0.116,10.1,4.79,0.06,0,0
12/24/2021,7.74755,79.79772,0.5,4.4,2.55,-0.159,10.1,4.79,0.06,0,0
5/28/2022,7.74755,79.79772,0.3,2,2.18,0.017,10.1,4.79,0.06,0,0
10/3/2022,7.74755,79.79772,0.1,1,2.73,-0.252,10.1,4.79,0.06,0,0
10/19/2022,7.74755,79.79772,3.7,16.6,2.97,-0.065,10.1,4.79,0.06,0,0
10/31/2022,7.74755,79.79772,42.6,113.6,3.6,0.577,10.1,4.79,0.06,1,1.47
11/1/2022,7.74755,79.79772,84.3,212.9,5.59,1.298,10.1,4.79,0.06,1,2.33
11/11/2022,7.74755,79.79772,62.4,169.5,5.59,1.02,10.1,4.79,0.06,1,2.47
11/13/2022,7.74755,79.79772,30.6,84.9,3.75,0.472,10.1,4.79,0.06,0,0
11/26/2022,7.74755,79.79772,0,0.7,2.68,-0.057,10.1,4.79,0.06,0,0
5/15/2023,7.74755,79.79772,0.3,2.4,2.09,-0.074,10.1,4.79,0.06,0,0
5/26/2023,7.74755,79.79772,62.4,165.5,5.49,0.749,10.1,4.79,0.06,0,0
11/6/2023,7.74755,79.79772,0.3,1.8,2.9,-0.31,10.1,4.79,0.06,0,0
11/21/2023,7.74755,79.79772,15.3,45.1,3.29,0.169,10.1,4.79,0.06,0,0
11/26/2023,7.74755,79.79772,3.4,9.3,2.16,-0.208,10.1,4.79,0.06,0,0
5/11/2024,7.74755,79.79772,2.4,6.7,2.7,-0.186,10.1,4.79,0.06,0,0
5/12/2024,7.74755,79.79772,2.9,8.2,3.21,-0.186,10.1,4.79,0.06,0,0
11/8/2024,7.74755,79.79772,1.4,6.6,3.12,-0.098,10.1,4.79,0.06,0,0
12/15/2024,7.74755,79.79772,13,31.7,3.14,0.096,10.1,4.79,0.06,0,0
10/9/2016,7.98021,80.8044,3.4,12,1.3,-0.123,3.3,2.95,1.09,0,0
10/21/2016,7.98021,80.8044,264.6,750.5,9.2,2.3,3.3,2.95,1.09,1,3.8
11/16/2016,7.98021,80.8044,52.4,136.5,2.7,0.577,3.3,2.95,1.09,0,0
11/19/2016,7.98021,80.8044,63.4,176.1,3.15,0.906,3.3,2.95,1.09,1,2.08
5/21/2017,7.98021,80.8044,40.8,106.3,3.02,0.532,3.3,2.95,1.09,1,1.28
5/30/2017,7.98021,80.8044,18.1,53.8,1.57,0.244,3.3,2.95,1.09,0,0
11/4/2017,7.98021,80.8044,73.4,173.4,3.54,0.778,3.3,2.95,1.09,0,0
11/7/2017,7.98021,80.8044,1.6,7.9,1.37,-0.314,3.3,2.95,1.09,0,0
11/12/2017,7.98021,80.8044,89.4,217.7,3.8,1.179,3.3,2.95,1.09,1,2.1
11/25/2017,7.98021,80.8044,6.7,17.7,1.77,-0.13,3.3,2.95,1.09,0,0
12/1/2017,7.98021,80.8044,29.5,69.8,1.74,0.145,3.3,2.95,1.09,0,0
5/11/2018,7.98021,80.8044,8.4,24,1.64,0.224,3.3,2.95,1.09,0,0
10/5/2018,7.98021,80.8044,0,0.7,1.35,0.042,3.3,2.95,1.09,0,0
12/12/2018,7.98021,80.8044,63.7,163.8,2.75,0.909,3.3,2.95,1.09,0,0
12/16/2018,7.98021,80.8044,186.8,489.8,6.77,2.3,3.3,2.95,1.09,1,3.8
12/24/2018,7.98021,80.8044,4.7,27.2,2.18,-0.043,3.3,2.95,1.09,0,0
10/6/2019,7.98021,80.8044,89.3,251.9,3.98,1.375,3.3,2.95,1.09,1,2.21
10/26/2019,7.98021,80.8044,12.6,33.2,1.45,-0.102,3.3,2.95,1.09,0,0
10/29/2019,7.98021,80.8044,88.4,263.7,4.41,1.47,3.3,2.95,1.09,1,2.73
11/29/2019,7.98021,80.8044,0.2,0.6,1.1,-0.05,3.3,2.95,1.09,0,0
11/30/2019,7.98021,80.8044,76,204.3,3.79,1.193,3.3,2.95,1.09,1,2.24
10/4/2020,7.98021,80.8044,3.9,15,1.44,-0.091,3.3,2.95,1.09,0,0
11/2/2020,7.98021,80.8044,37.3,94.3,2.66,0.677,3.3,2.95,1.09,1,1.21
12/12/2020,7.98021,80.8044,0.7,12.9,0.92,-0.057,3.3,2.95,1.09,0,0
5/9/2021,7.98021,80.8044,0,0.7,1.75,-0.084,3.3,2.95,1.09,0,0
10/2/2021,7.98021,80.8044,0.7,2.3,0.82,-0.022,3.3,2.95,1.09,0,0
10/26/2021,7.98021,80.8044,0.1,1.8,1.53,-0.146,3.3,2.95,1.09,0,0
12/24/2021,7.98021,80.8044,0,4.6,1.09,-0.216,3.3,2.95,1.09,0,0
5/28/2022,7.98021,80.8044,51.1,102.7,2.81,0.575,3.3,2.95,1.09,0,0
10/3/2022,7.98021,80.8044,4.5,10.6,1.84,0.116,3.3,2.95,1.09,0,0
10/19/2022,7.98021,80.8044,0.3,4.4,1.58,-0.206,3.3,2.95,1.09,0,0
10/31/2022,7.98021,80.8044,0.1,7.9,1.7,-0.102,3.3,2.95,1.09,0,0
11/1/2022,7.98021,80.8044,0.2,0.7,0.75,-0.269,3.3,2.95,1.09,0,0
11/11/2022,7.98021,80.8044,0.2,2,1.52,-0.086,3.3,2.95,1.09,0,0
11/13/2022,7.98021,80.8044,46.7,126.2,1.98,0.61,3.3,2.95,1.09,0,0
11/26/2022,7.98021,80.8044,0.1,3.8,1.52,-0.504,3.3,2.95,1.09,0,0
5/15/2023,7.98021,80.8044,3.2,11.8,1.68,-0.101,3.3,2.95,1.09,0,0
5/26/2023,7.98021,80.8044,4.9,9.6,1.62,0.066,3.3,2.95,1.09,0,0
11/6/2023,7.98021,80.8044,123.6,333.5,4.88,2.017,3.3,2.95,1.09,1,3.19
11/21/2023,7.98021,80.8044,81,211.5,3.65,1.24,3.3,2.95,1.09,1,2.57
11/26/2023,7.98021,80.8044,87.1,206.2,3.82,1.216,3.3,2.95,1.09,1,2.26
5/11/2024,7.98021,80.8044,2.7,7.3,1.3,-0.083,3.3,2.95,1.09,0,0
5/12/2024,7.98021,80.8044,63.7,137,2.68,0.861,3.3,2.95,1.09,0,0
11/8/2024,7.98021,80.8044,42.1,95.9,2.25,0.41,3.3,2.95,1.09,0,0
12/15/2024,7.98021,80.8044,150.5,378.1,5.68,2.3,3.3,2.95,1.09,1,3.56
10/9/2016,6.61786,81.44241,0.6,8.6,1.63,-0.137,35.6,4.33,1.88,0,0
10/21/2016,6.61786,81.44241,13.3,35.7,1.31,0.007,35.6,4.33,1.88,0,0
11/16/2016,6.61786,81.44241,0.1,3.5,0.96,-0.375,35.6,4.33,1.88,0,0
11/19/2016,6.61786,81.44241,0.7,6.2,1.99,-0.149,35.6,4.33,1.88,0,0
5/21/2017,6.61786,81.44241,4.3,17,1.27,0.108,35.6,4.33,1.88,0,0
5/30/2017,6.61786,81.44241,9.1,22.4,1.12,-0.306,35.6,4.33,1.88,0,0
11/4/2017,6.61786,81.44241,49.8,100.9,2.72,0.69,35.6,4.33,1.88,0,0
11/7/2017,6.61786,81.44241,4.2,12.5,0.9,-0.145,35.6,4.33,1.88,0,0
11/12/2017,6.61786,81.44241,1.5,4.4,1.61,-0.018,35.6,4.33,1.88,0,0
11/25/2017,6.61786,81.44241,0,9.1,2.14,-0.098,35.6,4.33,1.88,0,0
12/1/2017,6.61786,81.44241,10.5,32.2,1.25,0.004,35.6,4.33,1.88,0,0
5/11/2018,6.61786,81.44241,2.6,15.7,1.55,-0.158,35.6,4.33,1.88,0,0
10/5/2018,6.61786,81.44241,7.4,20.1,0.95,0.176,35.6,4.33,1.88,0,0
12/12/2018,6.61786,81.44241,113.8,272.7,4.56,1.695,35.6,4.33,1.88,1,2.32
12/16/2018,6.61786,81.44241,1,2.6,1.8,-0.073,35.6,4.33,1.88,0,0
12/24/2018,6.61786,81.44241,7.8,17.4,1.33,0.192,35.6,4.33,1.88,0,0
10/6/2019,6.61786,81.44241,83.3,192.1,3.29,0.837,35.6,4.33,1.88,0,0
10/26/2019,6.61786,81.44241,0.1,1.5,1.79,-0.158,35.6,4.33,1.88,0,0
10/29/2019,6.61786,81.44241,116.7,314.6,5.41,1.805,35.6,4.33,1.88,1,2.82
11/29/2019,6.61786,81.44241,0.4,2.3,0.57,-0.074,35.6,4.33,1.88,0,0
11/30/2019,6.61786,81.44241,4.5,21.1,1.7,0.06,35.6,4.33,1.88,0,0
10/4/2020,6.61786,81.44241,0.6,6.4,0.99,-0.092,35.6,4.33,1.88,0,0
11/2/2020,6.61786,81.44241,49.4,132.8,2.63,0.753,35.6,4.33,1.88,0,0
12/12/2020,6.61786,81.44241,87.7,215.2,4.11,1.291,35.6,4.33,1.88,1,1.78
5/9/2021,6.61786,81.44241,7.4,21.7,0.93,0.004,35.6,4.33,1.88,0,0
10/2/2021,6.61786,81.44241,6.5,16,1.25,0.04,35.6,4.33,1.88,0,0
10/26/2021,6.61786,81.44241,4.8,16.3,1.16,-0.004,35.6,4.33,1.88,0,0
12/24/2021,6.61786,81.44241,5.2,23.3,1.2,-0.096,35.6,4.33,1.88,0,0
5/28/2022,6.61786,81.44241,0.2,0.5,1.27,-0.13,35.6,4.33,1.88,0,0
10/3/2022,6.61786,81.44241,15.8,52,1.72,0.187,35.6,4.33,1.88,0,0
10/19/2022,6.61786,81.44241,96,196.1,3.07,1.189,35.6,4.33,1.88,0,0
10/31/2022,6.61786,81.44241,0.8,2.3,1.81,-0.012,35.6,4.33,1.88,0,0
11/1/2022,6.61786,81.44241,1.5,5.3,1.43,-0.027,35.6,4.33,1.88,0,0
11/11/2022,6.61786,81.44241,1.1,9,1,-0.095,35.6,4.33,1.88,0,0
11/13/2022,6.61786,81.44241,45.7,106,2,0.63,35.6,4.33,1.88,1,0.76
11/26/2022,6.61786,81.44241,9.6,29.9,2.09,-0.043,35.6,4.33,1.88,0,0
5/15/2023,6.61786,81.44241,2,6.2,1.66,-0.248,35.6,4.33,1.88,0,0
5/26/2023,6.61786,81.44241,0.9,6.6,1.86,-0.194,35.6,4.33,1.88,0,0
11/6/2023,6.61786,81.44241,33.2,75.4,1.78,0.213,35.6,4.33,1.88,0,0
11/21/2023,6.61786,81.44241,2.5,8.5,1.28,-0.34,35.6,4.33,1.88,0,0
11/26/2023,6.61786,81.44241,8,15.4,1.39,-0.204,35.6,4.33,1.88,0,0
5/11/2024,6.61786,81.44241,2.2,6,0.96,-0.149,35.6,4.33,1.88,0,0
5/12/2024,6.61786,81.44241,10,27.8,2.06,0.101,35.6,4.33,1.88,0,0
11/8/2024,6.61786,81.44241,12.6,30.8,1.49,0.179,35.6,4.33,1.88,0,0
12/15/2024,6.61786,81.44241,1.8,3.6,1.28,-0.131,35.6,4.33,1.88,0,0
10/9/2016,7.89336,80.78585,1.2,5.1,0.53,-0.201,17.6,2.6,4.12,0,0
10/21/2016,7.89336,80.78585,8.6,25.6,0.45,0.124,17.6,2.6,4.12,0,0
11/16/2016,7.89336,80.78585,3,13.1,0.42,-0.101,17.6,2.6,4.12,0,0
11/19/2016,7.89336,80.78585,73,177.5,2.54,1.195,17.6,2.6,4.12,1,1.33
5/21/2017,7.89336,80.78585,1.5,7.3,0.05,-0.016,17.6,2.6,4.12,0,0
5/30/2017,7.89336,80.78585,129.2,274.2,3.91,1.582,17.6,2.6,4.12,1,2.15
11/4/2017,7.89336,80.78585,8,24.9,0.57,0.056,17.6,2.6,4.12,0,0
11/7/2017,7.89336,80.78585,7.2,31.7,0.48,-0.086,17.6,2.6,4.12,0,0
11/12/2017,7.89336,80.78585,0.6,2.7,0.61,-0.091,17.6,2.6,4.12,0,0
11/25/2017,7.89336,80.78585,0.2,0.9,0.9,-0.265,17.6,2.6,4.12,0,0
12/1/2017,7.89336,80.78585,0,6.8,1.06,-0.195,17.6,2.6,4.12,0,0
5/11/2018,7.89336,80.78585,9.1,24.7,0.7,0.183,17.6,2.6,4.12,0,0
10/5/2018,7.89336,80.78585,3.5,9.2,0.72,0.113,17.6,2.6,4.12,0,0
12/12/2018,7.89336,80.78585,5,14.9,1.01,-0.174,17.6,2.6,4.12,0,0
12/16/2018,7.89336,80.78585,77.9,190.5,2.88,1.026,17.6,2.6,4.12,1,1.23
12/24/2018,7.89336,80.78585,0.9,6.9,0.27,-0.145,17.6,2.6,4.12,0,0
10/6/2019,7.89336,80.78585,0,2.5,0.26,-0.029,17.6,2.6,4.12,0,0
10/26/2019,7.89336,80.78585,4.8,13.2,0.98,-0.229,17.6,2.6,4.12,0,0
10/29/2019,7.89336,80.78585,6.1,25.8,0.53,-0.083,17.6,2.6,4.12,0,0
11/29/2019,7.89336,80.78585,192.1,471.4,5.88,2.3,17.6,2.6,4.12,1,3.8
11/30/2019,7.89336,80.78585,3.8,10.3,0.48,-0.049,17.6,2.6,4.12,0,0
10/4/2020,7.89336,80.78585,3.1,8.9,0.72,0.016,17.6,2.6,4.12,0,0
11/2/2020,7.89336,80.78585,72.4,187.6,2.61,1.085,17.6,2.6,4.12,0,0
12/12/2020,7.89336,80.78585,4.6,17.7,0.68,0.224,17.6,2.6,4.12,0,0
5/9/2021,7.89336,80.78585,1.6,7.7,0.75,-0.106,17.6,2.6,4.12,0,0
10/2/2021,7.89336,80.78585,70.8,171.9,2.53,0.913,17.6,2.6,4.12,1,1.24
10/26/2021,7.89336,80.78585,0.1,1.1,0.62,-0.3,17.6,2.6,4.12,0,0
12/24/2021,7.89336,80.78585,1.4,7.3,0.27,-0.178,17.6,2.6,4.12,0,0
5/28/2022,7.89336,80.78585,3.2,11.6,1.11,-0.028,17.6,2.6,4.12,0,0
10/3/2022,7.89336,80.78585,17.1,53.8,1.43,0.368,17.6,2.6,4.12,0,0
10/19/2022,7.89336,80.78585,5.5,20.2,0.13,0.149,17.6,2.6,4.12,0,0
10/31/2022,7.89336,80.78585,1.9,7,0.67,-0.188,17.6,2.6,4.12,0,0
11/1/2022,7.89336,80.78585,0.1,3,0.88,-0.047,17.6,2.6,4.12,0,0
11/11/2022,7.89336,80.78585,4.1,9.5,0.67,-0.005,17.6,2.6,4.12,0,0
11/13/2022,7.89336,80.78585,0.4,4.2,1.52,-0.16,17.6,2.6,4.12,0,0
11/26/2022,7.89336,80.78585,1.2,10.3,1.04,-0.008,17.6,2.6,4.12,0,0
5/15/2023,7.89336,80.78585,1.2,2.9,0.41,-0.157,17.6,2.6,4.12,0,0
5/26/2023,7.89336,80.78585,2.3,5.9,0.51,-0.205,17.6,2.6,4.12,0,0
11/6/2023,7.89336,80.78585,7.6,29.5,0.52,-0.034,17.6,2.6,4.12,0,0
11/21/2023,7.89336,80.78585,1.1,5,0.49,-0.222,17.6,2.6,4.12,0,0
11/26/2023,7.89336,80.78585,146.6,372.5,5.09,2.259,17.6,2.6,4.12,1,2.68
5/11/2024,7.89336,80.78585,0.1,0.6,0.5,-0.259,17.6,2.6,4.12,0,0
5/12/2024,7.89336,80.78585,0.4,2.7,0.75,-0.11,17.6,2.6,4.12,0,0
11/8/2024,7.89336,80.78585,1.1,9,0.59,0.11,17.6,2.6,4.12,0,0
12/15/2024,7.89336,80.78585,7.4,19.9,0.99,0.161,17.6,2.6,4.12,0,0
10/9/2016,6.95624,80.44871,0,1.5,1.88,-0.047,44.5,3.23,3.22,0,0
10/21/2016,6.95624,80.44871,0,31.8,1.61,-0.015,44.5,3.23,3.22,0,0
11/16/2016,6.95624,80.44871,1.1,12.2,1.54,-0.092,44.5,3.23,3.22,0,0
11/19/2016,6.95624,80.44871,6.8,20.5,1.47,-0.062,44.5,3.23,3.22,0,0
5/21/2017,6.95624,80.44871,49.2,131.8,2.61,0.765,44.5,3.23,3.22,0,0
5/30/2017,6.95624,80.44871,0.4,3.7,1.24,-0.081,44.5,3.23,3.22,0,0
11/4/2017,6.95624,80.44871,22.8,63.6,1.71,0.184,44.5,3.23,3.22,0,0
11/7/2017,6.95624,80.44871,8.8,33,1.49,0.17,44.5,3.23,3.22,0,0
11/12/2017,6.95624,80.44871,4.5,10.5,1.45,-0.25,44.5,3.23,3.22,0,0
11/25/2017,6.95624,80.44871,80.5,159,3.6,0.807,44.5,3.23,3.22,0,0
12/1/2017,6.95624,80.44871,54.2,149.5,3.35,0.571,44.5,3.23,3.22,0,0
5/11/2018,6.95624,80.44871,0.3,4.5,1.39,-0.274,44.5,3.23,3.22,0,0
10/5/2018,6.95624,80.44871,0.5,9.7,1.27,-0.053,44.5,3.23,3.22,0,0
12/12/2018,6.95624,80.44871,0.2,15,1.92,-0.121,44.5,3.23,3.22,0,0
12/16/2018,6.95624,80.44871,38.4,92.2,2.21,0.354,44.5,3.23,3.22,0,0
12/24/2018,6.95624,80.44871,0.3,1.9,1.27,-0.021,44.5,3.23,3.22,0,0
10/6/2019,6.95624,80.44871,6.7,30.1,2.01,-0.14,44.5,3.23,3.22,0,0
10/26/2019,6.95624,80.44871,0,2.8,0.75,-0.119,44.5,3.23,3.22,0,0
10/29/2019,6.95624,80.44871,4.6,15.6,1.83,-0.176,44.5,3.23,3.22,0,0
11/29/2019,6.95624,80.44871,5.7,21.9,1.32,0.046,44.5,3.23,3.22,0,0
11/30/2019,6.95624,80.44871,0.2,2.3,1.13,-0.057,44.5,3.23,3.22,0,0
10/4/2020,6.95624,80.44871,0,0.4,1.29,-0.055,44.5,3.23,3.22,0,0
11/2/2020,6.95624,80.44871,0.1,5.1,0.69,-0.071,44.5,3.23,3.22,0,0
12/12/2020,6.95624,80.44871,8.4,24.3,2.23,0.152,44.5,3.23,3.22,0,0
5/9/2021,6.95624,80.44871,1.1,1.9,1.27,-0.145,44.5,3.23,3.22,0,0
10/2/2021,6.95624,80.44871,58.2,126.2,2.5,0.634,44.5,3.23,3.22,0,0
10/26/2021,6.95624,80.44871,8.1,18.5,1.45,-0.042,44.5,3.23,3.22,0,0
12/24/2021,6.95624,80.44871,1.1,4.1,1.39,-0.227,44.5,3.23,3.22,0,0
5/28/2022,6.95624,80.44871,0.1,1,1.72,-0.174,44.5,3.23,3.22,0,0
10/3/2022,6.95624,80.44871,12.5,39.5,1.66,0.174,44.5,3.23,3.22,0,0
10/19/2022,6.95624,80.44871,5.7,12,0.88,0.121,44.5,3.23,3.22,0,0
10/31/2022,6.95624,80.44871,1.7,12.5,1.45,-0.144,44.5,3.23,3.22,0,0
11/1/2022,6.95624,80.44871,0.1,10,1.48,-0.026,44.5,3.23,3.22,0,0
11/11/2022,6.95624,80.44871,6.4,17.2,1.38,-0.098,44.5,3.23,3.22,0,0
11/13/2022,6.95624,80.44871,3.9,12.8,1.59,-0.071,44.5,3.23,3.22,0,0
11/26/2022,6.95624,80.44871,1,6.2,1.36,-0.179,44.5,3.23,3.22,0,0
5/15/2023,6.95624,80.44871,1,6.7,1,0.104,44.5,3.23,3.22,0,0
5/26/2023,6.95624,80.44871,0.5,1.4,1.49,-0.219,44.5,3.23,3.22,0,0
11/6/2023,6.95624,80.44871,5.7,26,1.1,-0.002,44.5,3.23,3.22,0,0
11/21/2023,6.95624,80.44871,0.5,3,0.92,-0.175,44.5,3.23,3.22,0,0
11/26/2023,6.95624,80.44871,65.7,185.5,3.96,0.992,44.5,3.23,3.22,0,0
5/11/2024,6.95624,80.44871,1.2,4.1,1.36,-0.19,44.5,3.23,3.22,0,0
5/12/2024,6.95624,80.44871,5.8,17.1,1.62,0.208,44.5,3.23,3.22,0,0
11/8/2024,6.95624,80.44871,32.4,96.1,2.7,0.409,44.5,3.23,3.22,0,0
12/15/2024,6.95624,80.44871,4.9,14.9,1.7,-0.015,44.5,3.23,3.22,0,0
10/9/2016,7.644,80.90792,55.9,120.7,3.82,0.59,9,4.37,1.65,0,0
10/21/2016,7.644,80.90792,0.2,0.5,2.22,-0.172,9,4.37,1.65,0,0
11/16/2016,7.644,80.90792,0.8,3.2,2.04,-0.018,9,4.37,1.65,0,0
11/19/2016,7.644,80.90792,4.3,10.3,2.26,-0.068,9,4.37,1.65,0,0
5/21/2017,7.644,80.90792,122,286.9,5.61,1.818,9,4.37,1.65,1,2.82
5/30/2017,7.644,80.90792,4.6,15.6,2.12,0,9,4.37,1.65,0,0
11/4/2017,7.644,80.90792,1,16.7,2.7,-0.154,9,4.37,1.65,0,0
11/7/2017,7.644,80.90792,4.3,15.6,2.5,-0.245,9,4.37,1.65,0,0
11/12/2017,7.644,80.90792,15,26.3,2.81,0.026,9,4.37,1.65,0,0
11/25/2017,7.644,80.90792,137.2,442.6,6.84,2.3,9,4.37,1.65,1,3.8
12/1/2017,7.644,80.90792,6.1,19.1,2.37,0.006,9,4.37,1.65,0,0
5/11/2018,7.644,80.90792,0.2,1,2.46,-0.118,9,4.37,1.65,0,0
10/5/2018,7.644,80.90792,2.9,16.2,2.41,-0.07,9,4.37,1.65,0,0
12/12/2018,7.644,80.90792,0.2,3.7,1.86,-0.165,9,4.37,1.65,0,0
12/16/2018,7.644,80.90792,40.5,96.2,3.66,0.504,9,4.37,1.65,0,0
12/24/2018,7.644,80.90792,0.5,6.2,1.99,-0.081,9,4.37,1.65,0,0
10/6/2019,7.644,80.90792,4.1,15.8,2.75,0.038,9,4.37,1.65,0,0
10/26/2019,7.644,80.90792,73.4,172.9,4.47,0.959,9,4.37,1.65,0,0
10/29/2019,7.644,80.90792,6.8,19.1,3.05,0.144,9,4.37,1.65,0,0
11/29/2019,7.644,80.90792,41.7,79.6,3.94,0.458,9,4.37,1.65,0,0
11/30/2019,7.644,80.90792,101,290.6,5.53,1.47,9,4.37,1.65,1,2.63
10/4/2020,7.644,80.90792,4.7,17.2,2.41,0.02,9,4.37,1.65,0,0
11/2/2020,7.644,80.90792,45.4,130.2,4.21,0.766,9,4.37,1.65,1,1.51
12/12/2020,7.644,80.90792,0.9,6.7,2.02,-0.053,9,4.37,1.65,0,0
5/9/2021,7.644,80.90792,47.6,139.1,4.46,0.804,9,4.37,1.65,0,0
10/2/2021,7.644,80.90792,4,14.1,2.83,-0.018,9,4.37,1.65,0,0
10/26/2021,7.644,80.90792,6.4,16.6,2.35,-0.081,9,4.37,1.65,0,0
12/24/2021,7.644,80.90792,2.8,8.1,1.62,-0.003,9,4.37,1.65,0,0
5/28/2022,7.644,80.90792,31.6,64.1,3.46,-0.002,9,4.37,1.65,0,0
10/3/2022,7.644,80.90792,99.5,199.9,4.9,1.186,9,4.37,1.65,1,2.25
10/19/2022,7.644,80.90792,7.8,20.6,2.34,0.021,9,4.37,1.65,0,0
10/31/2022,7.644,80.90792,6.4,20.8,3.04,-0.077,9,4.37,1.65,0,0
11/1/2022,7.644,80.90792,90,241,5.48,1.27,9,4.37,1.65,1,2.66
11/11/2022,7.644,80.90792,0.4,1.4,1.68,-0.069,9,4.37,1.65,0,0
11/13/2022,7.644,80.90792,5,32,2.47,-0.176,9,4.37,1.65,0,0
11/26/2022,7.644,80.90792,12.3,29.9,2.5,0.135,9,4.37,1.65,0,0
5/15/2023,7.644,80.90792,14.1,41.8,2.88,0.208,9,4.37,1.65,0,0
5/26/2023,7.644,80.90792,5.4,18.3,2.72,-0.066,9,4.37,1.65,0,0
11/6/2023,7.644,80.90792,7.4,19.9,2.81,-0.145,9,4.37,1.65,0,0
11/21/2023,7.644,80.90792,2.5,10.3,2.31,-0.171,9,4.37,1.65,0,0
11/26/2023,7.644,80.90792,0.1,4.9,2.34,0.025,9,4.37,1.65,0,0
5/11/2024,7.644,80.90792,0.1,4.6,3.04,-0.163,9,4.37,1.65,0,0
5/12/2024,7.644,80.90792,9.5,23.8,2.57,-0.013,9,4.37,1.65,0,0
11/8/2024,7.644,80.90792,6.4,21.2,3.19,-0.197,9,4.37,1.65,0,0
12/15/2024,7.644,80.90792,4.3,24.6,2.79,0.032,9,4.37,1.65,0,0
10/9/2016,7.64718,80.57486,1,5.8,0.95,-0.225,6.9,0.66,0.9,0,0
10/21/2016,7.64718,80.57486,119.1,268.2,4.65,1.379,6.9,0.66,0.9,1,2.35
11/16/2016,7.64718,80.57486,0,1.7,0.59,-0.176,6.9,0.66,0.9,0,0
11/19/2016,7.64718,80.57486,7.5,18.3,2.25,0.015,6.9,0.66,0.9,0,0
5/21/2017,7.64718,80.57486,0.1,5.6,0.91,-0.137,6.9,0.66,0.9,0,0
5/30/2017,7.64718,80.57486,93,247.8,3.42,1.262,6.9,0.66,0.9,1,2.09
11/4/2017,7.64718,80.57486,1,3.9,1.34,-0.279,6.9,0.66,0.9,0,0
11/7/2017,7.64718,80.57486,77.5,209.5,4.62,1.155,6.9,0.66,0.9,1,2.41
11/12/2017,7.64718,80.57486,0.9,22.3,1.41,0.025,6.9,0.66,0.9,0,0
11/25/2017,7.64718,80.57486,0.2,3.1,0.93,0.161,6.9,0.66,0.9,0,0
12/1/2017,7.64718,80.57486,52.2,142.7,3.6,0.54,6.9,0.66,0.9,0,0
5/11/2018,7.64718,80.57486,3.7,8.2,1.06,-0.138,6.9,0.66,0.9,0,0
10/5/2018,7.64718,80.57486,60.8,175,3.06,0.976,6.9,0.66,0.9,1,1.68
12/12/2018,7.64718,80.57486,74.9,209.5,3.56,1.102,6.9,0.66,0.9,1,2.13
12/16/2018,7.64718,80.57486,71,178.4,3.18,1.158,6.9,0.66,0.9,1,1.82
12/24/2018,7.64718,80.57486,65.7,152.5,3.44,0.791,6.9,0.66,0.9,1,1.43
10/6/2019,7.64718,80.57486,4.1,9.8,1.32,0.015,6.9,0.66,0.9,0,0
10/26/2019,7.64718,80.57486,0,3.1,1.65,-0.274,6.9,0.66,0.9,0,0
10/29/2019,7.64718,80.57486,0.8,8,0.94,0.175,6.9,0.66,0.9,0,0
11/29/2019,7.64718,80.57486,27.6,76.1,1.5,0.431,6.9,0.66,0.9,1,0.57
11/30/2019,7.64718,80.57486,0.7,6,1.18,0.068,6.9,0.66,0.9,0,0
10/4/2020,7.64718,80.57486,1.4,3.2,1.25,-0.161,6.9,0.66,0.9,0,0
11/2/2020,7.64718,80.57486,44.2,111.5,2.41,0.545,6.9,0.66,0.9,0,0
12/12/2020,7.64718,80.57486,5.8,20.6,0.87,-0.146,6.9,0.66,0.9,0,0
5/9/2021,7.64718,80.57486,0.5,5.6,0.68,-0.198,6.9,0.66,0.9,0,0
10/2/2021,7.64718,80.57486,28.8,78.5,2.36,0.52,6.9,0.66,0.9,0,0
10/26/2021,7.64718,80.57486,2.1,6.9,1.4,-0.137,6.9,0.66,0.9,0,0
12/24/2021,7.64718,80.57486,2.1,17.7,1.82,-0.333,6.9,0.66,0.9,0,0
5/28/2022,7.64718,80.57486,1.6,4.5,1.11,-0.029,6.9,0.66,0.9,0,0
10/3/2022,7.64718,80.57486,1.4,20.3,1.55,0.002,6.9,0.66,0.9,0,0
10/19/2022,7.64718,80.57486,9.8,45.9,1.96,0.129,6.9,0.66,0.9,0,0
10/31/2022,7.64718,80.57486,3.1,8.9,1.36,-0.136,6.9,0.66,0.9,0,0
11/1/2022,7.64718,80.57486,8.1,20.7,1.38,0.04,6.9,0.66,0.9,0,0
11/11/2022,7.64718,80.57486,8.2,26.8,1.39,0.044,6.9,0.66,0.9,0,0
11/13/2022,7.64718,80.57486,0,6.5,1.36,-0.205,6.9,0.66,0.9,0,0
11/26/2022,7.64718,80.57486,1.4,7.6,2.26,-0.128,6.9,0.66,0.9,0,0
5/15/2023,7.64718,80.57486,0.4,2,0.98,-0.06,6.9,0.66,0.9,0,0
5/26/2023,7.64718,80.57486,8.3,22.8,1.32,0.076,6.9,0.66,0.9,0,0
11/6/2023,7.64718,80.57486,0.7,12.9,1.3,-0.139,6.9,0.66,0.9,0,0
11/21/2023,7.64718,80.57486,13.9,42.6,2.04,0.387,6.9,0.66,0.9,0,0
11/26/2023,7.64718,80.57486,14.8,38.9,1.55,0.132,6.9,0.66,0.9,0,0
5/11/2024,7.64718,80.57486,69.3,178.1,3.02,0.952,6.9,0.66,0.9,1,1.96
5/12/2024,7.64718,80.57486,0.2,1.6,0.96,-0.192,6.9,0.66,0.9,0,0
11/8/2024,7.64718,80.57486,101.7,255.4,3.87,1.673,6.9,0.66,0.9,1,2.85
12/15/2024,7.64718,80.57486,0.1,2,1.19,0.06,6.9,0.66,0.9,0,0
10/9/2016,7.39301,80.73211,62.7,125,3.52,0.615,7.7,1.54,16.38,0,0
10/21/2016,7.39301,80.73211,0.7,2.4,1.82,-0.288,7.7,1.54,16.38,0,0
11/16/2016,7.39301,80.73211,137.4,260.1,4.47,1.667,7.7,1.54,16.38,1,2.26
11/19/2016,7.39301,80.73211,5.4,27.1,1.67,0.192,7.7,1.54,16.38,0,0
5/21/2017,7.39301,80.73211,6.4,20.1,1.45,-0.007,7.7,1.54,16.38,0,0
5/30/2017,7.39301,80.73211,8.2,26.7,1.46,-0.087,7.7,1.54,16.38,0,0
11/4/2017,7.39301,80.73211,1.2,2.5,1.48,-0.159,7.7,1.54,16.38,0,0
11/7/2017,7.39301,80.73211,12.6,35.6,1.64,0.121,7.7,1.54,16.38,0,0
11/12/2017,7.39301,80.73211,10.9,34,1.97,0.172,7.7,1.54,16.38,0,0
11/25/2017,7.39301,80.73211,0.7,12.8,2,0.064,7.7,1.54,16.38,0,0
12/1/2017,7.39301,80.73211,3,19.3,1.88,-0.083,7.7,1.54,16.38,0,0
5/11/2018,7.39301,80.73211,5.2,13.9,1.58,-0.033,7.7,1.54,16.38,0,0
10/5/2018,7.39301,80.73211,9.8,29.4,1.82,-0.101,7.7,1.54,16.38,0,0
12/12/2018,7.39301,80.73211,69.8,181.4,4.56,0.975,7.7,1.54,16.38,0,0
12/16/2018,7.39301,80.73211,78.6,232,4.01,1.222,7.7,1.54,16.38,0,0
12/24/2018,7.39301,80.73211,0,0,1.2,-0.197,7.7,1.54,16.38,0,0
10/6/2019,7.39301,80.73211,82.5,168.3,3.15,0.801,7.7,1.54,16.38,0,0
10/26/2019,7.39301,80.73211,44.3,88.8,2.68,0.503,7.7,1.54,16.38,0,0
10/29/2019,7.39301,80.73211,0.7,2.2,1.6,0.004,7.7,1.54,16.38,0,0
11/29/2019,7.39301,80.73211,96.8,212.3,3.56,1.187,7.7,1.54,16.38,0,0
11/30/2019,7.39301,80.73211,4.9,9.4,0.94,-0.166,7.7,1.54,16.38,0,0
10/4/2020,7.39301,80.73211,2.1,10.4,1.58,-0.091,7.7,1.54,16.38,0,0
11/2/2020,7.39301,80.73211,0,0.1,1.89,-0.008,7.7,1.54,16.38,0,0
12/12/2020,7.39301,80.73211,3,9.6,1.53,-0.043,7.7,1.54,16.38,0,0
5/9/2021,7.39301,80.73211,54.2,145.3,2.59,0.837,7.7,1.54,16.38,0,0
10/2/2021,7.39301,80.73211,0.7,7.6,1.68,-0.016,7.7,1.54,16.38,0,0
10/26/2021,7.39301,80.73211,1.9,5.5,1.32,-0.117,7.7,1.54,16.38,0,0
12/24/2021,7.39301,80.73211,85.8,258.4,4.29,1.396,7.7,1.54,16.38,1,1.78
5/28/2022,7.39301,80.73211,242.7,501.6,7.41,2.3,7.7,1.54,16.38,0,0
10/3/2022,7.39301,80.73211,4.7,14.7,1.53,-0.229,7.7,1.54,16.38,0,0
10/19/2022,7.39301,80.73211,102.2,285.8,5,1.526,7.7,1.54,16.38,0,0
10/31/2022,7.39301,80.73211,0.3,1.4,1.65,-0.067,7.7,1.54,16.38,0,0
11/1/2022,7.39301,80.73211,7.5,22.2,1.15,-0.292,7.7,1.54,16.38,0,0
11/11/2022,7.39301,80.73211,9.8,29.4,1.91,-0.199,7.7,1.54,16.38,0,0
11/13/2022,7.39301,80.73211,1.7,4.3,1.74,-0.136,7.7,1.54,16.38,0,0
11/26/2022,7.39301,80.73211,0.9,1.7,1.75,0.037,7.7,1.54,16.38,0,0
5/15/2023,7.39301,80.73211,5.9,21.2,1.15,-0.163,7.7,1.54,16.38,0,0
5/26/2023,7.39301,80.73211,4,8.2,1.67,0.215,7.7,1.54,16.38,0,0
11/6/2023,7.39301,80.73211,0,20.9,1.68,-0.026,7.7,1.54,16.38,0,0
11/21/2023,7.39301,80.73211,83.2,178.3,3.5,1.012,7.7,1.54,16.38,0,0
11/26/2023,7.39301,80.73211,58.8,143.5,3.49,0.689,7.7,1.54,16.38,0,0
5/11/2024,7.39301,80.73211,8.2,14.1,2.14,-0.141,7.7,1.54,16.38,0,0
5/12/2024,7.39301,80.73211,0.4,3,1.52,-0.147,7.7,1.54,16.38,0,0
11/8/2024,7.39301,80.73211,5.5,17.4,1.75,-0.056,7.7,1.54,16.38,0,0
12/15/2024,7.39301,80.73211,1.6,4.4,1.48,-0.046,7.7,1.54,16.38,0,0
10/9/2016,6.23475,81.44464,0,0.1,3.05,-0.124,15.4,0.6,1.56,0,0
10/21/2016,6.23475,81.44464,75.7,162.6,4.72,1.08,15.4,0.6,1.56,1,1.92
11/16/2016,6.23475,81.44464,9.5,40.6,2.88,0.075,15.4,0.6,1.56,0,0
11/19/2016,6.23475,81.44464,78.3,186.1,4.81,1.094,15.4,0.6,1.56,0,0
5/21/2017,6.23475,81.44464,3.3,7.9,2.48,-0.063,15.4,0.6,1.56,0,0
5/30/2017,6.23475,81.44464,2.9,9.7,2.55,-0.171,15.4,0.6,1.56,0,0
11/4/2017,6.23475,81.44464,6.8,13.5,3.15,0.127,15.4,0.6,1.56,0,0
11/7/2017,6.23475,81.44464,147.3,338.5,7.19,1.977,15.4,0.6,1.56,1,3.64
11/12/2017,6.23475,81.44464,4.1,23,3.46,-0.202,15.4,0.6,1.56,0,0
11/25/2017,6.23475,81.44464,6.3,22.9,3,-0.155,15.4,0.6,1.56,0,0
12/1/2017,6.23475,81.44464,6.3,27.3,2.77,-0.084,15.4,0.6,1.56,0,0
5/11/2018,6.23475,81.44464,39.8,94.6,4.01,0.504,15.4,0.6,1.56,0,0
10/5/2018,6.23475,81.44464,1.3,4.5,2.44,-0.157,15.4,0.6,1.56,0,0
12/12/2018,6.23475,81.44464,0.8,5,3.16,-0.265,15.4,0.6,1.56,0,0
12/16/2018,6.23475,81.44464,6.5,21.5,3.11,0.182,15.4,0.6,1.56,0,0
12/24/2018,6.23475,81.44464,38.9,114.2,4.86,0.584,15.4,0.6,1.56,0,0
10/6/2019,6.23475,81.44464,5.8,14,2.92,-0.152,15.4,0.6,1.56,0,0
10/26/2019,6.23475,81.44464,108.5,223.8,6.06,1.158,15.4,0.6,1.56,1,2.58
10/29/2019,6.23475,81.44464,6.5,16.9,2.89,-0.113,15.4,0.6,1.56,0,0
11/29/2019,6.23475,81.44464,0,0,3.09,-0.169,15.4,0.6,1.56,0,0
11/30/2019,6.23475,81.44464,0.6,2.6,2.48,-0.129,15.4,0.6,1.56,0,0
10/4/2020,6.23475,81.44464,1.7,8.4,2.64,-0.014,15.4,0.6,1.56,0,0
11/2/2020,6.23475,81.44464,10,39.4,2.63,0.184,15.4,0.6,1.56,0,0
12/12/2020,6.23475,81.44464,116.1,317,6.72,1.417,15.4,0.6,1.56,0,0
5/9/2021,6.23475,81.44464,0.7,2.6,2.49,-0.144,15.4,0.6,1.56,0,0
10/2/2021,6.23475,81.44464,0.1,1.4,3.09,0.056,15.4,0.6,1.56,0,0
10/26/2021,6.23475,81.44464,0.1,5.1,3.68,-0.213,15.4,0.6,1.56,0,0
12/24/2021,6.23475,81.44464,1.2,7.2,2.98,-0.105,15.4,0.6,1.56,0,0
5/28/2022,6.23475,81.44464,0.2,5.3,2.65,-0.316,15.4,0.6,1.56,0,0
10/3/2022,6.23475,81.44464,1,5.3,2.85,-0.124,15.4,0.6,1.56,0,0
10/19/2022,6.23475,81.44464,1.7,14.2,3.29,0.077,15.4,0.6,1.56,0,0
10/31/2022,6.23475,81.44464,6,20.7,2.88,-0.245,15.4,0.6,1.56,0,0
11/1/2022,6.23475,81.44464,9,20.8,3.18,0.197,15.4,0.6,1.56,1,1.09
11/11/2022,6.23475,81.44464,103.4,306.3,6.4,1.524,15.4,0.6,1.56,1,3.22
11/13/2022,6.23475,81.44464,14.9,40.9,3.02,0.136,15.4,0.6,1.56,0,0
11/26/2022,6.23475,81.44464,1.7,9,2.86,-0.084,15.4,0.6,1.56,0,0
5/15/2023,6.23475,81.44464,1,8.4,2.49,-0.152,15.4,0.6,1.56,0,0
5/26/2023,6.23475,81.44464,0.1,9,2.71,-0.039,15.4,0.6,1.56,0,0
11/6/2023,6.23475,81.44464,6.8,18.8,2.68,0.219,15.4,0.6,1.56,0,0
11/21/2023,6.23475,81.44464,6.1,18.5,2.58,-0.126,15.4,0.6,1.56,0,0
11/26/2023,6.23475,81.44464,5.8,16.4,3.25,0.149,15.4,0.6,1.56,0,0
5/11/2024,6.23475,81.44464,2.7,10.8,2.35,0.035,15.4,0.6,1.56,0,0
5/12/2024,6.23475,81.44464,1.7,7.7,2.97,-0.071,15.4,0.6,1.56,0,0
11/8/2024,6.23475,81.44464,0,6.7,2.59,-0.008,15.4,0.6,1.56,0,0
12/15/2024,6.23475,81.44464,3.4,17.1,3.4,0.116,15.4,0.6,1.56,0,0
10/9/2016,8.17179,80.44498,86,252.4,4.21,1.402,24,10.96,1.68,0,0
10/21/2016,8.17179,80.44498,6.6,15.4,1.78,0.046,24,10.96,1.68,0,0
11/16/2016,8.17179,80.44498,75.9,150.7,3.78,1.119,24,10.96,1.68,1,1.85
11/19/2016,8.17179,80.44498,5.7,15.7,2.58,0.193,24,10.96,1.68,0,0
5/21/2017,8.17179,80.44498,0.9,3,0.81,-0.14,24,10.96,1.68,0,0
5/30/2017,8.17179,80.44498,5,20.3,2.32,-0.027,24,10.96,1.68,0,0
11/4/2017,8.17179,80.44498,0.4,1.2,1.48,-0.23,24,10.96,1.68,0,0
11/7/2017,8.17179,80.44498,63.8,148.9,2.99,0.889,24,10.96,1.68,0,0
11/12/2017,8.17179,80.44498,21.8,66,2.47,0.096,24,10.96,1.68,0,0
11/25/2017,8.17179,80.44498,0.1,5.9,1.48,-0.454,24,10.96,1.68,0,0
12/1/2017,8.17179,80.44498,60,157.2,3.07,1.05,24,10.96,1.68,0,0
5/11/2018,8.17179,80.44498,0.1,0.8,1.33,-0.157,24,10.96,1.68,0,0
10/5/2018,8.17179,80.44498,0.3,2.7,1.52,-0.095,24,10.96,1.68,0,0
12/12/2018,8.17179,80.44498,0,1.5,1.22,0.039,24,10.96,1.68,0,0
12/16/2018,8.17179,80.44498,57.2,147.3,3.57,0.75,24,10.96,1.68,1,1.37
12/24/2018,8.17179,80.44498,6.7,35,1.48,-0.018,24,10.96,1.68,0,0
10/6/2019,8.17179,80.44498,0.2,10.9,1.53,-0.155,24,10.96,1.68,0,0
10/26/2019,8.17179,80.44498,12.1,35,2.22,0.131,24,10.96,1.68,0,0
10/29/2019,8.17179,80.44498,0.1,4.8,1.19,-0.131,24,10.96,1.68,0,0
11/29/2019,8.17179,80.44498,67.9,188.6,4.15,1.012,24,10.96,1.68,0,0
11/30/2019,8.17179,80.44498,0.1,1.3,1.42,-0.15,24,10.96,1.68,0,0
10/4/2020,8.17179,80.44498,11.3,39.8,1.44,0.392,24,10.96,1.68,0,0
11/2/2020,8.17179,80.44498,5.5,12.4,1.78,0.03,24,10.96,1.68,0,0
12/12/2020,8.17179,80.44498,43.8,138.3,3.25,0.497,24,10.96,1.68,0,0
5/9/2021,8.17179,80.44498,13.3,45.3,1.95,0.056,24,10.96,1.68,0,0
10/2/2021,8.17179,80.44498,1.6,5,1.62,-0.091,24,10.96,1.68,0,0
10/26/2021,8.17179,80.44498,0.3,3,1.85,0.079,24,10.96,1.68,0,0
12/24/2021,8.17179,80.44498,4.1,11.7,1.1,-0.102,24,10.96,1.68,0,0
5/28/2022,8.17179,80.44498,180.3,340.7,5.76,2.3,24,10.96,1.68,0,0
10/3/2022,8.17179,80.44498,0.1,0.9,1.61,-0.127,24,10.96,1.68,0,0
10/19/2022,8.17179,80.44498,0.9,14.9,2.49,-0.246,24,10.96,1.68,0,0
10/31/2022,8.17179,80.44498,5.3,10.7,1.46,-0.048,24,10.96,1.68,0,0
11/1/2022,8.17179,80.44498,4.2,28,2.03,-0.239,24,10.96,1.68,0,0
11/11/2022,8.17179,80.44498,0.2,0.5,1.79,-0.162,24,10.96,1.68,0,0
11/13/2022,8.17179,80.44498,62.3,189.9,3.66,0.79,24,10.96,1.68,0,0
11/26/2022,8.17179,80.44498,0.4,1.3,1.31,-0.028,24,10.96,1.68,0,0
5/15/2023,8.17179,80.44498,0,1.2,1.54,-0.08,24,10.96,1.68,0,0
5/26/2023,8.17179,80.44498,2.7,8.4,1.74,-0.028,24,10.96,1.68,0,0
11/6/2023,8.17179,80.44498,75.8,192.3,3.96,1.271,24,10.96,1.68,0,0
11/21/2023,8.17179,80.44498,5.5,15.9,1.72,-0.014,24,10.96,1.68,0,0
11/26/2023,8.17179,80.44498,0.6,5.1,1.8,-0.067,24,10.96,1.68,0,0
5/11/2024,8.17179,80.44498,7.4,21.4,1.51,0.133,24,10.96,1.68,0,0
5/12/2024,8.17179,80.44498,5.2,17.1,1.94,0.007,24,10.96,1.68,0,0
11/8/2024,8.17179,80.44498,100.7,272.1,4.91,1.489,24,10.96,1.68,0,0
12/15/2024,8.17179,80.44498,0,2.9,1.77,-0.139,24,10.96,1.68,0,0
10/9/2016,6.83403,81.48014,26.1,64.2,3.7,0.315,9.2,6.67,0.5,0,0
10/21/2016,6.83403,81.48014,120,233.3,5.82,1.486,9.2,6.67,0.5,1,2.87
11/16/2016,6.83403,81.48014,81,201.2,4.76,1.078,9.2,6.67,0.5,1,1.98
11/19/2016,6.83403,81.48014,1.4,4.7,2.82,-0.008,9.2,6.67,0.5,0,0
5/21/2017,6.83403,81.48014,6.6,20.2,2.5,0.014,9.2,6.67,0.5,0,0
5/30/2017,6.83403,81.48014,0.9,21,3.42,0.039,9.2,6.67,0.5,0,0
11/4/2017,6.83403,81.48014,3.3,12.1,2.32,0.182,9.2,6.67,0.5,0,0
11/7/2017,6.83403,81.48014,4.2,13.2,2.47,-0.181,9.2,6.67,0.5,0,0
11/12/2017,6.83403,81.48014,3.1,9.5,2.86,-0.18,9.2,6.67,0.5,0,0
11/25/2017,6.83403,81.48014,60.3,140.7,4.51,0.526,9.2,6.67,0.5,1,1.99
12/1/2017,6.83403,81.48014,6.6,24.8,2.68,-0.148,9.2,6.67,0.5,0,0
5/11/2018,6.83403,81.48014,0.6,10.7,2.62,-0.241,9.2,6.67,0.5,0,0
10/5/2018,6.83403,81.48014,79.3,202.8,5.7,1.038,9.2,6.67,0.5,1,2.26
12/12/2018,6.83403,81.48014,40.1,103.4,3.41,0.343,9.2,6.67,0.5,0,0
12/16/2018,6.83403,81.48014,2.3,12.4,2.76,-0.133,9.2,6.67,0.5,0,0
12/24/2018,6.83403,81.48014,1.2,9,2.61,0.077,9.2,6.67,0.5,0,0
10/6/2019,6.83403,81.48014,32.3,97,3.39,0.558,9.2,6.67,0.5,0,0
10/26/2019,6.83403,81.48014,90,206.5,5.62,1.369,9.2,6.67,0.5,1,1.91
10/29/2019,6.83403,81.48014,2.1,6.4,2.49,0.038,9.2,6.67,0.5,0,0
11/29/2019,6.83403,81.48014,0.2,0.6,2.15,-0.058,9.2,6.67,0.5,0,0
11/30/2019,6.83403,81.48014,196.8,569.2,9.2,2.3,9.2,6.67,0.5,1,3.8
10/4/2020,6.83403,81.48014,0.6,2.7,2.45,0.067,9.2,6.67,0.5,0,0
11/2/2020,6.83403,81.48014,77.3,167,4.3,1.02,9.2,6.67,0.5,1,1.93
12/12/2020,6.83403,81.48014,5.7,11.9,2.59,-0.267,9.2,6.67,0.5,0,0
5/9/2021,6.83403,81.48014,2.5,15.1,2.48,-0.226,9.2,6.67,0.5,0,0
10/2/2021,6.83403,81.48014,0.1,8.5,2.64,-0.226,9.2,6.67,0.5,0,0
10/26/2021,6.83403,81.48014,0.1,1.1,2.22,-0.167,9.2,6.67,0.5,0,0
12/24/2021,6.83403,81.48014,13.6,33.2,3.12,-0.277,9.2,6.67,0.5,0,0
5/28/2022,6.83403,81.48014,113,207.7,4.56,1.46,9.2,6.67,0.5,1,2.32
10/3/2022,6.83403,81.48014,0.4,5.7,2.79,-0.196,9.2,6.67,0.5,0,0
10/19/2022,6.83403,81.48014,6.1,13.4,2.64,-0.011,9.2,6.67,0.5,0,0
10/31/2022,6.83403,81.48014,75.1,154.9,4.45,0.882,9.2,6.67,0.5,0,0
11/1/2022,6.83403,81.48014,0,1.6,2.77,-0.11,9.2,6.67,0.5,0,0
11/11/2022,6.83403,81.48014,1.4,4.8,3.05,-0.269,9.2,6.67,0.5,0,0
11/13/2022,6.83403,81.48014,87,228.5,5.2,1.321,9.2,6.67,0.5,1,2.24
11/26/2022,6.83403,81.48014,6.3,14.8,3.05,-0.123,9.2,6.67,0.5,0,0
5/15/2023,6.83403,81.48014,14.5,60.6,3.54,0.118,9.2,6.67,0.5,0,0
5/26/2023,6.83403,81.48014,0.1,0.9,2.4,0.1,9.2,6.67,0.5,0,0
11/6/2023,6.83403,81.48014,80,221.8,5.13,1.13,9.2,6.67,0.5,1,2.38
11/21/2023,6.83403,81.48014,16.5,53.8,2.38,0.304,9.2,6.67,0.5,0,0
11/26/2023,6.83403,81.48014,3.7,8.2,2.89,-0.209,9.2,6.67,0.5,0,0
5/11/2024,6.83403,81.48014,0.3,2.6,2.73,-0.252,9.2,6.67,0.5,0,0
5/12/2024,6.83403,81.48014,3,11.7,2.45,-0.311,9.2,6.67,0.5,0,0
11/8/2024,6.83403,81.48014,60.8,111.1,4.49,0.48,9.2,6.67,0.5,0,0
12/15/2024,6.83403,81.48014,10.3,23.1,2.9,0.098,9.2,6.67,0.5,0,0
10/9/2016,6.48495,81.37963,6.5,15.6,2.7,-0.096,18.5,0.1,4.43,0,0
10/21/2016,6.48495,81.37963,0.5,1.3,1.83,-0.088,18.5,0.1,4.43,0,0
11/16/2016,6.48495,81.37963,0,3,2.38,-0.061,18.5,0.1,4.43,1,0.27
11/19/2016,6.48495,81.37963,1.3,10.4,2.06,0.037,18.5,0.1,4.43,0,0
5/21/2017,6.48495,81.37963,6.3,16,2.37,-0.242,18.5,0.1,4.43,0,0
5/30/2017,6.48495,81.37963,4.1,11.8,2.36,-0.055,18.5,0.1,4.43,0,0
11/4/2017,6.48495,81.37963,55.1,165.5,3.7,0.666,18.5,0.1,4.43,1,1.69
11/7/2017,6.48495,81.37963,15.4,35.7,2.59,0.07,18.5,0.1,4.43,0,0
11/12/2017,6.48495,81.37963,4.2,30.5,2.29,-0.032,18.5,0.1,4.43,0,0
11/25/2017,6.48495,81.37963,92.7,225.1,5.3,1.265,18.5,0.1,4.43,1,2.45
12/1/2017,6.48495,81.37963,1,4.6,2.45,0.173,18.5,0.1,4.43,0,0
5/11/2018,6.48495,81.37963,61,152.2,3.76,0.849,18.5,0.1,4.43,0,0
10/5/2018,6.48495,81.37963,42.9,126.8,3.88,0.631,18.5,0.1,4.43,0,0
12/12/2018,6.48495,81.37963,70.2,223.8,5.11,1.141,18.5,0.1,4.43,0,0
12/16/2018,6.48495,81.37963,0.1,8.2,2.32,-0.008,18.5,0.1,4.43,0,0
12/24/2018,6.48495,81.37963,16.2,64.4,3.18,0.18,18.5,0.1,4.43,0,0
10/6/2019,6.48495,81.37963,53.3,124.5,4.31,0.849,18.5,0.1,4.43,0,0
10/26/2019,6.48495,81.37963,93.4,243.9,5.64,1.383,18.5,0.1,4.43,0,0
10/29/2019,6.48495,81.37963,63.3,119.2,3.88,0.818,18.5,0.1,4.43,0,0
11/29/2019,6.48495,81.37963,34.8,111.5,4.05,0.263,18.5,0.1,4.43,0,0
11/30/2019,6.48495,81.37963,0.1,9.9,2.46,-0.305,18.5,0.1,4.43,0,0
10/4/2020,6.48495,81.37963,0.3,2.8,2.62,-0.3,18.5,0.1,4.43,0,0
11/2/2020,6.48495,81.37963,0.9,2.7,2.3,-0.106,18.5,0.1,4.43,0,0
12/12/2020,6.48495,81.37963,0.1,5.1,2.49,-0.219,18.5,0.1,4.43,0,0
5/9/2021,6.48495,81.37963,0.3,4.6,2.68,-0.29,18.5,0.1,4.43,0,0
10/2/2021,6.48495,81.37963,3.8,12.9,2.51,-0.079,18.5,0.1,4.43,0,0
10/26/2021,6.48495,81.37963,3.3,12,2.8,-0.086,18.5,0.1,4.43,0,0
12/24/2021,6.48495,81.37963,0.6,5.1,2.49,-0.127,18.5,0.1,4.43,0,0
5/28/2022,6.48495,81.37963,39.5,110.4,3.49,0.539,18.5,0.1,4.43,1,1.77
10/3/2022,6.48495,81.37963,0.1,9.4,2.92,-0.118,18.5,0.1,4.43,0,0
10/19/2022,6.48495,81.37963,2.2,11.5,2.85,0.108,18.5,0.1,4.43,0,0
10/31/2022,6.48495,81.37963,0.7,6.5,3.11,0.02,18.5,0.1,4.43,0,0
11/1/2022,6.48495,81.37963,68.4,175.6,4.3,1.078,18.5,0.1,4.43,1,1.8
11/11/2022,6.48495,81.37963,6,21.2,2.63,-0.123,18.5,0.1,4.43,0,0
11/13/2022,6.48495,81.37963,5.8,15.7,2.91,0.075,18.5,0.1,4.43,0,0
11/26/2022,6.48495,81.37963,0.5,1.3,2.59,-0.422,18.5,0.1,4.43,0,0
5/15/2023,6.48495,81.37963,6.7,20.5,2.73,0.031,18.5,0.1,4.43,0,0
5/26/2023,6.48495,81.37963,0.6,2,2.89,-0.038,18.5,0.1,4.43,0,0
11/6/2023,6.48495,81.37963,3.3,14.7,2.39,0.164,18.5,0.1,4.43,0,0
11/21/2023,6.48495,81.37963,76.9,166.5,4.26,0.939,18.5,0.1,4.43,0,0
11/26/2023,6.48495,81.37963,5.8,13.7,3.08,-0.144,18.5,0.1,4.43,0,0
5/11/2024,6.48495,81.37963,4.9,16.5,2.27,-0.296,18.5,0.1,4.43,0,0
5/12/2024,6.48495,81.37963,0,0.2,2.27,-0.279,18.5,0.1,4.43,0,0
11/8/2024,6.48495,81.37963,5.6,14.1,2.23,-0.111,18.5,0.1,4.43,0,0
12/15/2024,6.48495,81.37963,0.1,1,2.35,-0.13,18.5,0.1,4.43,0,0
10/9/2016,6.10602,80.10242,27.5,58.5,2.52,0.111,65.9,3.67,3.31,0,0
10/21/2016,6.10602,80.10242,42.1,109.3,3.33,0.522,65.9,3.67,3.31,0,0
11/16/2016,6.10602,80.10242,4,13.6,2.1,-0.086,65.9,3.67,3.31,0,0
11/19/2016,6.10602,80.10242,37.8,102,2.95,0.453,65.9,3.67,3.31,0,0
5/21/2017,6.10602,80.10242,46.9,118.9,3.24,0.623,65.9,3.67,3.31,0,0
5/30/2017,6.10602,80.10242,2,4.7,1.88,-0.004,65.9,3.67,3.31,0,0
11/4/2017,6.10602,80.10242,22.6,55.3,2.09,0.265,65.9,3.67,3.31,0,0
11/7/2017,6.10602,80.10242,5.3,16.1,2.13,0.059,65.9,3.67,3.31,0,0
11/12/2017,6.10602,80.10242,0.3,1.8,1.7,-0.151,65.9,3.67,3.31,0,0
11/25/2017,6.10602,80.10242,1.9,7,1.97,-0.216,65.9,3.67,3.31,0,0
12/1/2017,6.10602,80.10242,15.8,41.9,1.96,0.158,65.9,3.67,3.31,0,0
5/11/2018,6.10602,80.10242,107.2,264.4,5.04,1.628,65.9,3.67,3.31,1,1.71
10/5/2018,6.10602,80.10242,0.5,12.8,1.86,-0.02,65.9,3.67,3.31,0,0
12/12/2018,6.10602,80.10242,0.1,4.1,2.02,-0.167,65.9,3.67,3.31,0,0
12/16/2018,6.10602,80.10242,0.4,27.5,1.97,-0.172,65.9,3.67,3.31,0,0
12/24/2018,6.10602,80.10242,46.8,106.3,3.24,0.52,65.9,3.67,3.31,0,0
10/6/2019,6.10602,80.10242,4.2,16.8,1.56,0.106,65.9,3.67,3.31,0,0
10/26/2019,6.10602,80.10242,1,5.2,1.95,-0.09,65.9,3.67,3.31,0,0
10/29/2019,6.10602,80.10242,6.6,14.8,1.62,-0.103,65.9,3.67,3.31,0,0
11/29/2019,6.10602,80.10242,16.7,37,1.95,-0.047,65.9,3.67,3.31,0,0
11/30/2019,6.10602,80.10242,23.2,63.6,2.22,0.305,65.9,3.67,3.31,0,0
10/4/2020,6.10602,80.10242,1.6,17.5,2.26,-0.122,65.9,3.67,3.31,0,0
11/2/2020,6.10602,80.10242,0.3,5,2.4,-0.14,65.9,3.67,3.31,0,0
12/12/2020,6.10602,80.10242,6.1,16.9,2.29,-0.219,65.9,3.67,3.31,0,0
5/9/2021,6.10602,80.10242,104.6,278.1,5.15,1.588,65.9,3.67,3.31,1,1.86
10/2/2021,6.10602,80.10242,0.9,5.3,1.8,-0.104,65.9,3.67,3.31,0,0
10/26/2021,6.10602,80.10242,5.9,18,1.19,-0.083,65.9,3.67,3.31,0,0
12/24/2021,6.10602,80.10242,0,0.5,1.22,-0.155,65.9,3.67,3.31,0,0
5/28/2022,6.10602,80.10242,7.2,22.6,2.43,0.075,65.9,3.67,3.31,0,0
10/3/2022,6.10602,80.10242,4.4,18,2.12,0.019,65.9,3.67,3.31,0,0
10/19/2022,6.10602,80.10242,5.2,12.1,2.48,-0.074,65.9,3.67,3.31,0,0
10/31/2022,6.10602,80.10242,0.2,2.8,1.8,0.079,65.9,3.67,3.31,0,0
11/1/2022,6.10602,80.10242,1.9,9.8,1.1,-0.15,65.9,3.67,3.31,0,0
11/11/2022,6.10602,80.10242,127.6,335.7,5.6,1.751,65.9,3.67,3.31,1,2.48
11/13/2022,6.10602,80.10242,1.5,4.6,1.92,-0.07,65.9,3.67,3.31,0,0
11/26/2022,6.10602,80.10242,2.3,5.2,2.07,-0.232,65.9,3.67,3.31,0,0
5/15/2023,6.10602,80.10242,3.2,11,2.33,0.122,65.9,3.67,3.31,0,0
5/26/2023,6.10602,80.10242,1.3,5.8,1.81,0.029,65.9,3.67,3.31,0,0
11/6/2023,6.10602,80.10242,19.4,52.3,3.28,0.022,65.9,3.67,3.31,0,0
11/21/2023,6.10602,80.10242,57.2,123.6,3.03,0.674,65.9,3.67,3.31,0,0
11/26/2023,6.10602,80.10242,3.3,11.6,2.06,-0.192,65.9,3.67,3.31,0,0
5/11/2024,6.10602,80.10242,1,6.1,1.72,-0.221,65.9,3.67,3.31,0,0
5/12/2024,6.10602,80.10242,2.4,11.9,2.81,-0.118,65.9,3.67,3.31,0,0
11/8/2024,6.10602,80.10242,9.1,37.2,2.62,0.037,65.9,3.67,3.31,0,0
12/15/2024,6.10602,80.10242,0.1,2.2,1.34,-0.206,65.9,3.67,3.31,0,0
10/9/2016,7.53632,79.87485,182.7,504.3,7.3,2.3,20.5,6.36,0.7,1,3.8
10/21/2016,7.53632,79.87485,172.2,387.7,6.59,2.3,20.5,6.36,0.7,1,3.51
11/16/2016,7.53632,79.87485,25.9,89.8,3.36,0.069,20.5,6.36,0.7,1,1.45
11/19/2016,7.53632,79.87485,8.5,24.9,1.57,-0.046,20.5,6.36,0.7,0,0
5/21/2017,7.53632,79.87485,49.4,120.7,2.6,0.661,20.5,6.36,0.7,0,0
5/30/2017,7.53632,79.87485,0.7,2.4,1.15,-0.186,20.5,6.36,0.7,0,0
11/4/2017,7.53632,79.87485,94.9,220.7,4.36,1.492,20.5,6.36,0.7,1,2.2
11/7/2017,7.53632,79.87485,4.6,13.8,2.02,0.028,20.5,6.36,0.7,0,0
11/12/2017,7.53632,79.87485,1,5.1,1.51,-0.083,20.5,6.36,0.7,0,0
11/25/2017,7.53632,79.87485,157.2,368.2,6.04,2.3,20.5,6.36,0.7,1,3.33
12/1/2017,7.53632,79.87485,1.4,6.5,1.8,0.04,20.5,6.36,0.7,0,0
5/11/2018,7.53632,79.87485,72.2,182.1,3.36,0.963,20.5,6.36,0.7,0,0
10/5/2018,7.53632,79.87485,0,0.5,2.29,-0.005,20.5,6.36,0.7,0,0
12/12/2018,7.53632,79.87485,100.9,241.1,4.74,1.314,20.5,6.36,0.7,1,2.36
12/16/2018,7.53632,79.87485,2.7,8.9,1.79,-0.396,20.5,6.36,0.7,0,0
12/24/2018,7.53632,79.87485,8.9,28,1.9,0.061,20.5,6.36,0.7,0,0
10/6/2019,7.53632,79.87485,2.8,9.8,1.54,-0.056,20.5,6.36,0.7,0,0
10/26/2019,7.53632,79.87485,0.2,3.7,1.71,0.125,20.5,6.36,0.7,0,0
10/29/2019,7.53632,79.87485,142.5,410,6.48,2.223,20.5,6.36,0.7,1,3.49
11/29/2019,7.53632,79.87485,6,15.1,1.57,-0.063,20.5,6.36,0.7,0,0
11/30/2019,7.53632,79.87485,10.2,29.5,1.94,0.228,20.5,6.36,0.7,0,0
10/4/2020,7.53632,79.87485,6.7,18.3,1.26,0.207,20.5,6.36,0.7,0,0
11/2/2020,7.53632,79.87485,2.6,8.6,1.86,-0.179,20.5,6.36,0.7,0,0
12/12/2020,7.53632,79.87485,0.2,8.6,1.95,-0.171,20.5,6.36,0.7,0,0
5/9/2021,7.53632,79.87485,1.8,4.4,0.69,-0.226,20.5,6.36,0.7,0,0
10/2/2021,7.53632,79.87485,2.5,7.4,2.45,-0.176,20.5,6.36,0.7,0,0
10/26/2021,7.53632,79.87485,163.9,396,6.53,2.27,20.5,6.36,0.7,1,3.78
12/24/2021,7.53632,79.87485,1.8,15.8,1.4,-0.125,20.5,6.36,0.7,0,0
5/28/2022,7.53632,79.87485,0,0.5,1.27,-0.149,20.5,6.36,0.7,0,0
10/3/2022,7.53632,79.87485,9.9,36.1,2.08,-0.176,20.5,6.36,0.7,0,0
10/19/2022,7.53632,79.87485,0.5,7.4,2.16,-0.156,20.5,6.36,0.7,0,0
10/31/2022,7.53632,79.87485,0.4,1.7,1.38,-0.271,20.5,6.36,0.7,0,0
11/1/2022,7.53632,79.87485,3.2,7.9,1.65,-0.084,20.5,6.36,0.7,0,0
11/11/2022,7.53632,79.87485,5.1,17.9,1.48,0.142,20.5,6.36,0.7,0,0
11/13/2022,7.53632,79.87485,98.2,210.3,4.28,1.232,20.5,6.36,0.7,1,1.53
11/26/2022,7.53632,79.87485,103.3,324.3,5.52,1.833,20.5,6.36,0.7,1,2.8
5/15/2023,7.53632,79.87485,23.4,58.8,2.32,0.192,20.5,6.36,0.7,0,0
5/26/2023,7.53632,79.87485,0.5,5.8,1.27,-0.167,20.5,6.36,0.7,0,0
11/6/2023,7.53632,79.87485,0,1.9,1.46,-0.27,20.5,6.36,0.7,0,0
11/21/2023,7.53632,79.87485,21.4,59,2.82,0.403,20.5,6.36,0.7,0,0
11/26/2023,7.53632,79.87485,20.9,60,2.9,0.26,20.5,6.36,0.7,0,0
5/11/2024,7.53632,79.87485,1,12.1,1.91,-0.116,20.5,6.36,0.7,0,0
5/12/2024,7.53632,79.87485,5.2,12.6,1.8,0.016,20.5,6.36,0.7,0,0
11/8/2024,7.53632,79.87485,0.2,4.9,0.86,-0.149,20.5,6.36,0.7,0,0
12/15/2024,7.53632,79.87485,1.6,7.3,1.67,-0.274,20.5,6.36,0.7,0,0
10/9/2016,7.76167,79.9314,3.9,11.1,2.25,-0.147,28.4,0.51,0.24,0,0
10/21/2016,7.76167,79.9314,2.7,5.8,2.08,0.029,28.4,0.51,0.24,0,0
11/16/2016,7.76167,79.9314,2.4,6.8,2.59,-0.073,28.4,0.51,0.24,0,0
11/19/2016,7.76167,79.9314,0,1.6,2.64,-0.078,28.4,0.51,0.24,0,0
5/21/2017,7.76167,79.9314,0.4,3.1,2.24,0.206,28.4,0.51,0.24,0,0
5/30/2017,7.76167,79.9314,42,109.1,3.78,0.526,28.4,0.51,0.24,0,0
11/4/2017,7.76167,79.9314,0.5,1.3,2.77,0.101,28.4,0.51,0.24,0,0
11/7/2017,7.76167,79.9314,1.5,5.6,2.58,0.029,28.4,0.51,0.24,0,0
11/12/2017,7.76167,79.9314,1.7,5.4,2.25,-0.024,28.4,0.51,0.24,0,0
11/25/2017,7.76167,79.9314,1,11.8,2.26,-0.003,28.4,0.51,0.24,0,0
12/1/2017,7.76167,79.9314,12,22.8,2.68,-0.221,28.4,0.51,0.24,0,0
5/11/2018,7.76167,79.9314,0.3,10,2.67,-0.365,28.4,0.51,0.24,0,0
10/5/2018,7.76167,79.9314,1.1,7.9,2.15,-0.265,28.4,0.51,0.24,0,0
12/12/2018,7.76167,79.9314,7.8,33.5,3.24,0.054,28.4,0.51,0.24,0,0
12/16/2018,7.76167,79.9314,31.2,100.8,3.81,0.574,28.4,0.51,0.24,0,0
12/24/2018,7.76167,79.9314,0.3,3.7,2.03,-0.077,28.4,0.51,0.24,0,0
10/6/2019,7.76167,79.9314,71.9,163.9,4.07,0.781,28.4,0.51,0.24,0,0
10/26/2019,7.76167,79.9314,3.7,10.3,2.36,-0.271,28.4,0.51,0.24,0,0
10/29/2019,7.76167,79.9314,0.7,10.2,1.68,-0.265,28.4,0.51,0.24,0,0
11/29/2019,7.76167,79.9314,1.4,12.7,2.44,0.142,28.4,0.51,0.24,0,0
11/30/2019,7.76167,79.9314,0.7,2.6,2.4,-0.313,28.4,0.51,0.24,0,0
10/4/2020,7.76167,79.9314,1.2,4.4,1.96,0.08,28.4,0.51,0.24,0,0
11/2/2020,7.76167,79.9314,24.9,52.6,2.96,0.301,28.4,0.51,0.24,0,0
12/12/2020,7.76167,79.9314,1.7,7.7,2.75,0.004,28.4,0.51,0.24,0,0
5/9/2021,7.76167,79.9314,31.6,80,3.62,0.372,28.4,0.51,0.24,0,0
10/2/2021,7.76167,79.9314,82,172.8,4.13,1.144,28.4,0.51,0.24,0,0
10/26/2021,7.76167,79.9314,52.2,123.5,4.15,0.6,28.4,0.51,0.24,0,0
12/24/2021,7.76167,79.9314,2.8,4.9,2.67,-0.192,28.4,0.51,0.24,0,0
5/28/2022,7.76167,79.9314,3.7,12,2.36,-0.098,28.4,0.51,0.24,0,0
10/3/2022,7.76167,79.9314,60.8,148,4.02,0.859,28.4,0.51,0.24,0,0
10/19/2022,7.76167,79.9314,0.7,5.9,2.88,-0.426,28.4,0.51,0.24,0,0
10/31/2022,7.76167,79.9314,5.6,16.8,2.2,-0.117,28.4,0.51,0.24,0,0
11/1/2022,7.76167,79.9314,2.2,7.8,2.54,-0.072,28.4,0.51,0.24,0,0
11/11/2022,7.76167,79.9314,1.6,5.4,2.59,-0.073,28.4,0.51,0.24,0,0
11/13/2022,7.76167,79.9314,0,2.8,2.44,-0.135,28.4,0.51,0.24,0,0
11/26/2022,7.76167,79.9314,3.3,11.2,2.59,-0.142,28.4,0.51,0.24,0,0
5/15/2023,7.76167,79.9314,2.5,13.1,3,-0.168,28.4,0.51,0.24,0,0
5/26/2023,7.76167,79.9314,0.5,1.5,2.02,-0.132,28.4,0.51,0.24,0,0
11/6/2023,7.76167,79.9314,15.3,36.4,2.72,-0.03,28.4,0.51,0.24,0,0
11/21/2023,7.76167,79.9314,98.7,189.7,4.24,0.997,28.4,0.51,0.24,1,1.67
11/26/2023,7.76167,79.9314,70.5,156.6,4.67,0.95,28.4,0.51,0.24,0,0
5/11/2024,7.76167,79.9314,15.9,41.2,2.69,-0.133,28.4,0.51,0.24,0,0
5/12/2024,7.76167,79.9314,0.3,1.3,2.56,-0.139,28.4,0.51,0.24,0,0
11/8/2024,7.76167,79.9314,0.8,10.8,2.73,-0.008,28.4,0.51,0.24,0,0
12/15/2024,7.76167,79.9314,11.6,36.9,2.68,-0.016,28.4,0.51,0.24,0,0
10/9/2016,6.04313,79.7828,115.6,281.5,6.22,1.614,33.6,2.19,3.19,0,0
10/21/2016,6.04313,79.7828,14,42.6,3.12,0.311,33.6,2.19,3.19,0,0
11/16/2016,6.04313,79.7828,8.1,19.8,3.44,0.142,33.6,2.19,3.19,0,0
11/19/2016,6.04313,79.7828,54.3,126.3,4.43,0.901,33.6,2.19,3.19,0,0
5/21/2017,6.04313,79.7828,1.9,14.3,2.58,-0.118,33.6,2.19,3.19,0,0
5/30/2017,6.04313,79.7828,2.2,4.6,1.76,0.101,33.6,2.19,3.19,0,0
11/4/2017,6.04313,79.7828,0.4,2.6,2.85,-0.133,33.6,2.19,3.19,0,0
11/7/2017,6.04313,79.7828,0.2,1.9,3.01,-0.048,33.6,2.19,3.19,0,0
11/12/2017,6.04313,79.7828,117.5,285.4,6.13,1.75,33.6,2.19,3.19,1,2.37
11/25/2017,6.04313,79.7828,0,5.4,2.37,0.14,33.6,2.19,3.19,0,0
12/1/2017,6.04313,79.7828,39.7,95.2,3.49,0.562,33.6,2.19,3.19,0,0
5/11/2018,6.04313,79.7828,4.9,13.3,2.64,-0.115,33.6,2.19,3.19,0,0
10/5/2018,6.04313,79.7828,35.3,85.9,4.25,0.483,33.6,2.19,3.19,0,0
12/12/2018,6.04313,79.7828,13.9,37.3,1.8,0.355,33.6,2.19,3.19,0,0
12/16/2018,6.04313,79.7828,7.9,25.1,2.59,0.101,33.6,2.19,3.19,0,0
12/24/2018,6.04313,79.7828,116.6,325.3,6.34,1.761,33.6,2.19,3.19,1,3.14
10/6/2019,6.04313,79.7828,1.4,3.5,2.91,-0.121,33.6,2.19,3.19,0,0
10/26/2019,6.04313,79.7828,0.5,1.7,2.55,-0.248,33.6,2.19,3.19,0,0
10/29/2019,6.04313,79.7828,0.6,10.6,2.1,-0.141,33.6,2.19,3.19,0,0
11/29/2019,6.04313,79.7828,224.8,482.7,8.33,2.3,33.6,2.19,3.19,0,0
11/30/2019,6.04313,79.7828,10.9,28.4,2.82,0.17,33.6,2.19,3.19,0,0
10/4/2020,6.04313,79.7828,0.1,7.6,2.79,0.04,33.6,2.19,3.19,0,0
11/2/2020,6.04313,79.7828,28.7,66.7,3.95,0.306,33.6,2.19,3.19,0,0
12/12/2020,6.04313,79.7828,14.8,43.8,2.62,-0.081,33.6,2.19,3.19,0,0
5/9/2021,6.04313,79.7828,70.3,170.4,5.07,0.859,33.6,2.19,3.19,0,0
10/2/2021,6.04313,79.7828,0.2,21,2.31,-0.193,33.6,2.19,3.19,0,0
10/26/2021,6.04313,79.7828,10.2,30.6,3.43,0.006,33.6,2.19,3.19,0,0
12/24/2021,6.04313,79.7828,9.1,64.4,3.12,0.125,33.6,2.19,3.19,0,0
5/28/2022,6.04313,79.7828,1.9,11.3,2.31,0.175,33.6,2.19,3.19,0,0
10/3/2022,6.04313,79.7828,57.6,164.5,4.67,0.85,33.6,2.19,3.19,0,0
10/19/2022,6.04313,79.7828,3.2,7.2,2.99,-0.057,33.6,2.19,3.19,0,0
10/31/2022,6.04313,79.7828,87.1,237.3,6,1.454,33.6,2.19,3.19,1,2.44
11/1/2022,6.04313,79.7828,123.6,334.4,6.54,2.035,33.6,2.19,3.19,0,0
11/11/2022,6.04313,79.7828,0.5,5.6,2.76,-0.296,33.6,2.19,3.19,0,0
11/13/2022,6.04313,79.7828,16.8,39.5,2.79,0.045,33.6,2.19,3.19,0,0
11/26/2022,6.04313,79.7828,3.9,11.3,2.43,-0.242,33.6,2.19,3.19,0,0
5/15/2023,6.04313,79.7828,0.4,5,2.23,0.049,33.6,2.19,3.19,0,0
5/26/2023,6.04313,79.7828,7.7,32.1,3.65,0.146,33.6,2.19,3.19,0,0
11/6/2023,6.04313,79.7828,2.1,8.6,2.88,-0.309,33.6,2.19,3.19,0,0
11/21/2023,6.04313,79.7828,7.9,19.3,2.47,-0.116,33.6,2.19,3.19,0,0
11/26/2023,6.04313,79.7828,0,0.7,2.23,-0.276,33.6,2.19,3.19,0,0
5/11/2024,6.04313,79.7828,4.5,27.2,2.96,0.112,33.6,2.19,3.19,0,0
5/12/2024,6.04313,79.7828,32,89.9,3.77,0.341,33.6,2.19,3.19,0,0
11/8/2024,6.04313,79.7828,0,2.3,3.32,-0.138,33.6,2.19,3.19,0,0
12/15/2024,6.04313,79.7828,1,3.2,2.84,-0.205,33.6,2.19,3.19,0,0
10/9/2016,7.33144,79.92,3.4,12.2,1.42,-0.024,8.2,5.68,2.98,0,0
10/21/2016,7.33144,79.92,10.1,22.8,1.94,0.053,8.2,5.68,2.98,0,0
11/16/2016,7.33144,79.92,12.6,22.8,1.3,-0.167,8.2,5.68,2.98,0,0
11/19/2016,7.33144,79.92,1.1,6.6,1.17,0.041,8.2,5.68,2.98,0,0
5/21/2017,7.33144,79.92,30.9,76.9,2.07,0.193,8.2,5.68,2.98,0,0
5/30/2017,7.33144,79.92,2.6,8.2,1.32,0.006,8.2,5.68,2.98,0,0
11/4/2017,7.33144,79.92,5.4,13.3,1.16,-0.103,8.2,5.68,2.98,0,0
11/7/2017,7.33144,79.92,7,14.9,1.17,-0.102,8.2,5.68,2.98,0,0
11/12/2017,7.33144,79.92,3.8,10.5,1.11,0.021,8.2,5.68,2.98,0,0
11/25/2017,7.33144,79.92,0.4,2.3,1.51,-0.064,8.2,5.68,2.98,0,0
12/1/2017,7.33144,79.92,3.1,12.4,1.15,0.014,8.2,5.68,2.98,0,0
5/11/2018,7.33144,79.92,4,17.3,1.84,-0.107,8.2,5.68,2.98,0,0
10/5/2018,7.33144,79.92,1.6,8.1,1.3,-0.26,8.2,5.68,2.98,0,0
12/12/2018,7.33144,79.92,15,37.5,1.34,0.254,8.2,5.68,2.98,0,0
12/16/2018,7.33144,79.92,59.2,165,3,0.919,8.2,5.68,2.98,1,1.16
12/24/2018,7.33144,79.92,2.4,5.3,1.16,0.027,8.2,5.68,2.98,0,0
10/6/2019,7.33144,79.92,3.4,8.5,1.01,0.065,8.2,5.68,2.98,0,0
10/26/2019,7.33144,79.92,3.9,12.1,1.03,-0.091,8.2,5.68,2.98,0,0
10/29/2019,7.33144,79.92,1,3,1.96,0.131,8.2,5.68,2.98,0,0
11/29/2019,7.33144,79.92,11.2,40.5,2.08,0.074,8.2,5.68,2.98,0,0
11/30/2019,7.33144,79.92,1.1,5.9,1.41,-0.176,8.2,5.68,2.98,0,0
10/4/2020,7.33144,79.92,0.9,4.3,1.07,-0.079,8.2,5.68,2.98,0,0
11/2/2020,7.33144,79.92,92.4,298.4,4.46,1.265,8.2,5.68,2.98,1,2.62
12/12/2020,7.33144,79.92,0.6,4.4,1.59,-0.219,8.2,5.68,2.98,0,0
5/9/2021,7.33144,79.92,0,0.9,1.84,-0.24,8.2,5.68,2.98,0,0
10/2/2021,7.33144,79.92,3.4,16.1,1.43,-0.061,8.2,5.68,2.98,0,0
10/26/2021,7.33144,79.92,93.8,273.8,4.23,1.659,8.2,5.68,2.98,1,2.41
12/24/2021,7.33144,79.92,0,0.1,0.88,0.006,8.2,5.68,2.98,0,0
5/28/2022,7.33144,79.92,55.9,148.7,2.73,0.956,8.2,5.68,2.98,0,0
10/3/2022,7.33144,79.92,87.9,211.4,4.42,1.288,8.2,5.68,2.98,1,2.05
10/19/2022,7.33144,79.92,36.4,113.8,2.58,0.564,8.2,5.68,2.98,0,0
10/31/2022,7.33144,79.92,6.6,16.4,1.14,-0.045,8.2,5.68,2.98,0,0
11/1/2022,7.33144,79.92,16,50.7,1.67,0.243,8.2,5.68,2.98,0,0
11/11/2022,7.33144,79.92,5.1,25.7,1.81,0.022,8.2,5.68,2.98,0,0
11/13/2022,7.33144,79.92,73.5,188.4,3.35,0.929,8.2,5.68,2.98,1,1.67
11/26/2022,7.33144,79.92,68.5,185.3,3.38,0.956,8.2,5.68,2.98,0,0
5/15/2023,7.33144,79.92,0,0.1,0.47,-0.198,8.2,5.68,2.98,0,0
5/26/2023,7.33144,79.92,0.2,0.8,1.53,-0.256,8.2,5.68,2.98,0,0
11/6/2023,7.33144,79.92,1.6,9.1,1.86,-0.075,8.2,5.68,2.98,0,0
11/21/2023,7.33144,79.92,0.2,1.5,1.13,-0.002,8.2,5.68,2.98,1,0.41
11/26/2023,7.33144,79.92,10.2,31,1.74,0.186,8.2,5.68,2.98,0,0
5/11/2024,7.33144,79.92,108.8,256.2,3.95,1.545,8.2,5.68,2.98,1,2.4
5/12/2024,7.33144,79.92,4.1,12.1,1.09,-0.083,8.2,5.68,2.98,0,0
11/8/2024,7.33144,79.92,21.6,56.3,1.82,0.132,8.2,5.68,2.98,0,0
12/15/2024,7.33144,79.92,3.4,9.5,0.64,-0.176,8.2,5.68,2.98,0,0
10/9/2016,6.58889,80.97941,36.3,106.1,3.26,0.515,23.7,0.09,0.89,0,0
10/21/2016,6.58889,80.97941,38.3,101.9,2.46,0.469,23.7,0.09,0.89,0,0
11/16/2016,6.58889,80.97941,2,7,2.7,-0.126,23.7,0.09,0.89,0,0
11/19/2016,6.58889,80.97941,27.6,75.1,2.36,0.456,23.7,0.09,0.89,1,0.68
5/21/2017,6.58889,80.97941,0.4,1.4,1.26,-0.097,23.7,0.09,0.89,0,0
5/30/2017,6.58889,80.97941,0.8,2.3,1.83,0.073,23.7,0.09,0.89,0,0
11/4/2017,6.58889,80.97941,4.2,13.4,1.96,0.059,23.7,0.09,0.89,0,0
11/7/2017,6.58889,80.97941,75.9,204.4,4.55,1.001,23.7,0.09,0.89,0,0
11/12/2017,6.58889,80.97941,0,2.1,1.26,-0.334,23.7,0.09,0.89,0,0
11/25/2017,6.58889,80.97941,0,2.8,1.93,-0.051,23.7,0.09,0.89,0,0
12/1/2017,6.58889,80.97941,16.1,40.4,2.41,0.195,23.7,0.09,0.89,0,0
5/11/2018,6.58889,80.97941,1,2.3,1.49,-0.153,23.7,0.09,0.89,0,0
10/5/2018,6.58889,80.97941,5.1,14.2,1.79,0.031,23.7,0.09,0.89,0,0
12/12/2018,6.58889,80.97941,1,3.8,1.59,-0.38,23.7,0.09,0.89,0,0
12/16/2018,6.58889,80.97941,0.6,11.2,1.96,-0.389,23.7,0.09,0.89,0,0
12/24/2018,6.58889,80.97941,2.7,10,1.83,-0.258,23.7,0.09,0.89,0,0
10/6/2019,6.58889,80.97941,10,44.6,2.76,0.274,23.7,0.09,0.89,0,0
10/26/2019,6.58889,80.97941,101.4,239.6,4.35,1.476,23.7,0.09,0.89,1,2.3
10/29/2019,6.58889,80.97941,0.4,3.4,2,-0.115,23.7,0.09,0.89,0,0
11/29/2019,6.58889,80.97941,6.9,18.8,1.82,0.043,23.7,0.09,0.89,0,0
11/30/2019,6.58889,80.97941,4.1,29.8,1.93,-0.197,23.7,0.09,0.89,0,0
10/4/2020,6.58889,80.97941,0.6,6,1.57,-0.123,23.7,0.09,0.89,0,0
11/2/2020,6.58889,80.97941,0.3,1.2,2.09,-0.145,23.7,0.09,0.89,0,0
12/12/2020,6.58889,80.97941,0.7,2.9,2.21,-0.044,23.7,0.09,0.89,0,0
5/9/2021,6.58889,80.97941,0.9,16.9,2.16,0.112,23.7,0.09,0.89,0,0
10/2/2021,6.58889,80.97941,119.1,275.5,4.99,1.671,23.7,0.09,0.89,1,2.68
10/26/2021,6.58889,80.97941,54.7,164.6,3.74,0.762,23.7,0.09,0.89,0,0
12/24/2021,6.58889,80.97941,136.9,395.7,6.57,2.07,23.7,0.09,0.89,1,3.67
5/28/2022,6.58889,80.97941,0.8,3.5,2.03,-0.127,23.7,0.09,0.89,0,0
10/3/2022,6.58889,80.97941,3.2,12.4,1.24,0.119,23.7,0.09,0.89,0,0
10/19/2022,6.58889,80.97941,0.4,6.5,1.52,-0.071,23.7,0.09,0.89,0,0
10/31/2022,6.58889,80.97941,78.8,242.3,4.64,1.219,23.7,0.09,0.89,1,2.43
11/1/2022,6.58889,80.97941,107.8,232,5.09,1.298,23.7,0.09,0.89,1,1.96
11/11/2022,6.58889,80.97941,43.4,95.7,2.61,0.753,23.7,0.09,0.89,0,0
11/13/2022,6.58889,80.97941,64.7,147.4,3.37,0.761,23.7,0.09,0.89,0,0
11/26/2022,6.58889,80.97941,0.7,1.7,2.06,-0.065,23.7,0.09,0.89,0,0
5/15/2023,6.58889,80.97941,11.2,24.4,2.03,0.27,23.7,0.09,0.89,0,0
5/26/2023,6.58889,80.97941,67.3,147.2,3.26,0.848,23.7,0.09,0.89,0,0
11/6/2023,6.58889,80.97941,2.9,9.6,1.89,-0.156,23.7,0.09,0.89,0,0
11/21/2023,6.58889,80.97941,70.2,127.8,3.6,0.759,23.7,0.09,0.89,0,0
11/26/2023,6.58889,80.97941,80.5,221.8,4.75,1.4,23.7,0.09,0.89,1,2.36
5/11/2024,6.58889,80.97941,1.6,4.7,1.86,-0.36,23.7,0.09,0.89,0,0
5/12/2024,6.58889,80.97941,1.2,19.4,1.85,0.088,23.7,0.09,0.89,0,0
11/8/2024,6.58889,80.97941,0,17.6,1.75,-0.12,23.7,0.09,0.89,0,0
12/15/2024,6.58889,80.97941,1.2,3.9,1.58,0.076,23.7,0.09,0.89,0,0
10/9/2016,7.67745,79.87814,1.2,6.6,1.74,-0.155,47,3.32,8.44,0,0
10/21/2016,7.67745,79.87814,6.9,27.1,2.3,-0.077,47,3.32,8.44,0,0
11/16/2016,7.67745,79.87814,12.3,53.1,2.73,0.074,47,3.32,8.44,0,0
11/19/2016,7.67745,79.87814,0.6,16.3,1.85,-0.07,47,3.32,8.44,0,0
5/21/2017,7.67745,79.87814,54.3,132.9,2.88,0.527,47,3.32,8.44,0,0
5/30/2017,7.67745,79.87814,0.4,1.4,2.33,-0.018,47,3.32,8.44,0,0
11/4/2017,7.67745,79.87814,76.8,179.2,3.5,1.058,47,3.32,8.44,0,0
11/7/2017,7.67745,79.87814,0,2.1,1.41,-0.296,47,3.32,8.44,0,0
11/12/2017,7.67745,79.87814,0.5,11.2,1.65,-0.41,47,3.32,8.44,0,0
11/25/2017,7.67745,79.87814,0.3,13.1,2.59,-0.125,47,3.32,8.44,0,0
12/1/2017,7.67745,79.87814,4.5,14.5,1.53,-0.167,47,3.32,8.44,0,0
5/11/2018,7.67745,79.87814,1.1,4.6,2.23,-0.28,47,3.32,8.44,0,0
10/5/2018,7.67745,79.87814,3.6,14,2.22,-0.176,47,3.32,8.44,0,0
12/12/2018,7.67745,79.87814,28.6,90.7,2.84,0.497,47,3.32,8.44,0,0
12/16/2018,7.67745,79.87814,1.3,3.8,1.62,-0.304,47,3.32,8.44,0,0
12/24/2018,7.67745,79.87814,0,1.6,1.84,-0.072,47,3.32,8.44,0,0
10/6/2019,7.67745,79.87814,0.7,5.5,1.67,-0.136,47,3.32,8.44,0,0
10/26/2019,7.67745,79.87814,2.9,13.7,2.1,-0.122,47,3.32,8.44,0,0
10/29/2019,7.67745,79.87814,137.3,400.1,5.88,2.269,47,3.32,8.44,1,2.87
11/29/2019,7.67745,79.87814,62,138.8,3.46,0.711,47,3.32,8.44,0,0
11/30/2019,7.67745,79.87814,3.2,19.8,2.2,-0.064,47,3.32,8.44,0,0
10/4/2020,7.67745,79.87814,3.2,11.3,1.84,-0.046,47,3.32,8.44,0,0
11/2/2020,7.67745,79.87814,2.2,6.1,1.67,-0.104,47,3.32,8.44,0,0
12/12/2020,7.67745,79.87814,1.8,5.3,1.6,-0.108,47,3.32,8.44,0,0
5/9/2021,7.67745,79.87814,6,13.1,2.34,0.072,47,3.32,8.44,0,0
10/2/2021,7.67745,79.87814,1.8,8,1.41,-0.293,47,3.32,8.44,0,0
10/26/2021,7.67745,79.87814,4.1,25.5,2.14,-0.062,47,3.32,8.44,0,0
12/24/2021,7.67745,79.87814,122.3,273.9,5.58,1.76,47,3.32,8.44,0,0
5/28/2022,7.67745,79.87814,31,70,2.31,0.595,47,3.32,8.44,0,0
10/3/2022,7.67745,79.87814,98.3,295.6,6.13,1.597,47,3.32,8.44,0,0
10/19/2022,7.67745,79.87814,0.3,2.2,2.01,-0.147,47,3.32,8.44,0,0
10/31/2022,7.67745,79.87814,60.1,110.5,2.49,0.519,47,3.32,8.44,0,0
11/1/2022,7.67745,79.87814,5.5,15.2,1.71,-0.156,47,3.32,8.44,0,0
11/11/2022,7.67745,79.87814,105.4,261.6,4.23,1.551,47,3.32,8.44,1,1.84
11/13/2022,7.67745,79.87814,0.8,2.3,1.54,-0.001,47,3.32,8.44,0,0
11/26/2022,7.67745,79.87814,2,7.6,1.26,-0.059,47,3.32,8.44,0,0
5/15/2023,7.67745,79.87814,0.6,1.9,2.28,0.061,47,3.32,8.44,0,0
5/26/2023,7.67745,79.87814,2.4,6.7,1.11,-0.323,47,3.32,8.44,0,0
11/6/2023,7.67745,79.87814,0.2,1.8,1.94,0.088,47,3.32,8.44,0,0
11/21/2023,7.67745,79.87814,0.1,1,1.46,0.025,47,3.32,8.44,0,0
11/26/2023,7.67745,79.87814,0.1,3.1,1.97,-0.376,47,3.32,8.44,0,0
5/11/2024,7.67745,79.87814,1.2,11.4,2.05,-0.05,47,3.32,8.44,0,0
5/12/2024,7.67745,79.87814,46.9,141.3,3.4,0.643,47,3.32,8.44,0,0
11/8/2024,7.67745,79.87814,172.7,388.8,6.42,2.273,47,3.32,8.44,1,2.88
12/15/2024,7.67745,79.87814,0.9,17.8,1.53,-0.073,47,3.32,8.44,0,0
10/9/2016,6.45335,80.32416,92.4,280,5.56,1.553,75.3,1.1,0.46,1,2.29
10/21/2016,6.45335,80.32416,1.1,2.3,1.82,0.049,75.3,1.1,0.46,0,0
11/16/2016,6.45335,80.32416,28.2,81.2,3,0.194,75.3,1.1,0.46,0,0
11/19/2016,6.45335,80.32416,2.1,5.6,2.67,-0.22,75.3,1.1,0.46,0,0
5/21/2017,6.45335,80.32416,0,8.4,1.76,0.165,75.3,1.1,0.46,0,0
5/30/2017,6.45335,80.32416,32.7,84.1,3.19,0.579,75.3,1.1,0.46,0,0
11/4/2017,6.45335,80.32416,8.7,36.6,2.2,0.165,75.3,1.1,0.46,0,0
11/7/2017,6.45335,80.32416,9.9,24.3,1.37,-0.065,75.3,1.1,0.46,0,0
11/12/2017,6.45335,80.32416,3.1,9.8,1.63,0.054,75.3,1.1,0.46,0,0
11/25/2017,6.45335,80.32416,14.1,37.4,2.09,0.145,75.3,1.1,0.46,0,0
12/1/2017,6.45335,80.32416,1.8,15.2,2.72,-0.291,75.3,1.1,0.46,0,0
5/11/2018,6.45335,80.32416,0.4,1.3,1.76,-0.233,75.3,1.1,0.46,0,0
10/5/2018,6.45335,80.32416,40.7,96.6,2.3,0.504,75.3,1.1,0.46,0,0
12/12/2018,6.45335,80.32416,29.1,76.6,2.49,0.238,75.3,1.1,0.46,0,0
12/16/2018,6.45335,80.32416,1.8,8.9,2.35,-0.034,75.3,1.1,0.46,0,0
12/24/2018,6.45335,80.32416,0.3,3.7,1.57,-0.21,75.3,1.1,0.46,0,0
10/6/2019,6.45335,80.32416,2.4,9.7,1.7,-0.024,75.3,1.1,0.46,0,0
10/26/2019,6.45335,80.32416,3.6,13.1,1.88,-0.2,75.3,1.1,0.46,0,0
10/29/2019,6.45335,80.32416,0.8,7.6,1.9,-0.256,75.3,1.1,0.46,0,0
11/29/2019,6.45335,80.32416,0.4,2,1.93,-0.144,75.3,1.1,0.46,0,0
11/30/2019,6.45335,80.32416,0.1,2.2,1.97,-0.115,75.3,1.1,0.46,0,0
10/4/2020,6.45335,80.32416,2.2,24.8,1.76,-0.164,75.3,1.1,0.46,0,0
11/2/2020,6.45335,80.32416,2.7,7.9,2.31,0.125,75.3,1.1,0.46,0,0
12/12/2020,6.45335,80.32416,9.2,36.4,2.23,-0.028,75.3,1.1,0.46,0,0
5/9/2021,6.45335,80.32416,0,3.2,1.55,-0.064,75.3,1.1,0.46,0,0
10/2/2021,6.45335,80.32416,0.1,11.7,2.04,-0.103,75.3,1.1,0.46,0,0
10/26/2021,6.45335,80.32416,1.7,4.8,2.32,-0.068,75.3,1.1,0.46,0,0
12/24/2021,6.45335,80.32416,4.4,12.2,2.14,-0.305,75.3,1.1,0.46,0,0
5/28/2022,6.45335,80.32416,10.4,24.5,2.22,0.14,75.3,1.1,0.46,0,0
10/3/2022,6.45335,80.32416,1.2,3.1,1.71,0.029,75.3,1.1,0.46,0,0
10/19/2022,6.45335,80.32416,0,5.1,1.97,-0.095,75.3,1.1,0.46,0,0
10/31/2022,6.45335,80.32416,92.6,195.8,3.72,1.295,75.3,1.1,0.46,0,0
11/1/2022,6.45335,80.32416,1.3,11,1.66,-0.027,75.3,1.1,0.46,0,0
11/11/2022,6.45335,80.32416,2.4,15.8,1.95,-0.039,75.3,1.1,0.46,0,0
11/13/2022,6.45335,80.32416,10.1,27.8,1.87,-0.128,75.3,1.1,0.46,0,0
11/26/2022,6.45335,80.32416,7.6,35,2.1,-0.08,75.3,1.1,0.46,0,0
5/15/2023,6.45335,80.32416,0.8,5.9,1.49,-0.146,75.3,1.1,0.46,0,0
5/26/2023,6.45335,80.32416,3.5,12.2,1.95,-0.121,75.3,1.1,0.46,0,0
11/6/2023,6.45335,80.32416,1.1,10.3,1.96,-0.055,75.3,1.1,0.46,0,0
11/21/2023,6.45335,80.32416,7.1,17.8,1.73,0.022,75.3,1.1,0.46,0,0
11/26/2023,6.45335,80.32416,0.5,22.9,2.63,0.005,75.3,1.1,0.46,0,0
5/11/2024,6.45335,80.32416,1.7,8.1,1.81,-0.033,75.3,1.1,0.46,0,0
5/12/2024,6.45335,80.32416,1.2,5.9,2.01,0.067,75.3,1.1,0.46,0,0
11/8/2024,6.45335,80.32416,0.1,6.1,1.56,-0.026,75.3,1.1,0.46,0,0
12/15/2024,6.45335,80.32416,0.2,2.7,1.55,0.054,75.3,1.1,0.46,0,0
10/9/2016,7.79644,81.27078,25.2,75.5,2.61,0.239,0.5,5.7,1.59,0,0
10/21/2016,7.79644,81.27078,32.4,84.7,2.62,0.272,0.5,5.7,1.59,1,1.41
11/16/2016,7.79644,81.27078,58.4,131.7,3.64,0.632,0.5,5.7,1.59,0,0
11/19/2016,7.79644,81.27078,13.9,37.3,2.27,-0.128,0.5,5.7,1.59,0,0
5/21/2017,7.79644,81.27078,6.5,22.5,1.74,-0.145,0.5,5.7,1.59,0,0
5/30/2017,7.79644,81.27078,40.1,123.4,3.51,0.609,0.5,5.7,1.59,0,0
11/4/2017,7.79644,81.27078,9.4,25.2,1.83,-0.054,0.5,5.7,1.59,0,0
11/7/2017,7.79644,81.27078,58.4,137,3.15,0.751,0.5,5.7,1.59,1,2
11/12/2017,7.79644,81.27078,3.5,11.1,1.58,-0.032,0.5,5.7,1.59,0,0
11/25/2017,7.79644,81.27078,105.2,261.6,4.74,1.302,0.5,5.7,1.59,1,2.74
12/1/2017,7.79644,81.27078,21.1,41.6,1.89,0.062,0.5,5.7,1.59,0,0
5/11/2018,7.79644,81.27078,0.1,2.2,1.47,0.112,0.5,5.7,1.59,0,0
10/5/2018,7.79644,81.27078,2.2,5.7,2.08,-0.036,0.5,5.7,1.59,0,0
12/12/2018,7.79644,81.27078,0.6,3.9,1.85,0.142,0.5,5.7,1.59,0,0
12/16/2018,7.79644,81.27078,0.9,9.9,1.71,-0.18,0.5,5.7,1.59,0,0
12/24/2018,7.79644,81.27078,7.6,20.1,2.24,-0.152,0.5,5.7,1.59,0,0
10/6/2019,7.79644,81.27078,13,33.8,1.98,-0.051,0.5,5.7,1.59,0,0
10/26/2019,7.79644,81.27078,0.2,6.5,1.75,-0.381,0.5,5.7,1.59,0,0
10/29/2019,7.79644,81.27078,0.7,3.1,1.27,-0.147,0.5,5.7,1.59,0,0
11/29/2019,7.79644,81.27078,5.7,16.6,2.22,-0.18,0.5,5.7,1.59,0,0
11/30/2019,7.79644,81.27078,1,4.9,1.98,-0.055,0.5,5.7,1.59,1,0.48
10/4/2020,7.79644,81.27078,0.3,5.8,1.56,-0.177,0.5,5.7,1.59,0,0
11/2/2020,7.79644,81.27078,0.6,12,1.92,-0.164,0.5,5.7,1.59,0,0
12/12/2020,7.79644,81.27078,0.7,10.1,1.58,-0.236,0.5,5.7,1.59,0,0
5/9/2021,7.79644,81.27078,60.4,171.7,3.36,0.808,0.5,5.7,1.59,0,0
10/2/2021,7.79644,81.27078,0.3,2.3,1.47,-0.363,0.5,5.7,1.59,0,0
10/26/2021,7.79644,81.27078,3.5,9,1.57,-0.046,0.5,5.7,1.59,1,0.82
12/24/2021,7.79644,81.27078,0,15.6,1.32,-0.145,0.5,5.7,1.59,0,0
5/28/2022,7.79644,81.27078,1.4,4.2,1.12,-0.103,0.5,5.7,1.59,0,0
10/3/2022,7.79644,81.27078,12.3,26.8,1.54,0.007,0.5,5.7,1.59,0,0
10/19/2022,7.79644,81.27078,8.4,21.3,1.8,0.136,0.5,5.7,1.59,0,0
10/31/2022,7.79644,81.27078,0.3,3.3,1.39,-0.119,0.5,5.7,1.59,0,0
11/1/2022,7.79644,81.27078,0.2,0.5,1.89,-0.249,0.5,5.7,1.59,1,0.23
11/11/2022,7.79644,81.27078,7.9,22.1,2.26,-0.182,0.5,5.7,1.59,0,0
11/13/2022,7.79644,81.27078,4.5,14.3,1.55,-0.172,0.5,5.7,1.59,0,0
11/26/2022,7.79644,81.27078,2.4,7.8,1.45,-0.194,0.5,5.7,1.59,0,0
5/15/2023,7.79644,81.27078,62,134.2,3.77,0.496,0.5,5.7,1.59,0,0
5/26/2023,7.79644,81.27078,52.8,114.9,3.41,0.676,0.5,5.7,1.59,0,0
11/6/2023,7.79644,81.27078,0.1,2.7,1.33,-0.01,0.5,5.7,1.59,0,0
11/21/2023,7.79644,81.27078,4.7,21.1,2.06,0.012,0.5,5.7,1.59,0,0
11/26/2023,7.79644,81.27078,6.6,17.8,2.25,-0.233,0.5,5.7,1.59,0,0
5/11/2024,7.79644,81.27078,1.7,17.6,1.77,-0.142,0.5,5.7,1.59,0,0
5/12/2024,7.79644,81.27078,0.2,2.2,1.74,0.076,0.5,5.7,1.59,0,0
11/8/2024,7.79644,81.27078,7.5,26.2,1.56,-0.015,0.5,5.7,1.59,0,0
12/15/2024,7.79644,81.27078,2.2,9.1,1.71,-0.19,0.5,5.7,1.59,0,0
10/9/2016,7.00551,79.79189,4.6,11.7,2.06,-0.028,69.6,10.81,8.05,0,0
10/21/2016,7.00551,79.79189,0,0.6,1.17,-0.212,69.6,10.81,8.05,0,0
11/16/2016,7.00551,79.79189,0.7,10.4,1.93,-0.231,69.6,10.81,8.05,0,0
11/19/2016,7.00551,79.79189,15.9,36.5,1.76,0.293,69.6,10.81,8.05,0,0
5/21/2017,7.00551,79.79189,0.9,13.4,2.04,0.01,69.6,10.81,8.05,0,0
5/30/2017,7.00551,79.79189,3.2,12.4,1.91,-0.098,69.6,10.81,8.05,0,0
11/4/2017,7.00551,79.79189,30.7,67.3,2.39,0.236,69.6,10.81,8.05,0,0
11/7/2017,7.00551,79.79189,26.4,68.9,1.87,0.285,69.6,10.81,8.05,0,0
11/12/2017,7.00551,79.79189,2.5,6,1.68,-0.095,69.6,10.81,8.05,0,0
11/25/2017,7.00551,79.79189,55.5,103,3.03,0.745,69.6,10.81,8.05,0,0
12/1/2017,7.00551,79.79189,4.2,21.3,2.03,-0.334,69.6,10.81,8.05,0,0
5/11/2018,7.00551,79.79189,20.7,60.6,1.75,0.266,69.6,10.81,8.05,0,0
10/5/2018,7.00551,79.79189,1.1,3.2,2.05,-0.095,69.6,10.81,8.05,0,0
12/12/2018,7.00551,79.79189,7.9,21.4,2.44,0.098,69.6,10.81,8.05,0,0
12/16/2018,7.00551,79.79189,9.7,30.6,1.67,0.087,69.6,10.81,8.05,0,0
12/24/2018,7.00551,79.79189,0,1,1.9,0.01,69.6,10.81,8.05,0,0
10/6/2019,7.00551,79.79189,0,4.9,1.2,-0.13,69.6,10.81,8.05,0,0
10/26/2019,7.00551,79.79189,5.9,15.8,1.42,-0.365,69.6,10.81,8.05,0,0
10/29/2019,7.00551,79.79189,78.1,226.9,4.17,1.216,69.6,10.81,8.05,0,0
11/29/2019,7.00551,79.79189,2.3,7.9,1.24,-0.039,69.6,10.81,8.05,0,0
11/30/2019,7.00551,79.79189,120.5,308.1,6.04,1.851,69.6,10.81,8.05,1,2.6
10/4/2020,7.00551,79.79189,6.2,28.7,2.27,0.19,69.6,10.81,8.05,0,0
11/2/2020,7.00551,79.79189,13.3,49.7,2.55,0.203,69.6,10.81,8.05,0,0
12/12/2020,7.00551,79.79189,27.6,83.4,2.66,0.17,69.6,10.81,8.05,0,0
5/9/2021,7.00551,79.79189,7.4,17.4,1.94,-0.118,69.6,10.81,8.05,0,0
10/2/2021,7.00551,79.79189,0.8,2.8,1.37,-0.053,69.6,10.81,8.05,0,0
10/26/2021,7.00551,79.79189,0,2,1.77,-0.263,69.6,10.81,8.05,0,0
12/24/2021,7.00551,79.79189,55.4,139.6,3.44,0.851,69.6,10.81,8.05,0,0
5/28/2022,7.00551,79.79189,10.7,31.9,1.77,0.121,69.6,10.81,8.05,0,0
10/3/2022,7.00551,79.79189,0.1,7.1,1.34,-0.204,69.6,10.81,8.05,0,0
10/19/2022,7.00551,79.79189,0,1.8,1.88,-0.288,69.6,10.81,8.05,0,0
10/31/2022,7.00551,79.79189,36.9,69.2,2.22,0.37,69.6,10.81,8.05,0,0
11/1/2022,7.00551,79.79189,2.2,12.8,1.56,-0.028,69.6,10.81,8.05,0,0
11/11/2022,7.00551,79.79189,6.1,13.8,1.68,-0.076,69.6,10.81,8.05,0,0
11/13/2022,7.00551,79.79189,0.5,1,2.28,-0.03,69.6,10.81,8.05,0,0
11/26/2022,7.00551,79.79189,0.7,1.6,1.64,-0.082,69.6,10.81,8.05,0,0
5/15/2023,7.00551,79.79189,0.1,0.7,1.37,-0.171,69.6,10.81,8.05,0,0
5/26/2023,7.00551,79.79189,9.9,24.4,1.94,-0.133,69.6,10.81,8.05,0,0
11/6/2023,7.00551,79.79189,0.7,2.7,1.48,0.062,69.6,10.81,8.05,0,0
11/21/2023,7.00551,79.79189,0.9,8.1,2.07,0.097,69.6,10.81,8.05,0,0
11/26/2023,7.00551,79.79189,5.7,12.4,2.04,-0.098,69.6,10.81,8.05,0,0
5/11/2024,7.00551,79.79189,4,10.7,2.38,-0.097,69.6,10.81,8.05,0,0
5/12/2024,7.00551,79.79189,14.2,29.6,1.99,0.316,69.6,10.81,8.05,0,0
11/8/2024,7.00551,79.79189,6.8,18.4,2.12,-0.081,69.6,10.81,8.05,0,0
12/15/2024,7.00551,79.79189,5,11.8,1.92,-0.052,69.6,10.81,8.05,0,0
10/9/2016,8.4355,81.21604,5.1,20.9,0.9,-0.089,17,6.95,1.52,0,0
10/21/2016,8.4355,81.21604,0.1,10.3,0.86,-0.132,17,6.95,1.52,0,0
11/16/2016,8.4355,81.21604,4.1,19.4,0.72,-0.148,17,6.95,1.52,0,0
11/19/2016,8.4355,81.21604,0.1,1.5,0.31,0.012,17,6.95,1.52,0,0
5/21/2017,8.4355,81.21604,0.4,1.6,0.93,-0.121,17,6.95,1.52,0,0
5/30/2017,8.4355,81.21604,4.2,11.1,0.58,-0.102,17,6.95,1.52,0,0
11/4/2017,8.4355,81.21604,90.7,210.2,3.3,1.101,17,6.95,1.52,0,0
11/7/2017,8.4355,81.21604,7.3,20.3,0.33,0.115,17,6.95,1.52,0,0
11/12/2017,8.4355,81.21604,1.9,7.9,1.18,-0.093,17,6.95,1.52,0,0
11/25/2017,8.4355,81.21604,96.5,215.2,2.88,1.232,17,6.95,1.52,0,0
12/1/2017,8.4355,81.21604,1.2,18.3,1.33,0.013,17,6.95,1.52,0,0
5/11/2018,8.4355,81.21604,19.8,54,1.49,0.208,17,6.95,1.52,0,0
10/5/2018,8.4355,81.21604,30.1,58.3,1.44,0.012,17,6.95,1.52,0,0
12/12/2018,8.4355,81.21604,0,17.9,0.79,0.073,17,6.95,1.52,0,0
12/16/2018,8.4355,81.21604,0.2,22.9,1.12,-0.028,17,6.95,1.52,0,0
12/24/2018,8.4355,81.21604,7,20.7,0.52,0.012,17,6.95,1.52,0,0
10/6/2019,8.4355,81.21604,2.1,5.3,0.99,-0.235,17,6.95,1.52,0,0
10/26/2019,8.4355,81.21604,4.4,21.5,0.9,-0.004,17,6.95,1.52,0,0
10/29/2019,8.4355,81.21604,45.1,127.7,2.25,0.535,17,6.95,1.52,0,0
11/29/2019,8.4355,81.21604,8.6,22.6,0.49,-0.019,17,6.95,1.52,0,0
11/30/2019,8.4355,81.21604,0.8,7.3,0.18,-0.083,17,6.95,1.52,0,0
10/4/2020,8.4355,81.21604,5.5,24.4,0.91,0.024,17,6.95,1.52,0,0
11/2/2020,8.4355,81.21604,20.4,60.8,1.25,0.086,17,6.95,1.52,0,0
12/12/2020,8.4355,81.21604,0,0.7,0.67,-0.088,17,6.95,1.52,0,0
5/9/2021,8.4355,81.21604,20.9,65,1.22,-0.017,17,6.95,1.52,0,0
10/2/2021,8.4355,81.21604,1.5,6.4,0.89,-0.177,17,6.95,1.52,0,0
10/26/2021,8.4355,81.21604,0.2,7.7,0.67,-0.188,17,6.95,1.52,0,0
12/24/2021,8.4355,81.21604,1.4,4.7,0.05,-0.489,17,6.95,1.52,0,0
5/28/2022,8.4355,81.21604,41.6,124.5,2.03,0.591,17,6.95,1.52,0,0
10/3/2022,8.4355,81.21604,19.4,47.9,1.27,0.079,17,6.95,1.52,0,0
10/19/2022,8.4355,81.21604,8.9,27.5,1.11,0.132,17,6.95,1.52,0,0
10/31/2022,8.4355,81.21604,1,5.1,0.75,-0.199,17,6.95,1.52,0,0
11/1/2022,8.4355,81.21604,14.2,41.8,0.54,0.183,17,6.95,1.52,0,0
11/11/2022,8.4355,81.21604,31.6,73.4,1.95,0.324,17,6.95,1.52,0,0
11/13/2022,8.4355,81.21604,63.5,154.7,2.19,0.87,17,6.95,1.52,1,1.98
11/26/2022,8.4355,81.21604,111.9,230.9,3.9,1.586,17,6.95,1.52,0,0
5/15/2023,8.4355,81.21604,0.1,4.5,0.65,-0.298,17,6.95,1.52,0,0
5/26/2023,8.4355,81.21604,53.2,151.9,3.06,0.716,17,6.95,1.52,0,0
11/6/2023,8.4355,81.21604,12.9,34.2,1.37,0.125,17,6.95,1.52,0,0
11/21/2023,8.4355,81.21604,0.6,4.4,1.01,0.197,17,6.95,1.52,0,0
11/26/2023,8.4355,81.21604,56.4,116.7,1.71,0.655,17,6.95,1.52,0,0
5/11/2024,8.4355,81.21604,0,4.4,0.25,0.073,17,6.95,1.52,0,0
5/12/2024,8.4355,81.21604,58,167.9,3.6,0.924,17,6.95,1.52,0,0
11/8/2024,8.4355,81.21604,5.1,13.5,0.73,0.062,17,6.95,1.52,0,0
12/15/2024,8.4355,81.21604,52,152.4,2.57,0.632,17,6.95,1.52,0,0
10/9/2016,6.35755,80.25734,73.2,232.9,3.61,1.258,7,1.47,2.85,1,2.16
10/21/2016,6.35755,80.25734,2.4,7.6,1.2,-0.203,7,1.47,2.85,0,0
11/16/2016,6.35755,80.25734,51.8,159.8,2.24,0.84,7,1.47,2.85,0,0
11/19/2016,6.35755,80.25734,106,294.7,4.29,1.532,7,1.47,2.85,1,2.88
5/21/2017,6.35755,80.25734,6.2,18.2,0.48,0.023,7,1.47,2.85,0,0
5/30/2017,6.35755,80.25734,3.1,9.4,0.45,-0.227,7,1.47,2.85,0,0
11/4/2017,6.35755,80.25734,60,161.7,2.67,0.826,7,1.47,2.85,0,0
11/7/2017,6.35755,80.25734,68.9,158.5,3.26,0.783,7,1.47,2.85,0,0
11/12/2017,6.35755,80.25734,1.7,10.4,0.89,-0.09,7,1.47,2.85,0,0
11/25/2017,6.35755,80.25734,12.5,36.9,0.28,-0.252,7,1.47,2.85,0,0
12/1/2017,6.35755,80.25734,67.7,191,2.96,0.847,7,1.47,2.85,0,0
5/11/2018,6.35755,80.25734,8.6,48.4,1.26,0.176,7,1.47,2.85,0,0
10/5/2018,6.35755,80.25734,98.3,275.7,4.78,1.374,7,1.47,2.85,1,2.43
12/12/2018,6.35755,80.25734,1.5,8.2,0.59,-0.14,7,1.47,2.85,0,0
12/16/2018,6.35755,80.25734,6.6,17.2,0.24,-0.075,7,1.47,2.85,0,0
12/24/2018,6.35755,80.25734,37.7,113.7,2.5,0.673,7,1.47,2.85,0,0
10/6/2019,6.35755,80.25734,34.7,82.3,1.17,0.489,7,1.47,2.85,0,0
10/26/2019,6.35755,80.25734,13.7,45,0.8,0.457,7,1.47,2.85,0,0
10/29/2019,6.35755,80.25734,2.5,6.2,0.88,-0.228,7,1.47,2.85,0,0
11/29/2019,6.35755,80.25734,0.5,1.4,0.84,-0.112,7,1.47,2.85,0,0
11/30/2019,6.35755,80.25734,2.4,7.8,0.78,-0.138,7,1.47,2.85,0,0
10/4/2020,6.35755,80.25734,0.1,1.6,0.54,-0.255,7,1.47,2.85,0,0
11/2/2020,6.35755,80.25734,1.6,7,1.35,-0.056,7,1.47,2.85,0,0
12/12/2020,6.35755,80.25734,6.8,16.9,0.99,-0.054,7,1.47,2.85,0,0
5/9/2021,6.35755,80.25734,0.3,7.3,1.13,-0.149,7,1.47,2.85,0,0
10/2/2021,6.35755,80.25734,3.4,14.6,0.93,-0.081,7,1.47,2.85,0,0
10/26/2021,6.35755,80.25734,0,5.6,1.21,-0.153,7,1.47,2.85,0,0
12/24/2021,6.35755,80.25734,0.1,5.6,0.87,0.19,7,1.47,2.85,0,0
5/28/2022,6.35755,80.25734,61.9,139.9,2.21,0.885,7,1.47,2.85,0,0
10/3/2022,6.35755,80.25734,0.4,2.3,0.34,-0.149,7,1.47,2.85,0,0
10/19/2022,6.35755,80.25734,0.3,3.5,0.7,-0.06,7,1.47,2.85,0,0
10/31/2022,6.35755,80.25734,0.6,8.9,0.81,-0.321,7,1.47,2.85,0,0
11/1/2022,6.35755,80.25734,10.4,46.3,1.78,0.077,7,1.47,2.85,0,0
11/11/2022,6.35755,80.25734,0.9,2.2,0.53,-0.093,7,1.47,2.85,0,0
11/13/2022,6.35755,80.25734,11.8,36.9,0.8,-0.074,7,1.47,2.85,0,0
11/26/2022,6.35755,80.25734,16.9,42,1.36,0.153,7,1.47,2.85,0,0
5/15/2023,6.35755,80.25734,0.2,8,0.42,-0.213,7,1.47,2.85,0,0
5/26/2023,6.35755,80.25734,4.2,18.4,0.45,-0.039,7,1.47,2.85,0,0
11/6/2023,6.35755,80.25734,63.7,193.4,3.37,1.031,7,1.47,2.85,1,2.08
11/21/2023,6.35755,80.25734,0,0.7,0.53,-0.199,7,1.47,2.85,0,0
11/26/2023,6.35755,80.25734,41.6,82.5,1.6,0.277,7,1.47,2.85,0,0
5/11/2024,6.35755,80.25734,4.8,13.7,0.45,-0.16,7,1.47,2.85,0,0
5/12/2024,6.35755,80.25734,3.6,11.9,1,-0.081,7,1.47,2.85,0,0
11/8/2024,6.35755,80.25734,66.6,190.9,3.33,1.067,7,1.47,2.85,0,0
12/15/2024,6.35755,80.25734,1.3,7.8,1.26,-0.069,7,1.47,2.85,0,0
10/9/2016,6.88677,79.9627,4.8,12.7,2.56,-0.085,10.4,4.61,1.42,0,0
10/21/2016,6.88677,79.9627,15.9,47.7,3.63,0.265,10.4,4.61,1.42,0,0
11/16/2016,6.88677,79.9627,24.5,45.9,3.4,0.209,10.4,4.61,1.42,0,0
11/19/2016,6.88677,79.9627,1,7.1,2.82,-0.134,10.4,4.61,1.42,0,0
5/21/2017,6.88677,79.9627,0.1,0.2,2.63,-0.057,10.4,4.61,1.42,0,0
5/30/2017,6.88677,79.9627,6.5,18.4,2.72,-0.07,10.4,4.61,1.42,0,0
11/4/2017,6.88677,79.9627,0.3,5.5,2.62,-0.147,10.4,4.61,1.42,0,0
11/7/2017,6.88677,79.9627,0.2,20.2,2.83,0.026,10.4,4.61,1.42,0,0
11/12/2017,6.88677,79.9627,158.9,423.8,7.68,2.3,10.4,4.61,1.42,1,3.8
11/25/2017,6.88677,79.9627,3.3,16.7,3.13,-0.091,10.4,4.61,1.42,0,0
12/1/2017,6.88677,79.9627,0.7,4.2,2.4,-0.262,10.4,4.61,1.42,0,0
5/11/2018,6.88677,79.9627,7.8,17.7,2.19,-0.095,10.4,4.61,1.42,0,0
10/5/2018,6.88677,79.9627,5.7,16.6,2.98,0.063,10.4,4.61,1.42,0,0
12/12/2018,6.88677,79.9627,0.2,2.7,2.69,-0.039,10.4,4.61,1.42,0,0
12/16/2018,6.88677,79.9627,56.3,174.9,5.16,0.934,10.4,4.61,1.42,1,2
12/24/2018,6.88677,79.9627,47.4,141.6,3.96,0.636,10.4,4.61,1.42,0,0
10/6/2019,6.88677,79.9627,19.7,50,4.16,0.281,10.4,4.61,1.42,0,0
10/26/2019,6.88677,79.9627,20.4,44.6,3.04,0.289,10.4,4.61,1.42,1,0.98
10/29/2019,6.88677,79.9627,1.7,8.2,2.48,0.006,10.4,4.61,1.42,0,0
11/29/2019,6.88677,79.9627,87,184.3,5.05,1.147,10.4,4.61,1.42,0,0
11/30/2019,6.88677,79.9627,77.6,236.5,5.07,1.372,10.4,4.61,1.42,1,2.49
10/4/2020,6.88677,79.9627,87.6,205.7,4.92,1.122,10.4,4.61,1.42,1,1.97
11/2/2020,6.88677,79.9627,114.7,261.6,6.04,1.716,10.4,4.61,1.42,1,2.63
12/12/2020,6.88677,79.9627,1,7.3,3,-0.179,10.4,4.61,1.42,0,0
5/9/2021,6.88677,79.9627,1.2,3.3,2.95,-0.077,10.4,4.61,1.42,0,0
10/2/2021,6.88677,79.9627,6.1,25,3.04,-0.127,10.4,4.61,1.42,0,0
10/26/2021,6.88677,79.9627,1.2,4.5,2.38,-0.218,10.4,4.61,1.42,0,0
12/24/2021,6.88677,79.9627,1.5,5.6,3.11,-0.206,10.4,4.61,1.42,0,0
5/28/2022,6.88677,79.9627,92.9,219.4,5.39,1.365,10.4,4.61,1.42,1,2.16
10/3/2022,6.88677,79.9627,169.5,421.5,8.1,2.3,10.4,4.61,1.42,0,0
10/19/2022,6.88677,79.9627,1.1,6.2,3.12,-0.167,10.4,4.61,1.42,0,0
10/31/2022,6.88677,79.9627,1,9.6,3.32,0.056,10.4,4.61,1.42,0,0
11/1/2022,6.88677,79.9627,12.4,30.1,3.42,-0.007,10.4,4.61,1.42,0,0
11/11/2022,6.88677,79.9627,4.2,12.4,2.65,-0.035,10.4,4.61,1.42,0,0
11/13/2022,6.88677,79.9627,0,0.6,2.98,-0.089,10.4,4.61,1.42,0,0
11/26/2022,6.88677,79.9627,8.1,19.8,2.84,0.01,10.4,4.61,1.42,0,0
5/15/2023,6.88677,79.9627,2.8,6.9,3.21,-0.238,10.4,4.61,1.42,0,0
5/26/2023,6.88677,79.9627,15.3,31.4,2.64,0.092,10.4,4.61,1.42,0,0
11/6/2023,6.88677,79.9627,0.2,1.5,3.28,-0.296,10.4,4.61,1.42,0,0
11/21/2023,6.88677,79.9627,94.9,220.2,4.88,1.41,10.4,4.61,1.42,1,2.31
11/26/2023,6.88677,79.9627,0.3,3.9,2.49,-0.205,10.4,4.61,1.42,0,0
5/11/2024,6.88677,79.9627,28.4,61,4.25,0.27,10.4,4.61,1.42,0,0
5/12/2024,6.88677,79.9627,8.8,20.8,3.16,0.011,10.4,4.61,1.42,0,0
11/8/2024,6.88677,79.9627,3.2,8.3,3.08,-0.095,10.4,4.61,1.42,0,0
12/15/2024,6.88677,79.9627,0.7,9.8,2.67,-0.22,10.4,4.61,1.42,0,0
10/9/2016,6.29503,81.00413,50.8,117.9,3.22,0.72,79.2,5.9,0.9,1,1.03
10/21/2016,6.29503,81.00413,1.4,4.5,1.34,-0.106,79.2,5.9,0.9,0,0
11/16/2016,6.29503,81.00413,1.8,6.7,2.27,-0.127,79.2,5.9,0.9,0,0
11/19/2016,6.29503,81.00413,51.1,159.9,3.73,0.796,79.2,5.9,0.9,0,0
5/21/2017,6.29503,81.00413,27.2,76.9,2.82,0.411,79.2,5.9,0.9,0,0
5/30/2017,6.29503,81.00413,0.7,5.4,1.31,0.033,79.2,5.9,0.9,0,0
11/4/2017,6.29503,81.00413,0.2,0.7,1.92,-0.167,79.2,5.9,0.9,0,0
11/7/2017,6.29503,81.00413,67.9,199.7,4.39,1.154,79.2,5.9,0.9,1,1.7
11/12/2017,6.29503,81.00413,0,0.2,1.81,-0.136,79.2,5.9,0.9,0,0
11/25/2017,6.29503,81.00413,73,208.3,4.19,1.056,79.2,5.9,0.9,0,0
12/1/2017,6.29503,81.00413,4.5,11.1,1.37,-0.053,79.2,5.9,0.9,0,0
5/11/2018,6.29503,81.00413,1.9,5.9,1.92,-0.266,79.2,5.9,0.9,0,0
10/5/2018,6.29503,81.00413,20.7,70.3,2.37,0.458,79.2,5.9,0.9,0,0
12/12/2018,6.29503,81.00413,0.1,1.7,2.03,0.148,79.2,5.9,0.9,0,0
12/16/2018,6.29503,81.00413,107,260.4,4.79,1.541,79.2,5.9,0.9,0,0
12/24/2018,6.29503,81.00413,106.9,197.9,4.11,1.236,79.2,5.9,0.9,1,1.65
10/6/2019,6.29503,81.00413,66.1,137.7,3.66,0.875,79.2,5.9,0.9,0,0
10/26/2019,6.29503,81.00413,189.4,434.1,6.83,2.3,79.2,5.9,0.9,1,3.63
10/29/2019,6.29503,81.00413,0.1,13.8,1.62,-0.128,79.2,5.9,0.9,0,0
11/29/2019,6.29503,81.00413,79.3,257,4.83,1.617,79.2,5.9,0.9,0,0
11/30/2019,6.29503,81.00413,0.1,17.7,2.25,-0.059,79.2,5.9,0.9,0,0
10/4/2020,6.29503,81.00413,6.5,15,1.7,-0.052,79.2,5.9,0.9,0,0
11/2/2020,6.29503,81.00413,6.3,17.8,1.97,-0.113,79.2,5.9,0.9,0,0
12/12/2020,6.29503,81.00413,21.8,54.2,2.54,0.232,79.2,5.9,0.9,0,0
5/9/2021,6.29503,81.00413,122.9,308.3,5.48,1.613,79.2,5.9,0.9,1,2.57
10/2/2021,6.29503,81.00413,0.1,0.5,2.19,0.042,79.2,5.9,0.9,0,0
10/26/2021,6.29503,81.00413,149,337.4,5.57,2.244,79.2,5.9,0.9,0,0
12/24/2021,6.29503,81.00413,4,11.5,2.13,0.146,79.2,5.9,0.9,0,0
5/28/2022,6.29503,81.00413,71.3,153.7,3.8,0.886,79.2,5.9,0.9,0,0
10/3/2022,6.29503,81.00413,7.2,14.8,2.48,-0.112,79.2,5.9,0.9,0,0
10/19/2022,6.29503,81.00413,1.2,4.8,1.37,-0.304,79.2,5.9,0.9,0,0
10/31/2022,6.29503,81.00413,1.6,3.3,1.71,-0.187,79.2,5.9,0.9,0,0
11/1/2022,6.29503,81.00413,99.8,287.9,5.1,1.662,79.2,5.9,0.9,0,0
11/11/2022,6.29503,81.00413,0.4,3.4,2.12,-0.122,79.2,5.9,0.9,0,0
11/13/2022,6.29503,81.00413,2.6,29.6,1.85,0.071,79.2,5.9,0.9,0,0
11/26/2022,6.29503,81.00413,3.7,11.1,1.57,-0.055,79.2,5.9,0.9,0,0
5/15/2023,6.29503,81.00413,1.9,6.9,2.43,-0.073,79.2,5.9,0.9,0,0
5/26/2023,6.29503,81.00413,0.1,5.1,1.38,-0.059,79.2,5.9,0.9,0,0
11/6/2023,6.29503,81.00413,1,2.6,0.99,-0.193,79.2,5.9,0.9,0,0
11/21/2023,6.29503,81.00413,61.1,133.5,4.09,0.508,79.2,5.9,0.9,0,0
11/26/2023,6.29503,81.00413,1.3,10.5,2.48,-0.182,79.2,5.9,0.9,0,0
5/11/2024,6.29503,81.00413,142.8,409.7,7.53,2.214,79.2,5.9,0.9,1,3.19
5/12/2024,6.29503,81.00413,1,6.9,1.72,-0.126,79.2,5.9,0.9,0,0
11/8/2024,6.29503,81.00413,101.7,330.1,5.83,1.757,79.2,5.9,0.9,1,2.41
12/15/2024,6.29503,81.00413,0.5,9.8,1.32,-0.09,79.2,5.9,0.9,0,0
10/9/2016,8.4042,80.8821,0.6,4,0.84,0.117,22.9,0.95,11.57,0,0
10/21/2016,8.4042,80.8821,6.7,18.3,1.08,-0.186,22.9,0.95,11.57,0,0
11/16/2016,8.4042,80.8821,9,27.2,1.34,-0.033,22.9,0.95,11.57,0,0
11/19/2016,8.4042,80.8821,0.6,1.4,0.92,-0.043,22.9,0.95,11.57,0,0
5/21/2017,8.4042,80.8821,10.8,27.4,1.22,-0.075,22.9,0.95,11.57,0,0
5/30/2017,8.4042,80.8821,1.8,13.4,1.06,-0.206,22.9,0.95,11.57,0,0
11/4/2017,8.4042,80.8821,12,28.5,1.1,0.1,22.9,0.95,11.57,0,0
11/7/2017,8.4042,80.8821,0.8,2.8,0.81,0.116,22.9,0.95,11.57,0,0
11/12/2017,8.4042,80.8821,12,35.6,1.44,0.15,22.9,0.95,11.57,0,0
11/25/2017,8.4042,80.8821,4.1,9.4,0.76,-0.134,22.9,0.95,11.57,0,0
12/1/2017,8.4042,80.8821,0,20.2,0.93,-0.097,22.9,0.95,11.57,0,0
5/11/2018,8.4042,80.8821,9.6,37.1,1.65,0.06,22.9,0.95,11.57,0,0
10/5/2018,8.4042,80.8821,0.6,14.5,1.52,-0.084,22.9,0.95,11.57,0,0
12/12/2018,8.4042,80.8821,4.2,13,1.33,-0.09,22.9,0.95,11.57,0,0
12/16/2018,8.4042,80.8821,9.5,35.1,1.64,-0.1,22.9,0.95,11.57,0,0
12/24/2018,8.4042,80.8821,7.3,29.6,1.78,-0.195,22.9,0.95,11.57,0,0
10/6/2019,8.4042,80.8821,7.1,18.8,0.88,-0.063,22.9,0.95,11.57,0,0
10/26/2019,8.4042,80.8821,86.7,198,3.55,1.196,22.9,0.95,11.57,0,0
10/29/2019,8.4042,80.8821,0.5,7.5,0.45,0.006,22.9,0.95,11.57,0,0
11/29/2019,8.4042,80.8821,0.1,22,0.6,-0.218,22.9,0.95,11.57,0,0
11/30/2019,8.4042,80.8821,12,29.7,1.28,-0.063,22.9,0.95,11.57,0,0
10/4/2020,8.4042,80.8821,59.1,144.8,2.48,0.74,22.9,0.95,11.57,0,0
11/2/2020,8.4042,80.8821,0.1,7.1,1.13,-0.043,22.9,0.95,11.57,0,0
12/12/2020,8.4042,80.8821,7,21.3,0.74,0.025,22.9,0.95,11.57,0,0
5/9/2021,8.4042,80.8821,4.1,14.1,1.36,0.038,22.9,0.95,11.57,0,0
10/2/2021,8.4042,80.8821,13.6,30.7,1.46,0.526,22.9,0.95,11.57,0,0
10/26/2021,8.4042,80.8821,0,0.9,0.64,-0.105,22.9,0.95,11.57,0,0
12/24/2021,8.4042,80.8821,0.1,0.5,0.88,-0.266,22.9,0.95,11.57,0,0
5/28/2022,8.4042,80.8821,72.6,151.4,2.41,0.988,22.9,0.95,11.57,0,0
10/3/2022,8.4042,80.8821,58.4,155.9,2.29,0.818,22.9,0.95,11.57,0,0
10/19/2022,8.4042,80.8821,115.9,334.6,4.94,1.858,22.9,0.95,11.57,1,2.42
10/31/2022,8.4042,80.8821,6,16.9,0.41,-0.109,22.9,0.95,11.57,0,0
11/1/2022,8.4042,80.8821,0.3,0.9,0.91,-0.135,22.9,0.95,11.57,0,0
11/11/2022,8.4042,80.8821,30.2,84.4,1.35,0.338,22.9,0.95,11.57,0,0
11/13/2022,8.4042,80.8821,64.1,199.2,3.38,0.993,22.9,0.95,11.57,0,0
11/26/2022,8.4042,80.8821,2.4,16.5,0.58,0.074,22.9,0.95,11.57,0,0
5/15/2023,8.4042,80.8821,170.7,412.9,5.66,2.3,22.9,0.95,11.57,1,2.98
5/26/2023,8.4042,80.8821,59.2,174.2,2.61,0.897,22.9,0.95,11.57,0,0
11/6/2023,8.4042,80.8821,0.8,2.6,0.83,-0.037,22.9,0.95,11.57,0,0
11/21/2023,8.4042,80.8821,0.8,9.3,1.46,-0.31,22.9,0.95,11.57,0,0
11/26/2023,8.4042,80.8821,5,18.6,0.98,-0.077,22.9,0.95,11.57,0,0
5/11/2024,8.4042,80.8821,0.1,6.5,1.06,-0.207,22.9,0.95,11.57,0,0
5/12/2024,8.4042,80.8821,1.8,6.6,0.94,0.041,22.9,0.95,11.57,0,0
11/8/2024,8.4042,80.8821,5,12.3,1.04,0.251,22.9,0.95,11.57,0,0
12/15/2024,8.4042,80.8821,0.8,2.1,0.78,-0.082,22.9,0.95,11.57,0,0
10/9/2016,8.28108,81.32945,2.9,7,1.89,-0.071,12.2,4.15,1.47,0,0
10/21/2016,8.28108,81.32945,96.5,272.5,3.83,1.397,12.2,4.15,1.47,1,2.64
11/16/2016,8.28108,81.32945,186.8,343.7,5.37,2.3,12.2,4.15,1.47,1,2.96
11/19/2016,8.28108,81.32945,1.5,3.8,1.25,-0.309,12.2,4.15,1.47,0,0
5/21/2017,8.28108,81.32945,0.6,3.2,1.33,-0.124,12.2,4.15,1.47,0,0
5/30/2017,8.28108,81.32945,5.3,15.7,1.9,-0.109,12.2,4.15,1.47,0,0
11/4/2017,8.28108,81.32945,3.1,8.7,0.64,-0.172,12.2,4.15,1.47,0,0
11/7/2017,8.28108,81.32945,14.2,32.2,1.31,-0.174,12.2,4.15,1.47,0,0
11/12/2017,8.28108,81.32945,0.8,4.7,0.97,0.078,12.2,4.15,1.47,0,0
11/25/2017,8.28108,81.32945,0.2,7.1,1.74,-0.127,12.2,4.15,1.47,0,0
12/1/2017,8.28108,81.32945,0,13.4,1.21,-0.186,12.2,4.15,1.47,0,0
5/11/2018,8.28108,81.32945,2.4,5.4,1.41,-0.215,12.2,4.15,1.47,0,0
10/5/2018,8.28108,81.32945,4.5,10.5,1.05,0.099,12.2,4.15,1.47,0,0
12/12/2018,8.28108,81.32945,1.8,5.7,1.32,-0.18,12.2,4.15,1.47,0,0
12/16/2018,8.28108,81.32945,1.8,5.9,1.36,-0.082,12.2,4.15,1.47,0,0
12/24/2018,8.28108,81.32945,74.4,193.4,4.31,0.993,12.2,4.15,1.47,0,0
10/6/2019,8.28108,81.32945,1.4,4.6,0.74,-0.075,12.2,4.15,1.47,1,0.16
10/26/2019,8.28108,81.32945,64.9,149.4,2.97,0.847,12.2,4.15,1.47,1,1.58
10/29/2019,8.28108,81.32945,6.4,20.7,1.19,0.038,12.2,4.15,1.47,0,0
11/29/2019,8.28108,81.32945,2,3.8,1.15,-0.141,12.2,4.15,1.47,0,0
11/30/2019,8.28108,81.32945,0.4,10.1,1.11,-0.105,12.2,4.15,1.47,0,0
10/4/2020,8.28108,81.32945,87.3,227.1,4.34,1.1,12.2,4.15,1.47,1,2.1
11/2/2020,8.28108,81.32945,33.7,108.6,2.38,0.673,12.2,4.15,1.47,0,0
12/12/2020,8.28108,81.32945,15.5,39.7,1.1,-0.011,12.2,4.15,1.47,0,0
5/9/2021,8.28108,81.32945,20.8,43.4,1.66,0.221,12.2,4.15,1.47,0,0
10/2/2021,8.28108,81.32945,0.3,1.5,1.76,-0.013,12.2,4.15,1.47,0,0
10/26/2021,8.28108,81.32945,16.3,51.2,2.23,0.063,12.2,4.15,1.47,0,0
12/24/2021,8.28108,81.32945,0.4,6.2,0.83,-0.118,12.2,4.15,1.47,0,0
5/28/2022,8.28108,81.32945,0.6,1.4,0.75,0.012,12.2,4.15,1.47,0,0
10/3/2022,8.28108,81.32945,0.3,11.4,1.36,-0.271,12.2,4.15,1.47,0,0
10/19/2022,8.28108,81.32945,1.2,10.3,1.79,-0.156,12.2,4.15,1.47,0,0
10/31/2022,8.28108,81.32945,21.9,52.1,1.67,0.158,12.2,4.15,1.47,0,0
11/1/2022,8.28108,81.32945,158.6,387.4,6.02,2.3,12.2,4.15,1.47,1,3.51
11/11/2022,8.28108,81.32945,16.6,53.1,1.47,0.202,12.2,4.15,1.47,0,0
11/13/2022,8.28108,81.32945,3.3,11.1,1.3,-0.046,12.2,4.15,1.47,0,0
11/26/2022,8.28108,81.32945,0.1,3.2,1.43,-0.281,12.2,4.15,1.47,0,0
5/15/2023,8.28108,81.32945,0.4,8.2,0.81,-0.084,12.2,4.15,1.47,0,0
5/26/2023,8.28108,81.32945,1.3,6.6,1.58,-0.251,12.2,4.15,1.47,0,0
11/6/2023,8.28108,81.32945,64.3,158.8,3.01,0.795,12.2,4.15,1.47,0,0
11/21/2023,8.28108,81.32945,0.1,3.8,1.03,-0.061,12.2,4.15,1.47,0,0
11/26/2023,8.28108,81.32945,2.2,17.6,1.88,-0.248,12.2,4.15,1.47,0,0
5/11/2024,8.28108,81.32945,0.8,4.4,0.95,-0.212,12.2,4.15,1.47,0,0
5/12/2024,8.28108,81.32945,86.8,178.3,3.18,0.998,12.2,4.15,1.47,1,1.92
11/8/2024,8.28108,81.32945,11.6,28,1.42,0.194,12.2,4.15,1.47,0,0
12/15/2024,8.28108,81.32945,70.2,157.4,2.36,0.751,12.2,4.15,1.47,1,1.32
10/9/2016,6.67065,81.07313,0.1,1.3,2.37,0.047,17.3,0.09,6.29,0,0
10/21/2016,6.67065,81.07313,6.4,18.5,2.06,-0.11,17.3,0.09,6.29,0,0
11/16/2016,6.67065,81.07313,0,9.9,1.88,0.061,17.3,0.09,6.29,0,0
11/19/2016,6.67065,81.07313,5.5,14.4,1.66,-0.088,17.3,0.09,6.29,0,0
5/21/2017,6.67065,81.07313,1.5,15.1,1.57,0.082,17.3,0.09,6.29,0,0
5/30/2017,6.67065,81.07313,6.5,12.1,2.94,-0.072,17.3,0.09,6.29,0,0
11/4/2017,6.67065,81.07313,0.3,1.9,2.06,-0.076,17.3,0.09,6.29,0,0
11/7/2017,6.67065,81.07313,6.1,16.7,2.77,0.031,17.3,0.09,6.29,0,0
11/12/2017,6.67065,81.07313,0.4,2,2.26,0.128,17.3,0.09,6.29,0,0
11/25/2017,6.67065,81.07313,19.5,66.1,2.46,0.292,17.3,0.09,6.29,0,0
12/1/2017,6.67065,81.07313,2.4,6.6,2.41,-0.17,17.3,0.09,6.29,0,0
5/11/2018,6.67065,81.07313,3.1,10.9,2.57,-0.096,17.3,0.09,6.29,0,0
10/5/2018,6.67065,81.07313,4.3,8.4,1.71,-0.147,17.3,0.09,6.29,0,0
12/12/2018,6.67065,81.07313,8.2,23.6,2.45,0.095,17.3,0.09,6.29,0,0
12/16/2018,6.67065,81.07313,0.3,0.7,1.91,-0.149,17.3,0.09,6.29,0,0
12/24/2018,6.67065,81.07313,116.2,320.6,5.82,1.754,17.3,0.09,6.29,1,3.04
10/6/2019,6.67065,81.07313,0.6,2.7,1.88,-0.199,17.3,0.09,6.29,0,0
10/26/2019,6.67065,81.07313,2.9,10.5,2,-0.278,17.3,0.09,6.29,0,0
10/29/2019,6.67065,81.07313,4.2,10.5,1.75,0.067,17.3,0.09,6.29,0,0
11/29/2019,6.67065,81.07313,4.1,16.8,2.39,-0.162,17.3,0.09,6.29,0,0
11/30/2019,6.67065,81.07313,9.8,23.9,2.71,0.021,17.3,0.09,6.29,0,0
10/4/2020,6.67065,81.07313,95.4,262.6,5.39,1.721,17.3,0.09,6.29,1,2.63
11/2/2020,6.67065,81.07313,5.6,13.4,2.18,-0.128,17.3,0.09,6.29,0,0
12/12/2020,6.67065,81.07313,29.2,69.8,2.49,0.284,17.3,0.09,6.29,0,0
5/9/2021,6.67065,81.07313,0.8,4.5,2.22,-0.28,17.3,0.09,6.29,0,0
10/2/2021,6.67065,81.07313,1.1,4.5,1.83,-0.023,17.3,0.09,6.29,0,0
10/26/2021,6.67065,81.07313,0.1,6.5,2.38,-0.02,17.3,0.09,6.29,0,0
12/24/2021,6.67065,81.07313,0.2,1.1,2.36,-0.234,17.3,0.09,6.29,0,0
5/28/2022,6.67065,81.07313,0,4.5,1.86,0.003,17.3,0.09,6.29,0,0
10/3/2022,6.67065,81.07313,2.9,8.9,1.75,-0.193,17.3,0.09,6.29,0,0
10/19/2022,6.67065,81.07313,2.5,22.9,2.61,-0.12,17.3,0.09,6.29,0,0
10/31/2022,6.67065,81.07313,0.9,4.8,1.69,-0.06,17.3,0.09,6.29,0,0
11/1/2022,6.67065,81.07313,2,7.2,2.43,-0.03,17.3,0.09,6.29,0,0
11/11/2022,6.67065,81.07313,68.2,170,4.11,0.726,17.3,0.09,6.29,1,1.49
11/13/2022,6.67065,81.07313,3.2,8.9,2.54,-0.076,17.3,0.09,6.29,0,0
11/26/2022,6.67065,81.07313,112.7,226.4,4.5,1.437,17.3,0.09,6.29,1,1.53
5/15/2023,6.67065,81.07313,0.3,0.7,1.97,-0.242,17.3,0.09,6.29,0,0
5/26/2023,6.67065,81.07313,2.7,14.9,2.01,-0.063,17.3,0.09,6.29,0,0
11/6/2023,6.67065,81.07313,47.3,127.3,3.03,0.574,17.3,0.09,6.29,0,0
11/21/2023,6.67065,81.07313,2.3,10.1,2.2,-0.028,17.3,0.09,6.29,0,0
11/26/2023,6.67065,81.07313,5.5,16,2.52,0.046,17.3,0.09,6.29,0,0
5/11/2024,6.67065,81.07313,55,170.6,4.41,1.008,17.3,0.09,6.29,1,1.64
5/12/2024,6.67065,81.07313,13.7,66.5,2.94,0.388,17.3,0.09,6.29,0,0
11/8/2024,6.67065,81.07313,42.3,93.5,3.58,0.566,17.3,0.09,6.29,0,0
12/15/2024,6.67065,81.07313,0,1.9,1.72,-0.09,17.3,0.09,6.29,0,0
10/9/2016,7.71596,81.19627,14.3,40.4,2.86,0.179,1.3,2.01,0.73,0,0
10/21/2016,7.71596,81.19627,66.4,196.8,4.97,0.935,1.3,2.01,0.73,1,2.61
11/16/2016,7.71596,81.19627,0.7,5.8,3.03,-0.009,1.3,2.01,0.73,0,0
11/19/2016,7.71596,81.19627,10.9,27.6,3.02,-0.015,1.3,2.01,0.73,0,0
5/21/2017,7.71596,81.19627,1.7,13.8,2.35,-0.032,1.3,2.01,0.73,0,0
5/30/2017,7.71596,81.19627,0.2,8.8,2.28,-0.108,1.3,2.01,0.73,0,0
11/4/2017,7.71596,81.19627,8.7,26.9,3.16,-0.043,1.3,2.01,0.73,0,0
11/7/2017,7.71596,81.19627,67.1,219.4,5.45,0.885,1.3,2.01,0.73,0,0
11/12/2017,7.71596,81.19627,50.1,111.9,3.69,0.516,1.3,2.01,0.73,1,1.74
11/25/2017,7.71596,81.19627,35.5,89.1,3.94,0.384,1.3,2.01,0.73,0,0
12/1/2017,7.71596,81.19627,77.3,186.9,4.68,0.911,1.3,2.01,0.73,0,0
5/11/2018,7.71596,81.19627,134.6,330.2,6.12,2.049,1.3,2.01,0.73,1,3.04
10/5/2018,7.71596,81.19627,66.4,160.5,5.15,0.947,1.3,2.01,0.73,1,1.88
12/12/2018,7.71596,81.19627,40.7,91.2,3.16,0.424,1.3,2.01,0.73,1,1.45
12/16/2018,7.71596,81.19627,7.4,16,2.19,-0.045,1.3,2.01,0.73,0,0
12/24/2018,7.71596,81.19627,2.2,6.5,2.67,-0.161,1.3,2.01,0.73,0,0
10/6/2019,7.71596,81.19627,0.1,14.4,2.53,-0.157,1.3,2.01,0.73,0,0
10/26/2019,7.71596,81.19627,145.4,319.6,6.56,1.962,1.3,2.01,0.73,1,3.31
10/29/2019,7.71596,81.19627,3.1,10.8,3.14,-0.038,1.3,2.01,0.73,1,1.01
11/29/2019,7.71596,81.19627,4.4,27.7,3.39,-0.015,1.3,2.01,0.73,0,0
11/30/2019,7.71596,81.19627,0.1,0.9,2.23,-0.211,1.3,2.01,0.73,0,0
10/4/2020,7.71596,81.19627,120.2,299.2,5.63,1.865,1.3,2.01,0.73,1,3.09
11/2/2020,7.71596,81.19627,88.2,241.8,5.48,1.282,1.3,2.01,0.73,1,2.68
12/12/2020,7.71596,81.19627,0.2,0.8,2.8,-0.096,1.3,2.01,0.73,0,0
5/9/2021,7.71596,81.19627,148.5,310.4,6.68,2.04,1.3,2.01,0.73,0,0
10/2/2021,7.71596,81.19627,72,169.4,4.76,0.93,1.3,2.01,0.73,1,1.93
10/26/2021,7.71596,81.19627,1.2,4.8,2.38,-0.235,1.3,2.01,0.73,0,0
12/24/2021,7.71596,81.19627,10.9,23.3,3.33,-0.035,1.3,2.01,0.73,0,0
5/28/2022,7.71596,81.19627,0.1,2.3,2.45,-0.173,1.3,2.01,0.73,0,0
10/3/2022,7.71596,81.19627,4.3,27.4,2.57,-0.126,1.3,2.01,0.73,0,0
10/19/2022,7.71596,81.19627,98.5,293.8,6.25,1.662,1.3,2.01,0.73,1,3.13
10/31/2022,7.71596,81.19627,89,256.8,5.15,1.46,1.3,2.01,0.73,1,2.94
11/1/2022,7.71596,81.19627,53.2,90.9,3.04,0.659,1.3,2.01,0.73,1,1.25
11/11/2022,7.71596,81.19627,7.2,23.2,3.02,-0.092,1.3,2.01,0.73,0,0
11/13/2022,7.71596,81.19627,94.1,280.7,5.73,1.426,1.3,2.01,0.73,1,3.02
11/26/2022,7.71596,81.19627,0,1.4,2.6,-0.125,1.3,2.01,0.73,0,0
5/15/2023,7.71596,81.19627,1.1,6.4,2.33,-0.296,1.3,2.01,0.73,0,0
5/26/2023,7.71596,81.19627,4.6,15.1,2.53,-0.006,1.3,2.01,0.73,0,0
11/6/2023,7.71596,81.19627,58.2,129.8,3.85,0.638,1.3,2.01,0.73,1,1.46
11/21/2023,7.71596,81.19627,30.7,83.9,3.08,0.442,1.3,2.01,0.73,0,0
11/26/2023,7.71596,81.19627,0.4,2.4,2.15,-0.053,1.3,2.01,0.73,0,0
5/11/2024,7.71596,81.19627,141.3,356.4,7.1,2.188,1.3,2.01,0.73,1,3.8
5/12/2024,7.71596,81.19627,14,28.1,2.11,0.252,1.3,2.01,0.73,0,0
11/8/2024,7.71596,81.19627,0.2,2.5,2.53,-0.237,1.3,2.01,0.73,0,0
12/15/2024,7.71596,81.19627,6.3,17.7,2.5,0.039,1.3,2.01,0.73,0,0
10/9/2016,8.12478,80.25766,4.2,15.4,3.14,-0.179,2.7,0.58,0.67,0,0
10/21/2016,8.12478,80.25766,14.6,37.6,3.23,0.084,2.7,0.58,0.67,0,0
11/16/2016,8.12478,80.25766,53.2,156.6,4.86,0.627,2.7,0.58,0.67,0,0
11/19/2016,8.12478,80.25766,17,52.5,3.13,0.259,2.7,0.58,0.67,0,0
5/21/2017,8.12478,80.25766,6.3,19.9,3.14,-0.122,2.7,0.58,0.67,0,0
5/30/2017,8.12478,80.25766,123.1,239,5.25,1.622,2.7,0.58,0.67,1,2.76
11/4/2017,8.12478,80.25766,0.1,1.5,2.55,-0.041,2.7,0.58,0.67,0,0
11/7/2017,8.12478,80.25766,12.4,29.2,2.32,0.035,2.7,0.58,0.67,0,0
11/12/2017,8.12478,80.25766,7.2,20.6,3.09,0.013,2.7,0.58,0.67,0,0
11/25/2017,8.12478,80.25766,0.5,3,2.79,0.058,2.7,0.58,0.67,0,0
12/1/2017,8.12478,80.25766,15,51.5,2.87,0.278,2.7,0.58,0.67,0,0
5/11/2018,8.12478,80.25766,1.2,5.1,2.43,0.025,2.7,0.58,0.67,0,0
10/5/2018,8.12478,80.25766,4.6,15.7,2.9,0.073,2.7,0.58,0.67,0,0
12/12/2018,8.12478,80.25766,0.5,2.8,2.49,-0.044,2.7,0.58,0.67,1,0.73
12/16/2018,8.12478,80.25766,11.2,38,3.06,0.129,2.7,0.58,0.67,0,0
12/24/2018,8.12478,80.25766,58.9,137.7,4.04,0.65,2.7,0.58,0.67,0,0
10/6/2019,8.12478,80.25766,55.4,120.4,3.78,0.598,2.7,0.58,0.67,0,0
10/26/2019,8.12478,80.25766,1.3,10.3,2.29,-0.011,2.7,0.58,0.67,0,0
10/29/2019,8.12478,80.25766,0,13.8,2.11,-0.022,2.7,0.58,0.67,0,0
11/29/2019,8.12478,80.25766,4.7,10.5,2.19,0.116,2.7,0.58,0.67,0,0
11/30/2019,8.12478,80.25766,12.5,38.4,2.71,0.059,2.7,0.58,0.67,1,1
10/4/2020,8.12478,80.25766,68.9,201.3,4.72,0.967,2.7,0.58,0.67,1,2.33
11/2/2020,8.12478,80.25766,7.2,14.4,2.6,-0.187,2.7,0.58,0.67,0,0
12/12/2020,8.12478,80.25766,3.4,12.7,2.32,-0.015,2.7,0.58,0.67,0,0
5/9/2021,8.12478,80.25766,4.2,15.6,2.91,0.031,2.7,0.58,0.67,0,0
10/2/2021,8.12478,80.25766,1.8,3.9,2.87,-0.115,2.7,0.58,0.67,0,0
10/26/2021,8.12478,80.25766,0.1,2.9,2.66,-0.216,2.7,0.58,0.67,0,0
12/24/2021,8.12478,80.25766,53.3,123.5,3.88,0.62,2.7,0.58,0.67,0,0
5/28/2022,8.12478,80.25766,108.7,211.1,4.43,1.387,2.7,0.58,0.67,1,1.94
10/3/2022,8.12478,80.25766,0.1,3.6,2.13,-0.045,2.7,0.58,0.67,0,0
10/19/2022,8.12478,80.25766,123.3,332.9,6.27,1.895,2.7,0.58,0.67,1,3.08
10/31/2022,8.12478,80.25766,1.9,7,3.16,-0.444,2.7,0.58,0.67,0,0
11/1/2022,8.12478,80.25766,4.2,11.6,2.83,-0.081,2.7,0.58,0.67,0,0
11/11/2022,8.12478,80.25766,159.6,437.8,7.74,2.3,2.7,0.58,0.67,1,3.8
11/13/2022,8.12478,80.25766,2.2,8.5,2.67,0.013,2.7,0.58,0.67,1,0.54
11/26/2022,8.12478,80.25766,61.6,161.2,4.09,0.991,2.7,0.58,0.67,1,2.02
5/15/2023,8.12478,80.25766,54.6,142.9,4.32,0.729,2.7,0.58,0.67,1,1.91
5/26/2023,8.12478,80.25766,138.1,364.1,6.76,2.042,2.7,0.58,0.67,1,3.49
11/6/2023,8.12478,80.25766,57.5,112.3,3.11,0.709,2.7,0.58,0.67,0,0
11/21/2023,8.12478,80.25766,1.3,5.7,2.29,-0.336,2.7,0.58,0.67,0,0
11/26/2023,8.12478,80.25766,55.3,107.7,3.35,0.718,2.7,0.58,0.67,0,0
5/11/2024,8.12478,80.25766,2.1,5.2,2.82,-0.27,2.7,0.58,0.67,0,0
5/12/2024,8.12478,80.25766,124.7,320.3,6.44,1.783,2.7,0.58,0.67,1,3.45
11/8/2024,8.12478,80.25766,0.1,10.9,2.14,-0.043,2.7,0.58,0.67,0,0
12/15/2024,8.12478,80.25766,34.4,76.3,3.16,0.273,2.7,0.58,0.67,0,0
10/9/2016,7.44352,80.06939,79.2,189.2,2.92,1.046,16,0.31,0.09,0,0
10/21/2016,7.44352,80.06939,81.5,251.3,4.41,1.323,16,0.31,0.09,1,2.29
11/16/2016,7.44352,80.06939,43.9,131.9,3.33,0.75,16,0.31,0.09,0,0
11/19/2016,7.44352,80.06939,76.5,189.3,3.45,1.057,16,0.31,0.09,1,1.53
5/21/2017,7.44352,80.06939,28.2,66.3,1.82,0.274,16,0.31,0.09,0,0
5/30/2017,7.44352,80.06939,18.2,54.6,2.14,-0.249,16,0.31,0.09,0,0
11/4/2017,7.44352,80.06939,55.1,142,3.05,0.797,16,0.31,0.09,1,1.26
11/7/2017,7.44352,80.06939,83.3,262.1,4.48,1.541,16,0.31,0.09,1,2.35
11/12/2017,7.44352,80.06939,83.9,233.5,4.05,1.369,16,0.31,0.09,1,2.27
11/25/2017,7.44352,80.06939,5,15.2,1.32,-0.017,16,0.31,0.09,0,0
12/1/2017,7.44352,80.06939,0.1,4,1.26,-0.115,16,0.31,0.09,0,0
5/11/2018,7.44352,80.06939,88.5,198.4,3.61,1.174,16,0.31,0.09,1,1.85
10/5/2018,7.44352,80.06939,5.4,13.1,1.35,-0.166,16,0.31,0.09,0,0
12/12/2018,7.44352,80.06939,0.6,3.4,1.28,-0.26,16,0.31,0.09,0,0
12/16/2018,7.44352,80.06939,78.6,160.7,3.38,0.951,16,0.31,0.09,1,1.65
12/24/2018,7.44352,80.06939,2.3,5.2,1.72,-0.351,16,0.31,0.09,0,0
10/6/2019,7.44352,80.06939,89.2,235.7,4.08,1.331,16,0.31,0.09,0,0
10/26/2019,7.44352,80.06939,42.3,118,2.75,0.528,16,0.31,0.09,0,0
10/29/2019,7.44352,80.06939,10.3,28.1,1.04,-0.221,16,0.31,0.09,0,0
11/29/2019,7.44352,80.06939,85,232,4.32,1.08,16,0.31,0.09,1,2.39
11/30/2019,7.44352,80.06939,0.4,3.6,0.74,-0.037,16,0.31,0.09,0,0
10/4/2020,7.44352,80.06939,27.5,61.8,2.05,0.383,16,0.31,0.09,0,0
11/2/2020,7.44352,80.06939,0.3,3.7,1.04,0.018,16,0.31,0.09,0,0
12/12/2020,7.44352,80.06939,97.2,265.4,4.57,1.329,16,0.31,0.09,1,2.36
5/9/2021,7.44352,80.06939,0.6,12.1,1.68,-0.111,16,0.31,0.09,0,0
10/2/2021,7.44352,80.06939,33.6,60.5,2.09,0.345,16,0.31,0.09,0,0
10/26/2021,7.44352,80.06939,104.5,337.2,5.62,1.916,16,0.31,0.09,1,2.8
12/24/2021,7.44352,80.06939,0.9,2.9,1.06,-0.036,16,0.31,0.09,0,0
5/28/2022,7.44352,80.06939,54,143.9,2.88,0.591,16,0.31,0.09,0,0
10/3/2022,7.44352,80.06939,37.7,85.6,2.26,0.43,16,0.31,0.09,0,0
10/19/2022,7.44352,80.06939,13.4,29.9,2.04,0.037,16,0.31,0.09,0,0
10/31/2022,7.44352,80.06939,16.1,43.9,1.43,0.17,16,0.31,0.09,0,0
11/1/2022,7.44352,80.06939,0.2,5.7,1.09,-0.084,16,0.31,0.09,0,0
11/11/2022,7.44352,80.06939,4.4,12.2,1.48,0.057,16,0.31,0.09,0,0
11/13/2022,7.44352,80.06939,7.5,26.1,1.65,0.175,16,0.31,0.09,0,0
11/26/2022,7.44352,80.06939,1.1,15.2,1.62,-0.296,16,0.31,0.09,0,0
5/15/2023,7.44352,80.06939,0.1,3,1.55,0.031,16,0.31,0.09,0,0
5/26/2023,7.44352,80.06939,32.6,70.7,2.09,0.497,16,0.31,0.09,0,0
11/6/2023,7.44352,80.06939,1.1,8.3,1.22,-0.247,16,0.31,0.09,0,0
11/21/2023,7.44352,80.06939,10.4,30.9,1.82,0.237,16,0.31,0.09,0,0
11/26/2023,7.44352,80.06939,36.7,75.9,2.52,0.375,16,0.31,0.09,0,0
5/11/2024,7.44352,80.06939,3.5,10.4,1.27,-0.091,16,0.31,0.09,0,0
5/12/2024,7.44352,80.06939,11.1,26.8,2.01,0.01,16,0.31,0.09,0,0
11/8/2024,7.44352,80.06939,1.6,4.2,1.76,-0.053,16,0.31,0.09,0,0
12/15/2024,7.44352,80.06939,0.5,3.9,1.62,-0.22,16,0.31,0.09,0,0
10/9/2016,7.37709,81.10111,89,192.5,4.25,1.121,4.5,0.18,2.95,1,2.31
10/21/2016,7.37709,81.10111,48.3,115.1,3.93,0.585,4.5,0.18,2.95,0,0
11/16/2016,7.37709,81.10111,5,24.6,2.66,0.09,4.5,0.18,2.95,0,0
11/19/2016,7.37709,81.10111,0,0.8,2.44,-0.254,4.5,0.18,2.95,0,0
5/21/2017,7.37709,81.10111,100.2,196.9,5.2,1.299,4.5,0.18,2.95,1,2.27
5/30/2017,7.37709,81.10111,24.6,60.7,3.71,0.187,4.5,0.18,2.95,0,0
11/4/2017,7.37709,81.10111,0.1,3.6,2.77,-0.219,4.5,0.18,2.95,0,0
11/7/2017,7.37709,81.10111,51,113.2,3.94,0.724,4.5,0.18,2.95,0,0
11/12/2017,7.37709,81.10111,7.5,31.9,2.64,-0.122,4.5,0.18,2.95,0,0
11/25/2017,7.37709,81.10111,3.2,12.5,2.57,0.121,4.5,0.18,2.95,0,0
12/1/2017,7.37709,81.10111,9.2,23.2,3.06,-0.084,4.5,0.18,2.95,0,0
5/11/2018,7.37709,81.10111,55.8,125.1,3.74,0.666,4.5,0.18,2.95,0,0
10/5/2018,7.37709,81.10111,127.5,256.4,5.71,1.644,4.5,0.18,2.95,1,2.41
12/12/2018,7.37709,81.10111,0,1.1,2.76,-0.192,4.5,0.18,2.95,0,0
12/16/2018,7.37709,81.10111,6.7,20.4,2.95,0.246,4.5,0.18,2.95,0,0
12/24/2018,7.37709,81.10111,3.2,16.7,2.48,-0.009,4.5,0.18,2.95,0,0
10/6/2019,7.37709,81.10111,5.7,15.5,2.42,0.216,4.5,0.18,2.95,0,0
10/26/2019,7.37709,81.10111,2.2,10.3,2.1,-0.108,4.5,0.18,2.95,0,0
10/29/2019,7.37709,81.10111,1.8,5.4,2.27,-0.164,4.5,0.18,2.95,0,0
11/29/2019,7.37709,81.10111,24.5,53.5,3.85,0.137,4.5,0.18,2.95,0,0
11/30/2019,7.37709,81.10111,2.7,23.8,2.04,-0.08,4.5,0.18,2.95,0,0
10/4/2020,7.37709,81.10111,0.6,1.9,3.09,-0.148,4.5,0.18,2.95,0,0
11/2/2020,7.37709,81.10111,5.4,11.8,2.26,-0.358,4.5,0.18,2.95,0,0
12/12/2020,7.37709,81.10111,0,0.1,2.12,-0.102,4.5,0.18,2.95,0,0
5/9/2021,7.37709,81.10111,3,9.8,3.03,-0.163,4.5,0.18,2.95,0,0
10/2/2021,7.37709,81.10111,0.8,16.8,2.91,-0.1,4.5,0.18,2.95,0,0
10/26/2021,7.37709,81.10111,0.2,1.9,2.94,-0.024,4.5,0.18,2.95,0,0
12/24/2021,7.37709,81.10111,7.5,25.3,2.49,0.122,4.5,0.18,2.95,0,0
5/28/2022,7.37709,81.10111,111.7,311.2,6.51,1.999,4.5,0.18,2.95,1,3.1
10/3/2022,7.37709,81.10111,1.4,4.2,2.79,-0.023,4.5,0.18,2.95,0,0
10/19/2022,7.37709,81.10111,0.3,5.8,2.12,-0.206,4.5,0.18,2.95,0,0
10/31/2022,7.37709,81.10111,1,2.9,1.97,-0.383,4.5,0.18,2.95,0,0
11/1/2022,7.37709,81.10111,2,11,2.79,-0.001,4.5,0.18,2.95,0,0
11/11/2022,7.37709,81.10111,1.4,4,2.64,-0.297,4.5,0.18,2.95,0,0
11/13/2022,7.37709,81.10111,0.1,3.1,2.62,-0.294,4.5,0.18,2.95,0,0
11/26/2022,7.37709,81.10111,53.1,136.3,4.24,0.5,4.5,0.18,2.95,0,0
5/15/2023,7.37709,81.10111,46.2,113.5,4.11,0.623,4.5,0.18,2.95,1,1.17
5/26/2023,7.37709,81.10111,5.2,17,2.39,0.034,4.5,0.18,2.95,0,0
11/6/2023,7.37709,81.10111,2.1,5.9,3.39,-0.35,4.5,0.18,2.95,0,0
11/21/2023,7.37709,81.10111,29.3,60.6,3.69,0.115,4.5,0.18,2.95,0,0
11/26/2023,7.37709,81.10111,8,23.7,3.04,0.018,4.5,0.18,2.95,0,0
5/11/2024,7.37709,81.10111,23.7,58,3.09,0.225,4.5,0.18,2.95,0,0
5/12/2024,7.37709,81.10111,0.5,1.8,2.19,0.032,4.5,0.18,2.95,0,0
11/8/2024,7.37709,81.10111,169.1,385.5,7.05,2.3,4.5,0.18,2.95,1,3.56
12/15/2024,7.37709,81.10111,1.3,9.6,2.15,0.024,4.5,0.18,2.95,0,0
10/9/2016,6.62882,81.2023,86.9,243.9,3.99,1.2,0.5,2.63,1.29,1,2.26
10/21/2016,6.62882,81.2023,103.1,235.6,3.8,1.428,0.5,2.63,1.29,1,2.28
11/16/2016,6.62882,81.2023,0.4,1.7,0.48,-0.367,0.5,2.63,1.29,0,0
11/19/2016,6.62882,81.2023,105.2,279.6,4.41,1.702,0.5,2.63,1.29,0,0
5/21/2017,6.62882,81.2023,17.6,43.9,1.23,0.137,0.5,2.63,1.29,0,0
5/30/2017,6.62882,81.2023,11,30.4,0.97,-0.042,0.5,2.63,1.29,0,0
11/4/2017,6.62882,81.2023,88.9,275.4,4.78,1.273,0.5,2.63,1.29,1,3.15
11/7/2017,6.62882,81.2023,5,18.4,1.14,-0.072,0.5,2.63,1.29,0,0
11/12/2017,6.62882,81.2023,9.4,24.2,0.87,-0.152,0.5,2.63,1.29,0,0
11/25/2017,6.62882,81.2023,79.2,141.1,2.37,1.053,0.5,2.63,1.29,0,0
12/1/2017,6.62882,81.2023,88.2,236.7,3.68,0.999,0.5,2.63,1.29,1,1.94
5/11/2018,6.62882,81.2023,86.1,263.1,4.01,1.492,0.5,2.63,1.29,1,2.47
10/5/2018,6.62882,81.2023,36.1,100.1,2.45,0.175,0.5,2.63,1.29,0,0
12/12/2018,6.62882,81.2023,95.4,224.8,4.05,1.288,0.5,2.63,1.29,1,2.38
12/16/2018,6.62882,81.2023,34,95.8,2.39,0.598,0.5,2.63,1.29,0,0
12/24/2018,6.62882,81.2023,0,10.3,0.69,-0.155,0.5,2.63,1.29,0,0
10/6/2019,6.62882,81.2023,0.6,4.1,1.26,-0.222,0.5,2.63,1.29,0,0
10/26/2019,6.62882,81.2023,166.9,322.1,4.56,2.219,0.5,2.63,1.29,1,2.91
10/29/2019,6.62882,81.2023,0.3,3.7,0.4,-0.09,0.5,2.63,1.29,0,0
11/29/2019,6.62882,81.2023,1.5,4.9,0.61,-0.266,0.5,2.63,1.29,0,0
11/30/2019,6.62882,81.2023,124.3,335.6,5.78,1.928,0.5,2.63,1.29,1,3.14
10/4/2020,6.62882,81.2023,25.5,61.8,1.8,0.315,0.5,2.63,1.29,0,0
11/2/2020,6.62882,81.2023,1.3,10.3,1.03,0.012,0.5,2.63,1.29,0,0
12/12/2020,6.62882,81.2023,1.1,3.7,0.69,-0.126,0.5,2.63,1.29,0,0
5/9/2021,6.62882,81.2023,0.4,3.5,1.12,-0.106,0.5,2.63,1.29,0,0
10/2/2021,6.62882,81.2023,1.8,10.8,1.04,-0.044,0.5,2.63,1.29,0,0
10/26/2021,6.62882,81.2023,1.8,5.8,1.1,-0.045,0.5,2.63,1.29,0,0
12/24/2021,6.62882,81.2023,8,24.5,1.32,0.239,0.5,2.63,1.29,0,0
5/28/2022,6.62882,81.2023,4.6,34.2,1.34,-0.127,0.5,2.63,1.29,0,0
10/3/2022,6.62882,81.2023,0.2,5.7,0.81,-0.013,0.5,2.63,1.29,0,0
10/19/2022,6.62882,81.2023,78.2,225.9,3.43,1.168,0.5,2.63,1.29,0,0
10/31/2022,6.62882,81.2023,96.5,188.8,2.25,1.185,0.5,2.63,1.29,1,1.8
11/1/2022,6.62882,81.2023,8.4,25,1.39,0.006,0.5,2.63,1.29,1,0.63
11/11/2022,6.62882,81.2023,2.5,9.1,0.85,-0.064,0.5,2.63,1.29,0,0
11/13/2022,6.62882,81.2023,0.3,1.8,1.69,-0.174,0.5,2.63,1.29,0,0
11/26/2022,6.62882,81.2023,150.4,359.1,4.83,2.143,0.5,2.63,1.29,1,2.74
5/15/2023,6.62882,81.2023,1.9,5.2,1.24,0.104,0.5,2.63,1.29,0,0
5/26/2023,6.62882,81.2023,158.4,406.9,5.75,2.3,0.5,2.63,1.29,1,3.23
11/6/2023,6.62882,81.2023,15.1,44.7,1.28,0.177,0.5,2.63,1.29,0,0
11/21/2023,6.62882,81.2023,0.3,3.2,0.63,-0.07,0.5,2.63,1.29,0,0
11/26/2023,6.62882,81.2023,1,4.2,1.17,-0.12,0.5,2.63,1.29,0,0
5/11/2024,6.62882,81.2023,89.9,241.8,3.65,1.346,0.5,2.63,1.29,1,2.12
5/12/2024,6.62882,81.2023,0.3,2,1.16,-0.225,0.5,2.63,1.29,0,0
11/8/2024,6.62882,81.2023,0.3,3.6,1.18,-0.041,0.5,2.63,1.29,0,0
12/15/2024,6.62882,81.2023,7.3,33.8,1.53,-0.022,0.5,2.63,1.29,0,0
10/9/2016,6.24207,81.53291,17.8,37.5,2.4,0.167,4.8,0.94,5.59,0,0
10/21/2016,6.24207,81.53291,3.6,9.9,1.87,-0.147,4.8,0.94,5.59,0,0
11/16/2016,6.24207,81.53291,34.6,84.5,2.64,0.588,4.8,0.94,5.59,0,0
11/19/2016,6.24207,81.53291,0.2,2.4,1.65,-0.264,4.8,0.94,5.59,0,0
5/21/2017,6.24207,81.53291,119.2,310.2,4.66,1.531,4.8,0.94,5.59,1,2.73
5/30/2017,6.24207,81.53291,0.1,1.4,1.51,-0.048,4.8,0.94,5.59,0,0
11/4/2017,6.24207,81.53291,0,4.3,1.68,0.107,4.8,0.94,5.59,0,0
11/7/2017,6.24207,81.53291,0.7,3.8,1.92,-0.128,4.8,0.94,5.59,0,0
11/12/2017,6.24207,81.53291,51.6,154.6,2.99,0.663,4.8,0.94,5.59,1,1.34
11/25/2017,6.24207,81.53291,3.3,14,2.26,-0.099,4.8,0.94,5.59,0,0
12/1/2017,6.24207,81.53291,6.8,19.3,1.6,-0.177,4.8,0.94,5.59,0,0
5/11/2018,6.24207,81.53291,1.2,3.8,1.4,-0.078,4.8,0.94,5.59,0,0
10/5/2018,6.24207,81.53291,67.5,184.2,4.43,1.019,4.8,0.94,5.59,1,1.98
12/12/2018,6.24207,81.53291,1,3.8,1.39,-0.076,4.8,0.94,5.59,0,0
12/16/2018,6.24207,81.53291,1,4.6,1.34,-0.136,4.8,0.94,5.59,0,0
12/24/2018,6.24207,81.53291,2.3,16.8,1.08,-0.072,4.8,0.94,5.59,0,0
10/6/2019,6.24207,81.53291,6,18.2,1.52,0.06,4.8,0.94,5.59,0,0
10/26/2019,6.24207,81.53291,0.7,2.1,1.2,-0.109,4.8,0.94,5.59,0,0
10/29/2019,6.24207,81.53291,0.8,6.6,1.1,-0.087,4.8,0.94,5.59,0,0
11/29/2019,6.24207,81.53291,6.1,25.9,1.96,-0.072,4.8,0.94,5.59,0,0
11/30/2019,6.24207,81.53291,0.2,0.6,1.15,0.001,4.8,0.94,5.59,0,0
10/4/2020,6.24207,81.53291,8.6,23.5,1.86,0.051,4.8,0.94,5.59,0,0
11/2/2020,6.24207,81.53291,7.1,12.2,2.14,-0.023,4.8,0.94,5.59,0,0
12/12/2020,6.24207,81.53291,2,12.3,1.38,-0.105,4.8,0.94,5.59,0,0
5/9/2021,6.24207,81.53291,4.9,13.4,1.89,-0.043,4.8,0.94,5.59,0,0
10/2/2021,6.24207,81.53291,6.5,14.7,1.44,0.033,4.8,0.94,5.59,0,0
10/26/2021,6.24207,81.53291,115,268.9,5.37,1.711,4.8,0.94,5.59,1,2.44
12/24/2021,6.24207,81.53291,1.1,4.9,1.41,-0.2,4.8,0.94,5.59,0,0
5/28/2022,6.24207,81.53291,3,10.6,1.36,-0.132,4.8,0.94,5.59,0,0
10/3/2022,6.24207,81.53291,4,11.9,2.41,-0.145,4.8,0.94,5.59,0,0
10/19/2022,6.24207,81.53291,5,14.5,1.4,-0.154,4.8,0.94,5.59,0,0
10/31/2022,6.24207,81.53291,3.5,12.8,1.15,-0.114,4.8,0.94,5.59,0,0
11/1/2022,6.24207,81.53291,0.6,15.2,2.01,-0.005,4.8,0.94,5.59,0,0
11/11/2022,6.24207,81.53291,0,9.8,1.88,-0.144,4.8,0.94,5.59,0,0
11/13/2022,6.24207,81.53291,0.3,8.2,1.88,-0.212,4.8,0.94,5.59,0,0
11/26/2022,6.24207,81.53291,0.9,2.4,1.5,-0.125,4.8,0.94,5.59,0,0
5/15/2023,6.24207,81.53291,7.3,21.1,1.84,0.05,4.8,0.94,5.59,0,0
5/26/2023,6.24207,81.53291,1.1,9.1,1.5,-0.177,4.8,0.94,5.59,0,0
11/6/2023,6.24207,81.53291,13.8,40.1,1.44,0.094,4.8,0.94,5.59,0,0
11/21/2023,6.24207,81.53291,0,2.4,1.42,-0.253,4.8,0.94,5.59,0,0
11/26/2023,6.24207,81.53291,2.8,7.9,1.41,-0.282,4.8,0.94,5.59,0,0
5/11/2024,6.24207,81.53291,1,17.9,2.16,-0.131,4.8,0.94,5.59,0,0
5/12/2024,6.24207,81.53291,5.9,14.3,1.82,-0.231,4.8,0.94,5.59,0,0
11/8/2024,6.24207,81.53291,2.8,10.7,1.09,0.223,4.8,0.94,5.59,0,0
12/15/2024,6.24207,81.53291,0.3,9.7,1.49,0.044,4.8,0.94,5.59,0,0
10/9/2016,8.33276,80.49271,49.1,156.5,3.88,0.705,23.9,3.22,1.79,0,0
10/21/2016,8.33276,80.49271,0,3.1,1.98,-0.138,23.9,3.22,1.79,0,0
11/16/2016,8.33276,80.49271,2.3,22.4,2,-0.097,23.9,3.22,1.79,0,0
11/19/2016,8.33276,80.49271,12.5,36,3.47,0.191,23.9,3.22,1.79,0,0
5/21/2017,8.33276,80.49271,0.1,4.7,2.08,-0.052,23.9,3.22,1.79,0,0
5/30/2017,8.33276,80.49271,78.8,233.2,5.1,1.16,23.9,3.22,1.79,1,2.47
11/4/2017,8.33276,80.49271,10.7,38.7,2.54,0.067,23.9,3.22,1.79,0,0
11/7/2017,8.33276,80.49271,15.3,49.6,2.17,0.164,23.9,3.22,1.79,0,0
11/12/2017,8.33276,80.49271,3.9,14.4,2.48,0.181,23.9,3.22,1.79,0,0
11/25/2017,8.33276,80.49271,0.3,1.3,2.64,-0.066,23.9,3.22,1.79,0,0
12/1/2017,8.33276,80.49271,0.1,1,2.67,-0.121,23.9,3.22,1.79,0,0
5/11/2018,8.33276,80.49271,3,6.8,2.8,-0.048,23.9,3.22,1.79,0,0
10/5/2018,8.33276,80.49271,5.2,19.3,2.58,0.109,23.9,3.22,1.79,0,0
12/12/2018,8.33276,80.49271,22.6,55.5,2.88,0.022,23.9,3.22,1.79,0,0
12/16/2018,8.33276,80.49271,3.7,10.9,2.14,0.038,23.9,3.22,1.79,0,0
12/24/2018,8.33276,80.49271,99.4,274.9,5.8,1.375,23.9,3.22,1.79,0,0
10/6/2019,8.33276,80.49271,20.7,63.4,3.16,0.083,23.9,3.22,1.79,0,0
10/26/2019,8.33276,80.49271,21.5,68.4,3.08,0.074,23.9,3.22,1.79,0,0
10/29/2019,8.33276,80.49271,24.1,56.7,3.06,0.178,23.9,3.22,1.79,0,0
11/29/2019,8.33276,80.49271,0.2,5,2.41,-0.201,23.9,3.22,1.79,0,0
11/30/2019,8.33276,80.49271,0.6,5.4,2.14,-0.048,23.9,3.22,1.79,0,0
10/4/2020,8.33276,80.49271,7.7,22.1,1.79,0.025,23.9,3.22,1.79,0,0
11/2/2020,8.33276,80.49271,5.4,19.4,2.53,0.129,23.9,3.22,1.79,0,0
12/12/2020,8.33276,80.49271,30.3,70.1,3,0.075,23.9,3.22,1.79,0,0
5/9/2021,8.33276,80.49271,51.8,128.3,3.4,0.613,23.9,3.22,1.79,1,0.98
10/2/2021,8.33276,80.49271,0.5,22.8,1.94,-0.03,23.9,3.22,1.79,0,0
10/26/2021,8.33276,80.49271,0.1,6.2,2.32,-0.15,23.9,3.22,1.79,0,0
12/24/2021,8.33276,80.49271,0.2,2,2.35,-0.308,23.9,3.22,1.79,0,0
5/28/2022,8.33276,80.49271,0.4,1.7,2.25,-0.133,23.9,3.22,1.79,0,0
10/3/2022,8.33276,80.49271,96.7,260,5.4,1.276,23.9,3.22,1.79,1,2.46
10/19/2022,8.33276,80.49271,3.2,12.3,2.6,-0.192,23.9,3.22,1.79,0,0
10/31/2022,8.33276,80.49271,11,26.5,2.76,0.071,23.9,3.22,1.79,0,0
11/1/2022,8.33276,80.49271,69,151.3,4.22,0.728,23.9,3.22,1.79,1,1.57
11/11/2022,8.33276,80.49271,5.1,12.4,1.78,-0.183,23.9,3.22,1.79,0,0
11/13/2022,8.33276,80.49271,15.1,41.9,2.49,0.208,23.9,3.22,1.79,0,0
11/26/2022,8.33276,80.49271,0.3,4.5,3.15,-0.227,23.9,3.22,1.79,0,0
5/15/2023,8.33276,80.49271,13.3,34.3,2.68,0.064,23.9,3.22,1.79,0,0
5/26/2023,8.33276,80.49271,1.2,6,2.13,-0.137,23.9,3.22,1.79,0,0
11/6/2023,8.33276,80.49271,0.5,8.4,2.54,-0.019,23.9,3.22,1.79,0,0
11/21/2023,8.33276,80.49271,2.5,10,2.32,-0.083,23.9,3.22,1.79,0,0
11/26/2023,8.33276,80.49271,0.6,5.9,2.18,-0.111,23.9,3.22,1.79,0,0
5/11/2024,8.33276,80.49271,54.3,116.1,4.32,0.731,23.9,3.22,1.79,1,1.58
5/12/2024,8.33276,80.49271,34,107.6,3.95,0.436,23.9,3.22,1.79,0,0
11/8/2024,8.33276,80.49271,0.1,0.4,2.71,-0.237,23.9,3.22,1.79,0,0
12/15/2024,8.33276,80.49271,0.8,2.7,1.94,-0.098,23.9,3.22,1.79,0,0
10/9/2016,8.34109,80.41963,88.4,237,3.83,1.251,0.5,0.15,9.65,0,0
10/21/2016,8.34109,80.41963,0.6,3.7,0.36,0.066,0.5,0.15,9.65,0,0
11/16/2016,8.34109,80.41963,9.9,27.4,1.73,-0.015,0.5,0.15,9.65,0,0
11/19/2016,8.34109,80.41963,5.9,42.1,2.29,0.342,0.5,0.15,9.65,0,0
5/21/2017,8.34109,80.41963,5.9,21.9,1.81,0.058,0.5,0.15,9.65,0,0
5/30/2017,8.34109,80.41963,1.2,3.4,1.38,-0.197,0.5,0.15,9.65,0,0
11/4/2017,8.34109,80.41963,10.6,26.2,1.59,0.054,0.5,0.15,9.65,0,0
11/7/2017,8.34109,80.41963,2.9,11.6,0.94,0.16,0.5,0.15,9.65,0,0
11/12/2017,8.34109,80.41963,2.7,30.2,1.13,-0.019,0.5,0.15,9.65,0,0
11/25/2017,8.34109,80.41963,18.5,46.1,1.75,0.224,0.5,0.15,9.65,0,0
12/1/2017,8.34109,80.41963,0.6,5.3,0.87,0.068,0.5,0.15,9.65,0,0
5/11/2018,8.34109,80.41963,22,55.6,1.31,0.245,0.5,0.15,9.65,0,0
10/5/2018,8.34109,80.41963,52.9,110.2,2.36,0.672,0.5,0.15,9.65,0,0
12/12/2018,8.34109,80.41963,1,3.4,1.24,0.007,0.5,0.15,9.65,0,0
12/16/2018,8.34109,80.41963,53.6,166.4,3.17,0.909,0.5,0.15,9.65,0,0
12/24/2018,8.34109,80.41963,1.5,10.7,2.26,-0.009,0.5,0.15,9.65,0,0
10/6/2019,8.34109,80.41963,0.4,12.1,1.21,-0.041,0.5,0.15,9.65,0,0
10/26/2019,8.34109,80.41963,4.7,12.6,1.14,0.029,0.5,0.15,9.65,0,0
10/29/2019,8.34109,80.41963,2.1,5.4,0.5,-0.305,0.5,0.15,9.65,0,0
11/29/2019,8.34109,80.41963,0.2,3.5,0.98,-0.046,0.5,0.15,9.65,0,0
11/30/2019,8.34109,80.41963,1.2,3.7,0.59,-0.228,0.5,0.15,9.65,0,0
10/4/2020,8.34109,80.41963,99.2,302.2,4.87,1.54,0.5,0.15,9.65,1,2.66
11/2/2020,8.34109,80.41963,74,200.6,3.48,1.194,0.5,0.15,9.65,0,0
12/12/2020,8.34109,80.41963,12.1,29.5,0.99,-0.03,0.5,0.15,9.65,0,0
5/9/2021,8.34109,80.41963,0.1,2.7,0.9,-0.256,0.5,0.15,9.65,0,0
10/2/2021,8.34109,80.41963,3.8,17.7,1.81,0.066,0.5,0.15,9.65,0,0
10/26/2021,8.34109,80.41963,6.5,31.1,1.06,-0.111,0.5,0.15,9.65,0,0
12/24/2021,8.34109,80.41963,3.5,8.3,0.93,-0.163,0.5,0.15,9.65,0,0
5/28/2022,8.34109,80.41963,0.4,1.4,1.07,0.049,0.5,0.15,9.65,0,0
10/3/2022,8.34109,80.41963,3.4,8.3,1.14,-0.179,0.5,0.15,9.65,0,0
10/19/2022,8.34109,80.41963,11.6,31.4,1.21,0.174,0.5,0.15,9.65,0,0
10/31/2022,8.34109,80.41963,2.1,7.7,0.54,-0.154,0.5,0.15,9.65,0,0
11/1/2022,8.34109,80.41963,17.5,57.2,1.99,0.025,0.5,0.15,9.65,0,0
11/11/2022,8.34109,80.41963,2.2,5.9,0.88,-0.191,0.5,0.15,9.65,0,0
11/13/2022,8.34109,80.41963,0.5,2.5,1.38,-0.243,0.5,0.15,9.65,0,0
11/26/2022,8.34109,80.41963,8.4,29.4,1.01,-0.012,0.5,0.15,9.65,0,0
5/15/2023,8.34109,80.41963,7.6,40.3,1.57,0.141,0.5,0.15,9.65,0,0
5/26/2023,8.34109,80.41963,47.9,113.4,2.14,0.643,0.5,0.15,9.65,0,0
11/6/2023,8.34109,80.41963,6.9,18.6,0.55,0.032,0.5,0.15,9.65,0,0
11/21/2023,8.34109,80.41963,44.4,110.6,2.19,0.818,0.5,0.15,9.65,0,0
11/26/2023,8.34109,80.41963,6.6,19.6,0.68,-0.003,0.5,0.15,9.65,0,0
5/11/2024,8.34109,80.41963,129.5,240.9,4.02,1.8,0.5,0.15,9.65,1,2.46
5/12/2024,8.34109,80.41963,0.8,9.6,0.76,-0.015,0.5,0.15,9.65,0,0
11/8/2024,8.34109,80.41963,32.5,70,1.32,0.352,0.5,0.15,9.65,0,0
12/15/2024,8.34109,80.41963,0.3,2.2,0.9,-0.186,0.5,0.15,9.65,0,0
10/9/2016,7.64606,81.14754,1.1,3,1.62,0.219,12,0.89,0.57,0,0
10/21/2016,7.64606,81.14754,0.6,2.6,1.39,-0.022,12,0.89,0.57,0,0
11/16/2016,7.64606,81.14754,86.8,160.8,3.38,0.885,12,0.89,0.57,0,0
11/19/2016,7.64606,81.14754,15.2,33.1,1.64,-0.017,12,0.89,0.57,0,0
5/21/2017,7.64606,81.14754,1.4,5.1,1.26,-0.171,12,0.89,0.57,0,0
5/30/2017,7.64606,81.14754,5.7,14.7,0.95,0.01,12,0.89,0.57,0,0
11/4/2017,7.64606,81.14754,6.6,12.3,1.19,0.193,12,0.89,0.57,0,0
11/7/2017,7.64606,81.14754,0.1,12.2,1.23,-0.077,12,0.89,0.57,0,0
11/12/2017,7.64606,81.14754,60,168.4,3.32,0.624,12,0.89,0.57,0,0
11/25/2017,7.64606,81.14754,1.8,11.8,1.84,-0.053,12,0.89,0.57,0,0
12/1/2017,7.64606,81.14754,0.5,5,2.06,-0.281,12,0.89,0.57,0,0
5/11/2018,7.64606,81.14754,63.7,150.3,3.2,0.796,12,0.89,0.57,0,0
10/5/2018,7.64606,81.14754,92.2,193.7,4.25,1.421,12,0.89,0.57,1,2.29
12/12/2018,7.64606,81.14754,13.2,37,1.74,0.141,12,0.89,0.57,0,0
12/16/2018,7.64606,81.14754,4,11.8,1.39,-0.154,12,0.89,0.57,1,0.16
12/24/2018,7.64606,81.14754,113.2,324.3,5.29,1.782,12,0.89,0.57,1,3.01
10/6/2019,7.64606,81.14754,1.6,4.5,1.11,-0.031,12,0.89,0.57,0,0
10/26/2019,7.64606,81.14754,28.3,65.3,2.24,0.338,12,0.89,0.57,1,0.74
10/29/2019,7.64606,81.14754,1.2,8.6,1.51,-0.104,12,0.89,0.57,0,0
11/29/2019,7.64606,81.14754,2.7,7.5,1.38,0.095,12,0.89,0.57,0,0
11/30/2019,7.64606,81.14754,166.4,337.2,4.94,2.091,12,0.89,0.57,1,2.99
10/4/2020,7.64606,81.14754,102,256.4,4.08,1.515,12,0.89,0.57,1,2.57
11/2/2020,7.64606,81.14754,5,18.6,1.99,-0.078,12,0.89,0.57,0,0
12/12/2020,7.64606,81.14754,13.3,43.9,1.93,0.023,12,0.89,0.57,0,0
5/9/2021,7.64606,81.14754,0,3.3,1.29,-0.186,12,0.89,0.57,0,0
10/2/2021,7.64606,81.14754,0.2,3.9,1.43,-0.316,12,0.89,0.57,0,0
10/26/2021,7.64606,81.14754,90.6,206.1,3.8,1.254,12,0.89,0.57,0,0
12/24/2021,7.64606,81.14754,87.3,233.6,3.74,1.362,12,0.89,0.57,1,2.32
5/28/2022,7.64606,81.14754,99.6,251.9,3.37,1.496,12,0.89,0.57,1,2.35
10/3/2022,7.64606,81.14754,3.1,14.6,1.41,-0.117,12,0.89,0.57,1,0.35
10/19/2022,7.64606,81.14754,132.6,351.9,5.64,2.022,12,0.89,0.57,1,3.47
10/31/2022,7.64606,81.14754,3.8,15.7,2.04,-0.101,12,0.89,0.57,0,0
11/1/2022,7.64606,81.14754,0.3,4.7,1.06,-0.131,12,0.89,0.57,0,0
11/11/2022,7.64606,81.14754,0.4,2.8,1.27,-0.162,12,0.89,0.57,0,0
11/13/2022,7.64606,81.14754,44.5,119.3,2.49,0.65,12,0.89,0.57,0,0
11/26/2022,7.64606,81.14754,0.3,1.5,1.04,-0.156,12,0.89,0.57,0,0
5/15/2023,7.64606,81.14754,0.9,5.3,2.01,-0.118,12,0.89,0.57,0,0
5/26/2023,7.64606,81.14754,0.2,8.1,0.75,-0.111,12,0.89,0.57,0,0
11/6/2023,7.64606,81.14754,3.1,12.5,1.44,-0.005,12,0.89,0.57,0,0
11/21/2023,7.64606,81.14754,59.9,146.6,2.79,0.808,12,0.89,0.57,0,0
11/26/2023,7.64606,81.14754,3,6.9,1.05,-0.113,12,0.89,0.57,0,0
5/11/2024,7.64606,81.14754,93.9,246.8,4.13,1.241,12,0.89,0.57,1,2.46
5/12/2024,7.64606,81.14754,0.4,1.2,1.43,-0.032,12,0.89,0.57,0,0
11/8/2024,7.64606,81.14754,7.1,22.6,2.16,0.052,12,0.89,0.57,0,0
12/15/2024,7.64606,81.14754,27.4,55.8,1.84,0.045,12,0.89,0.57,0,0
10/9/2016,6.88148,80.36345,2.6,13,0.22,-0.098,51.6,2.19,5.68,0,0
10/21/2016,6.88148,80.36345,39.3,93.1,1.86,0.522,51.6,2.19,5.68,0,0
11/16/2016,6.88148,80.36345,9.4,25.2,0.41,-0.095,51.6,2.19,5.68,0,0
11/19/2016,6.88148,80.36345,5,17.7,0.1,-0.051,51.6,2.19,5.68,0,0
5/21/2017,6.88148,80.36345,5.1,12.4,0.55,0.042,51.6,2.19,5.68,0,0
5/30/2017,6.88148,80.36345,0.7,2.2,0.06,-0.257,51.6,2.19,5.68,0,0
11/4/2017,6.88148,80.36345,0.1,4.9,0.11,-0.178,51.6,2.19,5.68,0,0
11/7/2017,6.88148,80.36345,2.5,8.3,0.73,-0.193,51.6,2.19,5.68,0,0
11/12/2017,6.88148,80.36345,0.7,2.4,0.05,-0.197,51.6,2.19,5.68,0,0
11/25/2017,6.88148,80.36345,2,11.3,0.42,-0.066,51.6,2.19,5.68,0,0
12/1/2017,6.88148,80.36345,2.2,16.1,0.33,-0.216,51.6,2.19,5.68,0,0
5/11/2018,6.88148,80.36345,3.7,9.7,0.58,-0.214,51.6,2.19,5.68,0,0
10/5/2018,6.88148,80.36345,5.5,18.1,0.22,-0.072,51.6,2.19,5.68,0,0
12/12/2018,6.88148,80.36345,1.1,7.4,0.69,-0.205,51.6,2.19,5.68,0,0
12/16/2018,6.88148,80.36345,0.6,10.3,0.88,0.03,51.6,2.19,5.68,0,0
12/24/2018,6.88148,80.36345,1.3,9.8,0.49,-0.025,51.6,2.19,5.68,0,0
10/6/2019,6.88148,80.36345,0,0.5,0.07,-0.02,51.6,2.19,5.68,0,0
10/26/2019,6.88148,80.36345,10.5,24.3,0.96,-0.169,51.6,2.19,5.68,0,0
10/29/2019,6.88148,80.36345,0.5,5.5,0.57,-0.09,51.6,2.19,5.68,0,0
11/29/2019,6.88148,80.36345,76.1,182.8,2.95,0.957,51.6,2.19,5.68,1,1.09
11/30/2019,6.88148,80.36345,0.7,5.6,0.84,0.208,51.6,2.19,5.68,0,0
10/4/2020,6.88148,80.36345,29.9,78.9,1.1,0.363,51.6,2.19,5.68,0,0
11/2/2020,6.88148,80.36345,0.3,1.8,0.9,-0.012,51.6,2.19,5.68,0,0
12/12/2020,6.88148,80.36345,5.3,17,0.24,0.033,51.6,2.19,5.68,0,0
5/9/2021,6.88148,80.36345,4.4,11.1,1.24,0.009,51.6,2.19,5.68,0,0
10/2/2021,6.88148,80.36345,7.1,21.9,1.28,0.163,51.6,2.19,5.68,0,0
10/26/2021,6.88148,80.36345,1.7,4.7,0.57,0.034,51.6,2.19,5.68,0,0
12/24/2021,6.88148,80.36345,6.4,19,0.6,-0.127,51.6,2.19,5.68,0,0
5/28/2022,6.88148,80.36345,0.7,2.1,0.34,0.115,51.6,2.19,5.68,0,0
10/3/2022,6.88148,80.36345,2.8,6.7,0.76,0.155,51.6,2.19,5.68,0,0
10/19/2022,6.88148,80.36345,4.6,9.5,0.53,0.042,51.6,2.19,5.68,0,0
10/31/2022,6.88148,80.36345,0,13.2,0.69,-0.04,51.6,2.19,5.68,0,0
11/1/2022,6.88148,80.36345,13.8,37.7,0.94,0.206,51.6,2.19,5.68,0,0
11/11/2022,6.88148,80.36345,3.7,20.4,0.75,-0.28,51.6,2.19,5.68,0,0
11/13/2022,6.88148,80.36345,0.8,9.2,0.57,-0.115,51.6,2.19,5.68,0,0
11/26/2022,6.88148,80.36345,1.1,7.4,0.49,0.04,51.6,2.19,5.68,0,0
5/15/2023,6.88148,80.36345,0.3,10.8,0.5,-0.126,51.6,2.19,5.68,0,0
5/26/2023,6.88148,80.36345,16.5,60.6,1.35,0.21,51.6,2.19,5.68,0,0
11/6/2023,6.88148,80.36345,0.9,14.7,0.19,-0.251,51.6,2.19,5.68,0,0
11/21/2023,6.88148,80.36345,34.7,74,1.2,0.476,51.6,2.19,5.68,0,0
11/26/2023,6.88148,80.36345,0,1.7,0.15,-0.26,51.6,2.19,5.68,0,0
5/11/2024,6.88148,80.36345,50.3,135.5,2.24,0.714,51.6,2.19,5.68,0,0
5/12/2024,6.88148,80.36345,90.2,244.1,3.13,1.444,51.6,2.19,5.68,0,0
11/8/2024,6.88148,80.36345,1.2,15.9,0.21,0.024,51.6,2.19,5.68,0,0
12/15/2024,6.88148,80.36345,0.5,6.5,0.7,-0.177,51.6,2.19,5.68,0,0
10/9/2016,6.90794,81.42536,0,2.2,1.32,-0.289,21.3,3.85,4.2,0,0
10/21/2016,6.90794,81.42536,5.9,19.6,2.27,0.212,21.3,3.85,4.2,0,0
11/16/2016,6.90794,81.42536,0.6,4.2,1.44,-0.103,21.3,3.85,4.2,0,0
11/19/2016,6.90794,81.42536,2.4,5.8,1.8,-0.151,21.3,3.85,4.2,0,0
5/21/2017,6.90794,81.42536,0.5,4,2.09,-0.138,21.3,3.85,4.2,0,0
5/30/2017,6.90794,81.42536,0.6,2.8,1.13,-0.093,21.3,3.85,4.2,0,0
11/4/2017,6.90794,81.42536,2.4,6.8,1.98,-0.309,21.3,3.85,4.2,0,0
11/7/2017,6.90794,81.42536,0.8,6.7,1.73,-0.085,21.3,3.85,4.2,0,0
11/12/2017,6.90794,81.42536,53.4,151.4,4.2,0.758,21.3,3.85,4.2,0,0
11/25/2017,6.90794,81.42536,1.3,3.7,2.02,0.015,21.3,3.85,4.2,0,0
12/1/2017,6.90794,81.42536,4.2,14.9,2.22,-0.109,21.3,3.85,4.2,0,0
5/11/2018,6.90794,81.42536,3.5,16.3,2.09,-0.063,21.3,3.85,4.2,0,0
10/5/2018,6.90794,81.42536,0.6,3.5,1.81,-0.167,21.3,3.85,4.2,0,0
12/12/2018,6.90794,81.42536,6.3,16.3,2.29,0.061,21.3,3.85,4.2,0,0
12/16/2018,6.90794,81.42536,3.7,9.2,1.88,-0.098,21.3,3.85,4.2,0,0
12/24/2018,6.90794,81.42536,8.1,19.6,2.22,-0.056,21.3,3.85,4.2,0,0
10/6/2019,6.90794,81.42536,5.2,12,1.53,-0.269,21.3,3.85,4.2,0,0
10/26/2019,6.90794,81.42536,3.3,6.6,1.32,0.059,21.3,3.85,4.2,0,0
10/29/2019,6.90794,81.42536,1.4,8.4,1.21,0,21.3,3.85,4.2,0,0
11/29/2019,6.90794,81.42536,5.4,14.1,1.65,0.173,21.3,3.85,4.2,0,0
11/30/2019,6.90794,81.42536,0,0.3,1.8,-0.068,21.3,3.85,4.2,0,0
10/4/2020,6.90794,81.42536,4.1,11,1.44,0.013,21.3,3.85,4.2,0,0
11/2/2020,6.90794,81.42536,7.1,32.9,2.27,-0.211,21.3,3.85,4.2,0,0
12/12/2020,6.90794,81.42536,1.9,6.3,1.88,-0.121,21.3,3.85,4.2,0,0
5/9/2021,6.90794,81.42536,61.3,187.8,3.37,0.964,21.3,3.85,4.2,0,0
10/2/2021,6.90794,81.42536,0.8,15.8,1.83,0.052,21.3,3.85,4.2,0,0
10/26/2021,6.90794,81.42536,4.1,12.2,1.65,-0.219,21.3,3.85,4.2,0,0
12/24/2021,6.90794,81.42536,8.7,22.7,2.01,0.107,21.3,3.85,4.2,0,0
5/28/2022,6.90794,81.42536,0.4,6.3,1.76,-0.014,21.3,3.85,4.2,0,0
10/3/2022,6.90794,81.42536,4.9,17.3,2.04,-0.075,21.3,3.85,4.2,0,0
10/19/2022,6.90794,81.42536,112,285.9,5.21,1.704,21.3,3.85,4.2,1,2.36
10/31/2022,6.90794,81.42536,0.7,8.5,1.45,-0.13,21.3,3.85,4.2,0,0
11/1/2022,6.90794,81.42536,18.1,37.6,1.69,0.161,21.3,3.85,4.2,0,0
11/11/2022,6.90794,81.42536,0.1,1.7,1.68,-0.129,21.3,3.85,4.2,0,0
11/13/2022,6.90794,81.42536,71.8,167.7,3.82,1.03,21.3,3.85,4.2,0,0
11/26/2022,6.90794,81.42536,13.6,36.4,2.47,-0.032,21.3,3.85,4.2,0,0
5/15/2023,6.90794,81.42536,70.4,205.4,4.49,1.083,21.3,3.85,4.2,0,0
5/26/2023,6.90794,81.42536,0.5,8.3,1.79,-0.079,21.3,3.85,4.2,0,0
11/6/2023,6.90794,81.42536,14,33.9,2.07,0.053,21.3,3.85,4.2,0,0
11/21/2023,6.90794,81.42536,15.6,41.2,2.43,0.035,21.3,3.85,4.2,0,0
11/26/2023,6.90794,81.42536,1.6,4.3,1.47,-0.067,21.3,3.85,4.2,0,0
5/11/2024,6.90794,81.42536,1.5,8.8,1.81,-0.142,21.3,3.85,4.2,0,0
5/12/2024,6.90794,81.42536,4.8,15.1,1.78,-0.021,21.3,3.85,4.2,1,0.17
11/8/2024,6.90794,81.42536,8.5,20.1,1.56,0.027,21.3,3.85,4.2,0,0
12/15/2024,6.90794,81.42536,6.4,31.1,1.78,0.019,21.3,3.85,4.2,0,0
10/9/2016,7.88748,81.29514,23.3,59.6,3.86,0.123,38.3,1.02,4.13,0,0
10/21/2016,7.88748,81.29514,6.8,16.7,2.64,-0.026,38.3,1.02,4.13,0,0
11/16/2016,7.88748,81.29514,2.1,7.8,2.67,-0.322,38.3,1.02,4.13,0,0
11/19/2016,7.88748,81.29514,0,7,2.42,-0.139,38.3,1.02,4.13,0,0
5/21/2017,7.88748,81.29514,22.6,50,4.06,0.396,38.3,1.02,4.13,0,0
5/30/2017,7.88748,81.29514,0.4,0.7,2.21,-0.121,38.3,1.02,4.13,0,0
11/4/2017,7.88748,81.29514,0,0.2,2.02,-0.273,38.3,1.02,4.13,0,0
11/7/2017,7.88748,81.29514,3.1,9.2,2.94,-0.087,38.3,1.02,4.13,0,0
11/12/2017,7.88748,81.29514,6.3,13.4,2.49,-0.143,38.3,1.02,4.13,0,0
11/25/2017,7.88748,81.29514,11.7,24.5,2.22,0.124,38.3,1.02,4.13,0,0
12/1/2017,7.88748,81.29514,0,2.4,2.62,-0.073,38.3,1.02,4.13,0,0
5/11/2018,7.88748,81.29514,2.2,7.8,2.77,-0.077,38.3,1.02,4.13,0,0
10/5/2018,7.88748,81.29514,64.8,137.4,4.1,0.703,38.3,1.02,4.13,0,0
12/12/2018,7.88748,81.29514,0.3,5,2.51,0.015,38.3,1.02,4.13,0,0
12/16/2018,7.88748,81.29514,2.6,14,2.6,0.121,38.3,1.02,4.13,0,0
12/24/2018,7.88748,81.29514,2.9,9.1,3.34,-0.307,38.3,1.02,4.13,0,0
10/6/2019,7.88748,81.29514,1.7,4.7,2.59,-0.229,38.3,1.02,4.13,0,0
10/26/2019,7.88748,81.29514,62.2,153.2,4.81,0.605,38.3,1.02,4.13,0,0
10/29/2019,7.88748,81.29514,0.2,2.1,2.6,-0.249,38.3,1.02,4.13,0,0
11/29/2019,7.88748,81.29514,2.6,12.2,2.67,-0.179,38.3,1.02,4.13,0,0
11/30/2019,7.88748,81.29514,22.7,70.9,3.04,0.137,38.3,1.02,4.13,0,0
10/4/2020,7.88748,81.29514,56.2,142.5,4.44,0.615,38.3,1.02,4.13,0,0
11/2/2020,7.88748,81.29514,7.4,15.8,2.8,-0.056,38.3,1.02,4.13,0,0
12/12/2020,7.88748,81.29514,0.1,0.5,3.23,-0.125,38.3,1.02,4.13,0,0
5/9/2021,7.88748,81.29514,0.3,1.8,2.48,-0.253,38.3,1.02,4.13,0,0
10/2/2021,7.88748,81.29514,15,55,2.86,0.13,38.3,1.02,4.13,0,0
10/26/2021,7.88748,81.29514,87.2,228.2,6.01,1.454,38.3,1.02,4.13,1,2.26
12/24/2021,7.88748,81.29514,0.5,7.1,3.29,0.051,38.3,1.02,4.13,0,0
5/28/2022,7.88748,81.29514,89.3,187.3,5.42,1.14,38.3,1.02,4.13,1,1.49
10/3/2022,7.88748,81.29514,28.4,53.7,3.18,0.214,38.3,1.02,4.13,0,0
10/19/2022,7.88748,81.29514,0.7,2.9,3.05,-0.058,38.3,1.02,4.13,0,0
10/31/2022,7.88748,81.29514,0.2,6.3,2.11,-0.11,38.3,1.02,4.13,0,0
11/1/2022,7.88748,81.29514,16.5,49.2,3.34,0.005,38.3,1.02,4.13,0,0
11/11/2022,7.88748,81.29514,51.8,162.5,4.37,0.565,38.3,1.02,4.13,0,0
11/13/2022,7.88748,81.29514,4.2,14,2.97,0.009,38.3,1.02,4.13,0,0
11/26/2022,7.88748,81.29514,0.7,3.1,2.32,-0.113,38.3,1.02,4.13,0,0
5/15/2023,7.88748,81.29514,147.6,349.8,7.17,2.25,38.3,1.02,4.13,1,3.26
5/26/2023,7.88748,81.29514,0.3,0.8,2.92,-0.092,38.3,1.02,4.13,0,0
11/6/2023,7.88748,81.29514,81,187.4,4.85,0.994,38.3,1.02,4.13,0,0
11/21/2023,7.88748,81.29514,1.6,4.1,2.31,0.192,38.3,1.02,4.13,0,0
11/26/2023,7.88748,81.29514,0.2,1.6,2.17,0.003,38.3,1.02,4.13,0,0
5/11/2024,7.88748,81.29514,3.6,18.8,3.19,0.011,38.3,1.02,4.13,0,0
5/12/2024,7.88748,81.29514,0.2,2.4,2.3,-0.109,38.3,1.02,4.13,0,0
11/8/2024,7.88748,81.29514,4.8,13.7,3.3,-0.087,38.3,1.02,4.13,0,0
12/15/2024,7.88748,81.29514,54.4,139.8,4.62,0.668,38.3,1.02,4.13,0,0
10/9/2016,8.33249,80.52219,0.1,15.4,1.62,-0.153,13.9,2.33,5.22,0,0
10/21/2016,8.33249,80.52219,1.6,4.1,1.71,-0.324,13.9,2.33,5.22,0,0
11/16/2016,8.33249,80.52219,1.7,4.8,1.72,-0.147,13.9,2.33,5.22,0,0
11/19/2016,8.33249,80.52219,54.5,137.3,2.73,0.702,13.9,2.33,5.22,0,0
5/21/2017,8.33249,80.52219,2.8,7.5,1.23,-0.035,13.9,2.33,5.22,0,0
5/30/2017,8.33249,80.52219,2.3,5.9,1.69,-0.137,13.9,2.33,5.22,0,0
11/4/2017,8.33249,80.52219,102.9,315.3,5.46,1.627,13.9,2.33,5.22,1,3.11
11/7/2017,8.33249,80.52219,43.5,112.9,3.17,0.503,13.9,2.33,5.22,0,0
11/12/2017,8.33249,80.52219,12.5,34.7,1.8,-0.079,13.9,2.33,5.22,0,0
11/25/2017,8.33249,80.52219,0.7,8.3,1.69,-0.072,13.9,2.33,5.22,0,0
12/1/2017,8.33249,80.52219,9.3,28.5,2.24,0.093,13.9,2.33,5.22,0,0
5/11/2018,8.33249,80.52219,138.3,357.9,5.67,2.111,13.9,2.33,5.22,1,2.9
10/5/2018,8.33249,80.52219,127.3,308.7,5.97,1.917,13.9,2.33,5.22,1,2.87
12/12/2018,8.33249,80.52219,42.7,109.1,2.87,0.617,13.9,2.33,5.22,0,0
12/16/2018,8.33249,80.52219,19.6,40.1,1.96,0.202,13.9,2.33,5.22,0,0
12/24/2018,8.33249,80.52219,2.1,5.2,2.43,-0.057,13.9,2.33,5.22,0,0
10/6/2019,8.33249,80.52219,1.8,5.4,1.61,-0.223,13.9,2.33,5.22,0,0
10/26/2019,8.33249,80.52219,1.6,10.8,2.04,0.043,13.9,2.33,5.22,0,0
10/29/2019,8.33249,80.52219,7.6,26.2,1.57,0.017,13.9,2.33,5.22,0,0
11/29/2019,8.33249,80.52219,219.8,696,9.2,2.3,13.9,2.33,5.22,1,3.8
11/30/2019,8.33249,80.52219,0.8,6.8,1.81,0.027,13.9,2.33,5.22,0,0
10/4/2020,8.33249,80.52219,59.1,159.8,3.88,0.637,13.9,2.33,5.22,0,0
11/2/2020,8.33249,80.52219,58.5,138,3.56,0.815,13.9,2.33,5.22,0,0
12/12/2020,8.33249,80.52219,128.9,309.9,5.01,1.889,13.9,2.33,5.22,1,2.58
5/9/2021,8.33249,80.52219,0.5,9.5,2.55,-0.098,13.9,2.33,5.22,0,0
10/2/2021,8.33249,80.52219,1.9,5.5,1.83,0.006,13.9,2.33,5.22,0,0
10/26/2021,8.33249,80.52219,1.9,6.1,2.15,-0.064,13.9,2.33,5.22,0,0
12/24/2021,8.33249,80.52219,57.5,161,3,0.499,13.9,2.33,5.22,0,0
5/28/2022,8.33249,80.52219,0.7,4.3,1.82,-0.044,13.9,2.33,5.22,0,0
10/3/2022,8.33249,80.52219,2.9,9.1,1.52,-0.094,13.9,2.33,5.22,0,0
10/19/2022,8.33249,80.52219,6.6,22.8,2.01,0.127,13.9,2.33,5.22,0,0
10/31/2022,8.33249,80.52219,72,151.2,3.65,0.831,13.9,2.33,5.22,1,1.34
11/1/2022,8.33249,80.52219,53.3,95,2.75,0.585,13.9,2.33,5.22,1,0.89
11/11/2022,8.33249,80.52219,6.3,20.4,2.27,0.152,13.9,2.33,5.22,0,0
11/13/2022,8.33249,80.52219,83.1,205.8,4.12,1.246,13.9,2.33,5.22,0,0
11/26/2022,8.33249,80.52219,5.2,14.2,1.63,0.111,13.9,2.33,5.22,0,0
5/15/2023,8.33249,80.52219,1.7,8.4,1.83,-0.157,13.9,2.33,5.22,0,0
5/26/2023,8.33249,80.52219,0.3,0.9,1.84,-0.189,13.9,2.33,5.22,0,0
11/6/2023,8.33249,80.52219,1.9,7,1.96,0.012,13.9,2.33,5.22,0,0
11/21/2023,8.33249,80.52219,0.2,5.7,1.83,-0.271,13.9,2.33,5.22,0,0
11/26/2023,8.33249,80.52219,15.9,34.5,2.39,0.143,13.9,2.33,5.22,0,0
5/11/2024,8.33249,80.52219,5.3,28.6,2.24,-0.039,13.9,2.33,5.22,0,0
5/12/2024,8.33249,80.52219,70.6,227.1,4.31,1.162,13.9,2.33,5.22,0,0
11/8/2024,8.33249,80.52219,125.4,248.2,4.44,1.65,13.9,2.33,5.22,1,2.38
12/15/2024,8.33249,80.52219,119.7,217.2,3.98,1.471,13.9,2.33,5.22,1,2
10/9/2016,8.30642,81.10157,0,0.6,2.49,-0.003,6.1,4.94,4.01,0,0
10/21/2016,8.30642,81.10157,0.1,4,3,-0.188,6.1,4.94,4.01,0,0
11/16/2016,8.30642,81.10157,3.5,19.6,2.86,0.004,6.1,4.94,4.01,0,0
11/19/2016,8.30642,81.10157,0,0.2,2.67,-0.307,6.1,4.94,4.01,0,0
5/21/2017,8.30642,81.10157,35.2,101.8,3.45,0.493,6.1,4.94,4.01,0,0
5/30/2017,8.30642,81.10157,0.3,3.7,3.35,-0.152,6.1,4.94,4.01,0,0
11/4/2017,8.30642,81.10157,73.3,194.8,5.12,1.069,6.1,4.94,4.01,0,0
11/7/2017,8.30642,81.10157,1.9,5.7,2.25,-0.126,6.1,4.94,4.01,0,0
11/12/2017,8.30642,81.10157,18.2,40.3,2.73,0.195,6.1,4.94,4.01,0,0
11/25/2017,8.30642,81.10157,1.5,5.3,2.85,-0.071,6.1,4.94,4.01,0,0
12/1/2017,8.30642,81.10157,7.1,27.7,3.13,0.111,6.1,4.94,4.01,0,0
5/11/2018,8.30642,81.10157,7.6,21.2,2.9,-0.017,6.1,4.94,4.01,0,0
10/5/2018,8.30642,81.10157,2.7,13.8,3.65,-0.44,6.1,4.94,4.01,0,0
12/12/2018,8.30642,81.10157,0.9,9.4,2.67,-0.114,6.1,4.94,4.01,0,0
12/16/2018,8.30642,81.10157,13.4,47.7,3.9,0.05,6.1,4.94,4.01,0,0
12/24/2018,8.30642,81.10157,2.1,7.5,2.58,-0.227,6.1,4.94,4.01,0,0
10/6/2019,8.30642,81.10157,3.3,11.1,2.55,-0.053,6.1,4.94,4.01,0,0
10/26/2019,8.30642,81.10157,0.4,8.5,2.57,-0.278,6.1,4.94,4.01,0,0
10/29/2019,8.30642,81.10157,15.6,29.3,2.61,0.063,6.1,4.94,4.01,0,0
11/29/2019,8.30642,81.10157,82.1,159.9,3.84,1.132,6.1,4.94,4.01,1,1.48
11/30/2019,8.30642,81.10157,6.7,31.5,3.24,-0.181,6.1,4.94,4.01,0,0
10/4/2020,8.30642,81.10157,2.7,9.7,2.74,-0.044,6.1,4.94,4.01,0,0
11/2/2020,8.30642,81.10157,0.4,1.2,3.04,-0.028,6.1,4.94,4.01,0,0
12/12/2020,8.30642,81.10157,61.4,115.5,3.97,0.879,6.1,4.94,4.01,1,1.26
5/9/2021,8.30642,81.10157,0.2,6.8,2.11,0.178,6.1,4.94,4.01,0,0
10/2/2021,8.30642,81.10157,0.2,2.3,2.44,-0.151,6.1,4.94,4.01,0,0
10/26/2021,8.30642,81.10157,57.7,103.9,3.82,0.778,6.1,4.94,4.01,1,1.53
12/24/2021,8.30642,81.10157,0,0.4,2.91,-0.1,6.1,4.94,4.01,0,0
5/28/2022,8.30642,81.10157,5.1,15.4,2.88,-0.106,6.1,4.94,4.01,0,0
10/3/2022,8.30642,81.10157,0.2,5.4,2.75,-0.115,6.1,4.94,4.01,0,0
10/19/2022,8.30642,81.10157,3.1,11.7,2.85,-0.227,6.1,4.94,4.01,0,0
10/31/2022,8.30642,81.10157,117.8,276.9,5.93,1.847,6.1,4.94,4.01,1,3.1
11/1/2022,8.30642,81.10157,0.7,2.7,2.35,-0.064,6.1,4.94,4.01,0,0
11/11/2022,8.30642,81.10157,3.9,11.6,3.35,-0.126,6.1,4.94,4.01,0,0
11/13/2022,8.30642,81.10157,1.5,3.3,2.56,-0.082,6.1,4.94,4.01,0,0
11/26/2022,8.30642,81.10157,34.4,71.7,3.26,0.275,6.1,4.94,4.01,0,0
5/15/2023,8.30642,81.10157,0,2.8,2.5,0.002,6.1,4.94,4.01,0,0
5/26/2023,8.30642,81.10157,0.1,1.7,2.48,-0.111,6.1,4.94,4.01,0,0
11/6/2023,8.30642,81.10157,3.5,13,2.94,-0.189,6.1,4.94,4.01,0,0
11/21/2023,8.30642,81.10157,55.7,139.6,3.96,0.7,6.1,4.94,4.01,0,0
11/26/2023,8.30642,81.10157,0.9,2.9,2.75,-0.078,6.1,4.94,4.01,0,0
5/11/2024,8.30642,81.10157,1.9,6.2,3.42,-0.236,6.1,4.94,4.01,0,0
5/12/2024,8.30642,81.10157,2.8,18.7,2.33,-0.284,6.1,4.94,4.01,0,0
11/8/2024,8.30642,81.10157,83,185.8,5.24,0.935,6.1,4.94,4.01,1,2.37
12/15/2024,8.30642,81.10157,50.7,143,4.72,0.667,6.1,4.94,4.01,0,0
10/9/2016,8.02768,81.10818,4.9,17.7,1.21,0.002,0.5,2.11,2.76,0,0
10/21/2016,8.02768,81.10818,0.3,2.3,0.46,-0.059,0.5,2.11,2.76,0,0
11/16/2016,8.02768,81.10818,1,7.3,1.35,0.024,0.5,2.11,2.76,0,0
11/19/2016,8.02768,81.10818,12.8,33.6,1.55,0.087,0.5,2.11,2.76,0,0
5/21/2017,8.02768,81.10818,9.6,21.7,1.95,0.071,0.5,2.11,2.76,0,0
5/30/2017,8.02768,81.10818,14,34.4,1.5,-0.044,0.5,2.11,2.76,0,0
11/4/2017,8.02768,81.10818,54.5,126.8,2.54,0.624,0.5,2.11,2.76,0,0
11/7/2017,8.02768,81.10818,0.3,7.5,1.24,-0.135,0.5,2.11,2.76,0,0
11/12/2017,8.02768,81.10818,85.4,205.3,3.81,1.175,0.5,2.11,2.76,1,2.51
11/25/2017,8.02768,81.10818,41.7,104.3,2.22,0.438,0.5,2.11,2.76,0,0
12/1/2017,8.02768,81.10818,1.4,3,1.38,-0.172,0.5,2.11,2.76,0,0
5/11/2018,8.02768,81.10818,1.7,5.8,1.39,-0.065,0.5,2.11,2.76,0,0
10/5/2018,8.02768,81.10818,49,130,2.88,0.579,0.5,2.11,2.76,0,0
12/12/2018,8.02768,81.10818,76.1,151.8,3.24,0.81,0.5,2.11,2.76,0,0
12/16/2018,8.02768,81.10818,1.8,22.6,0.94,-0.122,0.5,2.11,2.76,0,0
12/24/2018,8.02768,81.10818,1.9,6.1,0.83,-0.026,0.5,2.11,2.76,0,0
10/6/2019,8.02768,81.10818,11,27.1,0.89,0.1,0.5,2.11,2.76,0,0
10/26/2019,8.02768,81.10818,1,5.7,1.39,-0.072,0.5,2.11,2.76,0,0
10/29/2019,8.02768,81.10818,2,9.8,1.73,-0.039,0.5,2.11,2.76,0,0
11/29/2019,8.02768,81.10818,62.8,176.2,3.43,0.882,0.5,2.11,2.76,1,1.6
11/30/2019,8.02768,81.10818,49.5,125.3,2.41,0.654,0.5,2.11,2.76,0,0
10/4/2020,8.02768,81.10818,0.6,7.4,1.43,0.016,0.5,2.11,2.76,0,0
11/2/2020,8.02768,81.10818,1.2,7.9,1.15,-0.195,0.5,2.11,2.76,0,0
12/12/2020,8.02768,81.10818,8.3,24,1.56,0.018,0.5,2.11,2.76,0,0
5/9/2021,8.02768,81.10818,13.4,34.9,1.49,0.066,0.5,2.11,2.76,0,0
10/2/2021,8.02768,81.10818,61.8,120.3,2.89,0.747,0.5,2.11,2.76,0,0
10/26/2021,8.02768,81.10818,5.1,11.4,1.06,0.021,0.5,2.11,2.76,0,0
12/24/2021,8.02768,81.10818,117.8,257.3,3.71,1.596,0.5,2.11,2.76,1,2.59
5/28/2022,8.02768,81.10818,0.4,1.7,1.37,-0.006,0.5,2.11,2.76,0,0
10/3/2022,8.02768,81.10818,0.7,11,1.6,-0.077,0.5,2.11,2.76,0,0
10/19/2022,8.02768,81.10818,2.5,6.8,0.96,-0.122,0.5,2.11,2.76,0,0
10/31/2022,8.02768,81.10818,2.7,6.6,1.29,-0.104,0.5,2.11,2.76,0,0
11/1/2022,8.02768,81.10818,50.5,156.3,2.82,0.861,0.5,2.11,2.76,0,0
11/11/2022,8.02768,81.10818,32.4,76.7,2.55,0.498,0.5,2.11,2.76,0,0
11/13/2022,8.02768,81.10818,3.4,9.2,1.3,-0.195,0.5,2.11,2.76,0,0
11/26/2022,8.02768,81.10818,89.7,264,4.25,1.539,0.5,2.11,2.76,1,2.51
5/15/2023,8.02768,81.10818,0.1,1.7,1.01,0.096,0.5,2.11,2.76,0,0
5/26/2023,8.02768,81.10818,0,1.7,1.33,-0.292,0.5,2.11,2.76,0,0
11/6/2023,8.02768,81.10818,1.7,7.2,0.8,-0.056,0.5,2.11,2.76,0,0
11/21/2023,8.02768,81.10818,30.8,82.9,1.52,0.566,0.5,2.11,2.76,0,0
11/26/2023,8.02768,81.10818,0.1,1.9,1.64,0.091,0.5,2.11,2.76,0,0
5/11/2024,8.02768,81.10818,8.3,21.1,1.55,-0.018,0.5,2.11,2.76,0,0
5/12/2024,8.02768,81.10818,6,42.9,2.13,0.09,0.5,2.11,2.76,1,1.13
11/8/2024,8.02768,81.10818,4.1,10.2,1.85,0.053,0.5,2.11,2.76,0,0
12/15/2024,8.02768,81.10818,16.3,41,1.75,0.175,0.5,2.11,2.76,0,0
